job_key,reference,snapshot_date,title,company,category,seniority,city,remote,contract,salary_from,salary_to,posted
KZPNSWTZ-2026-08-08,KZPNSWTZ,2026-08-08,Senior Power Platform Deployment Manager,1dea,devops,Senior,Warszawa,True,b2b,31920.0,35280.0,2026-07-27
APPZ486Y-2026-08-08,APPZ486Y,2026-08-08,Data Architect,EcoVadis,data,Expert,Warszawa,True,permanent,30000.0,35000.0,2026-08-06
I6JIW3JN-2026-08-08,I6JIW3JN,2026-08-08,Tester Automatyzujący,Link Group,testing,Senior,Warszawa,False,b2b,16800.0,18480.0,2026-07-21
YTFWLPSD-2026-08-08,YTFWLPSD,2026-08-08,Remote Account Manager,Spribe OÜ,sales,Mid,,True,b2b,12903.0,17204.0,2026-08-03
WXWG7O8I-2026-08-08,WXWG7O8I,2026-08-08,Senior SRE,Link Group,devops,Senior,Warszawa,False,b2b,38640.0,43680.0,2026-08-03
QXV4MHVK-2026-08-08,QXV4MHVK,2026-08-08,Starszy Tester automatyzujący (Java) / Starsza Testerka automatyzująca (Java),ASTEK Polska,testing,Senior,Gdańsk,False,b2b,21000.0,23415.0,2026-07-14
9R6N3S1C-2026-08-08,9R6N3S1C,2026-08-08,Solution Data Architect,Link Group,architecture,Senior,,True,b2b,26880.0,28560.0,2026-07-21
6CUXPDEG-2026-08-08,6CUXPDEG,2026-08-08,Automation Test Lead – Data & Platform Engineering ,VIRTUSA,testing,Senior,,True,b2b,6720.0,8400.0,2026-07-27
VSWAC8J2-2026-08-08,VSWAC8J2,2026-08-08,Remote Business Development Manager,Spribe OÜ,sales,Senior,,True,b2b,21505.0,25806.0,2026-08-03
74CQVOPU-2026-08-08,74CQVOPU,2026-08-08,UI Frontend Engineer (React) ,eSkill,frontend,Mid,Kraków,True,b2b,18000.0,23000.0,2026-08-05
JPUO4A1N-2026-08-08,JPUO4A1N,2026-08-08,eDiscovery Specialist,Haleon Poland,security,Senior,Poznań,False,permanent,20472.0,28149.0,2026-08-06
RLVGWBY2-2026-08-08,RLVGWBY2,2026-08-08,Product Manager: Regulatory Tech,Haleon Poland,productManagement,Senior,Poznań,False,permanent,25055.0,34450.0,2026-08-06
U15NVDYX-2026-08-08,U15NVDYX,2026-08-08,Software Asset Management Expert,Haleon Poland,security,Senior,Poznań,False,permanent,20472.0,28149.0,2026-08-06
IPLNUELN-2026-08-08,IPLNUELN,2026-08-08,Solution Architect,Haleon Poland,architecture,Senior,Poznań,False,permanent,19892.0,27351.0,2026-08-06
MTIXIIJU-2026-08-08,MTIXIIJU,2026-08-08,Domain Architect - Commercial,Haleon Poland,architecture,Senior,Poznań,False,permanent,26512.0,36454.0,2026-08-06
AYLEAJNX-2026-08-08,AYLEAJNX,2026-08-08,Solution Architect - QSC,Haleon Poland,architecture,Senior,Poznań,False,permanent,19892.0,27351.0,2026-08-06
MCP4QSNE-2026-08-08,MCP4QSNE,2026-08-08,Domain Architect R&D and QSC,Haleon Poland,architecture,Senior,Poznań,False,permanent,26512.0,36454.0,2026-08-06
RNY7HSEQ-2026-08-08,RNY7HSEQ,2026-08-08,Solution Architect - R&D,Haleon Poland,architecture,Senior,Poznań,False,permanent,19892.0,27351.0,2026-08-06
HUB0VOUD-2026-08-08,HUB0VOUD,2026-08-08,OT Security Product Owner (Delivery Lead),Haleon Poland,productManagement,Senior,Poznań,False,permanent,27852.0,38296.0,2026-08-06
ENPJKISE-2026-08-08,ENPJKISE,2026-08-08,OT Cyber Security Engineer,Haleon Poland,security,Senior,Poznań,False,permanent,19656.0,27027.0,2026-08-06
UGK39DXZ-2026-08-08,UGK39DXZ,2026-08-08,OT Cyber Security Engineer,Haleon Poland,security,Senior,Poznań,False,permanent,13023.0,17907.0,2026-08-06
Z8FL72JK-2026-08-08,Z8FL72JK,2026-08-08,AI Product Manager,Link Group,productManagement,Senior,,True,b2b,25200.0,26880.0,2026-07-21
Q4ILJ6DF-2026-08-08,Q4ILJ6DF,2026-08-08,Cyber Security Engineer / Cyber tooling SME,Haleon Poland,security,Senior,Poznań,False,permanent,13223.0,18182.0,2026-08-06
VW8RHPMI-2026-08-08,VW8RHPMI,2026-08-08,Cyber Security Engineer / Cyber tooling SME,Haleon Poland,security,Senior,Poznań,False,permanent,20472.0,28149.0,2026-08-06
RDZUVZY3-2026-08-08,RDZUVZY3,2026-08-08,Product Manager,Connectis_,productManagement,Mid,Warszawa,True,b2b,17000.0,19500.0,2026-08-05
G80SYMET-2026-08-08,G80SYMET,2026-08-08,Data Engineer (Azure),Addepto,data,Mid,Warszawa,True,b2b,12600.0,21000.0,2026-08-03
QZBMPYSA-2026-08-08,QZBMPYSA,2026-08-08,.NET Backend Developer,Link Group,backend,Senior,Kraków,False,b2b,20160.0,22680.0,2026-07-21
KHCINVG5-2026-08-08,KHCINVG5,2026-08-08,Senior Platform Engineer (RedHat and Kubernetes),Motorola Solutions Systems Polska,devops,Senior,Kraków,False,permanent,17000.0,20000.0,2026-08-07
0L1DKUFK-2026-08-08,0L1DKUFK,2026-08-08,Senior Infrastructure Automation Engineer,Motorola Solutions Systems Polska,devops,Senior,Kraków,False,permanent,14000.0,19000.0,2026-07-17
GQYSV0VR-2026-08-08,GQYSV0VR,2026-08-08,Fullstack Engineer (C# / .NET / React),CodiLime,fullstack,Senior,Warszawa,True,b2b,16500.0,25000.0,2026-08-03
EUAXSZJL-2026-08-08,EUAXSZJL,2026-08-08,Senior DevOps Engineer,Profitroom,devops,Senior,Poznań,True,b2b,18700.0,26400.0,2026-07-15
50ERH0I8-2026-08-08,50ERH0I8,2026-08-08,Product Owner for DFT,Siemens Digital Industries Software,productManagement,Senior,Katowice,True,permanent,18243.0,24133.0,2026-08-03
A0AU6LID-2026-08-08,A0AU6LID,2026-08-08,Senior Software Engineer C/C++,Siemens Digital Industries Software,backend,Senior,Katowice,True,permanent,17266.0,29708.0,2026-08-03
XCTAJD3D-2026-08-08,XCTAJD3D,2026-08-08,Remote DevOps Tech Lead,Spribe OÜ,devops,Expert,Warszawa,True,b2b,38709.0,43010.0,2026-08-03
0CZPYUIS-2026-08-08,0CZPYUIS,2026-08-08,"Senior Mobile Full Stack Developer (iOS, Android, Spring Boot) - 0,5 FTE",Square One Resources,fullstack,Senior,Warszawa,True,b2b,21840.0,25200.0,2026-08-06
H9JLIWXV-2026-08-08,H9JLIWXV,2026-08-08,Data Catalog & Documentation Specialist,Square One Resources,data,Senior,Kraków,True,b2b,20160.0,24360.0,2026-08-07
KOYPNYYV-2026-08-08,KOYPNYYV,2026-08-08,AI Engineer (Senior),Scalo,artificialIntelligence,Senior,Warszawa,False,b2b,26880.0,28560.0,2026-07-17
HTQGVN6Y-2026-08-08,HTQGVN6Y,2026-08-08,Python Developer (Regular),Scalo,backend,Mid,Warszawa,False,b2b,17640.0,19320.0,2026-07-17
NXIFIHI1-2026-08-08,NXIFIHI1,2026-08-08,Cloud Solutions Architect,Scalo,other,Senior,Warszawa,True,b2b,26040.0,27720.0,2026-07-17
LNSWSYTS-2026-08-08,LNSWSYTS,2026-08-08,Senior Site Reliability Engineer,OneRail Poland Sp. z o.o.,devops,Senior,Kraków,False,b2b,28000.0,32000.0,2026-07-21
EHB594KH-2026-08-08,EHB594KH,2026-08-08,Senior Python Developer,Scalo,backend,Senior,,True,b2b,21840.0,26880.0,2026-07-17
VCRWXWKD-2026-08-08,VCRWXWKD,2026-08-08,Senior Business Analyst,Scalo,businessAnalyst,Senior,Warszawa,False,b2b,16800.0,18480.0,2026-07-17
7PUJXV1O-2026-08-08,7PUJXV1O,2026-08-08,Engineering Manager II,Box Inc.,fullstack,Senior,Wrocław,False,permanent,35000.0,43000.0,2026-08-03
ULJLH3KA-2026-08-08,ULJLH3KA,2026-08-08,Integration Developer (IBM Integration Bus / ESB),Scalo,other,Mid,Warszawa,False,b2b,15960.0,17640.0,2026-07-17
ZSTJRQQY-2026-08-08,ZSTJRQQY,2026-08-08,IT Client & Delivery Partner,iTeamly,hr,Senior,Kraków,True,b2b,11000.0,18000.0,2026-08-03
9OESWMQR-2026-08-08,9OESWMQR,2026-08-08,Senior Product Manager – AI Retail Platform,Winged IT,productManagement,Senior,,True,permanent,24633.0,32098.0,2026-08-03
CAQRKRCS-2026-08-08,CAQRKRCS,2026-08-08,Senior DevOps Engineer,OneRail Poland Sp. z o.o.,devops,Senior,Kraków,False,b2b,25000.0,30000.0,2026-07-21
BXR940KG-2026-08-08,BXR940KG,2026-08-08,"Senior Scala Engineer, Storage Platform",Box Inc.,backend,Senior,Warszawa,False,permanent,30000.0,39000.0,2026-08-03
M4LQBW72-2026-08-08,M4LQBW72,2026-08-08,Analityk Systemowy (Ekspert),Devire,businessAnalyst,Expert,,True,b2b,25200.0,27720.0,2026-07-21
T4D4KKLK-2026-08-08,T4D4KKLK,2026-08-08,Salesforce Developer,Devire,erp,Senior,,True,b2b,21840.0,26040.0,2026-07-27
81OHOJMN-2026-08-08,81OHOJMN,2026-08-08,Senior Java Developer,Devire,backend,Senior,,True,b2b,23520.0,26880.0,2026-07-21
PHV1PAPO-2026-08-08,PHV1PAPO,2026-08-08, Microsoft Intune Support Engineer (L1),iTeamly,support,Mid,Kraków,False,b2b,7000.0,13000.0,2026-08-03
SWQERB1P-2026-08-08,SWQERB1P,2026-08-08,Junior Embedded Software Designer,Devire,embedded,Junior,Warszawa,False,b2b,8000.0,13000.0,2026-07-27
HTDPGN8V-2026-08-08,HTDPGN8V,2026-08-08,Senior Fullstack Java/React  ,Iteamly,fullstack,Senior,Kraków,True,b2b,15000.0,23000.0,2026-08-05
SJBXMDIW-2026-08-08,SJBXMDIW,2026-08-08,Microsoft SQL Server Database Administrator,iTeamly,sysAdministrator,Mid,Kraków,False,b2b,7000.0,13000.0,2026-08-03
IRHGQOCI-2026-08-08,IRHGQOCI,2026-08-08,Software Engineer 1 (Java / Kotlin) Allegro Ads,Allegro sp. z o.o.,backend,Junior,Warszawa,False,permanent,11200.0,15250.0,2026-08-03
WMXZV4MO-2026-08-08,WMXZV4MO,2026-08-08,HR Administrator,Devire,hr,Junior,Kraków,False,b2b,9200.0,9800.0,2026-07-21
DE4R6GOU-2026-08-08,DE4R6GOU,2026-08-08,IT Security Support Engineer,iTeamly,support,Mid,Kraków,False,b2b,7000.0,13000.0,2026-08-03
2LJQ172B-2026-08-08,2LJQ172B,2026-08-08,Mid/Senior Symfony Developer | Legacy Modernization | Fluent English,Polcode,backend,Mid,Warszawa,True,b2b,13440.0,21840.0,2026-08-07
EWIUY4EF-2026-08-08,EWIUY4EF,2026-08-08,AI Enablement Specialist (German-speaking) | Enterprise SAP Transformation,Polcode,erp,Senior,Warszawa,True,b2b,16800.0,26880.0,2026-08-04
U7D4B3YE-2026-08-08,U7D4B3YE,2026-08-08,Azure AD Support Engineer,iTeamly,support,Junior,Kraków,False,b2b,7000.0,13000.0,2026-08-03
FGANLCV5-2026-08-08,FGANLCV5,2026-08-08,Fullstack Engineer (.NET + React),Verita HR,fullstack,Senior,Kraków,False,b2b,26000.0,32000.0,2026-08-07
YHVMCKR8-2026-08-08,YHVMCKR8,2026-08-08,Power BI Support Engineer,iTeamly,businessIntelligence,Mid,Kraków,False,b2b,7000.0,13000.0,2026-08-03
DTCSUH7Q-2026-08-08,DTCSUH7Q,2026-08-08,Senior GCP Cloud Platform Engineer,Upvanta,devops,Senior,,False,b2b,25200.0,35700.0,2026-08-07
ZG08Z8PN-2026-08-08,ZG08Z8PN,2026-08-08,Data Engineer - Microsoft Fabric,Angry Nerds,data,Senior,Wrocław,True,b2b,20160.0,25200.0,2026-07-21
5KJK4XZV-2026-08-08,5KJK4XZV,2026-08-08, Java Engineer – High‑Performance & Low‑Latency Systems,Verita HR,backend,Mid,Warszawa,False,b2b,20000.0,23000.0,2026-07-15
Q5AZ0RTT-2026-08-08,Q5AZ0RTT,2026-08-08,Customer Support with Greek | Remote within Poland,TP Poland Sp. z o.o.,customerService,Junior,Warszawa,True,zlecenie,7392.0,8232.0,2026-07-21
DMYBMHLY-2026-08-08,DMYBMHLY,2026-08-08,Vendor Management Analyst,Verita HR,projectManager,Senior,Kraków,False,b2b,18900.0,23100.0,2026-07-27
WY2XGAYT-2026-08-08,WY2XGAYT,2026-08-08,Customer Support with Norwegian | Remote within Poland,TP Poland Sp. z o.o.,customerService,Junior,Warszawa,True,zlecenie,8904.0,9744.0,2026-07-21
WCMQODNC-2026-08-08,WCMQODNC,2026-08-08,QA (Hardware),Link Group,testing,Mid,Warszawa,False,b2b,13000.0,15000.0,2026-07-15
FM2KOWRK-2026-08-08,FM2KOWRK,2026-08-08,Senior Fullstack Developer (C# and Angular),Link Group,fullstack,Senior,Warszawa,False,b2b,33600.0,36960.0,2026-07-21
DDFHPPVZ-2026-08-08,DDFHPPVZ,2026-08-08,Staż w Dziale HelpDesk,Ringier Axel Springer Tech,support,Trainee,Kraków,False,zlecenie,5400.0,5400.0,2026-08-07
SBKYATCW-2026-08-08,SBKYATCW,2026-08-08,AI Project Manager,Verita HR,projectManager,Senior,Kraków,False,b2b,23100.0,26250.0,2026-07-27
ZMWLVXGI-2026-08-08,ZMWLVXGI,2026-08-08,SAP SuccessFactors Employee Central Lead Consultant,Devire,erp,Senior,,True,b2b,47040.0,52080.0,2026-07-15
Q1N8VELP-2026-08-08,Q1N8VELP,2026-08-08,Customer Support Associate with Polish,TP Poland Sp. z o.o.,customerService,Junior,Kraków,False,zlecenie,5208.0,5544.0,2026-08-04
CPXM9UOB-2026-08-08,CPXM9UOB,2026-08-08,[Zdalnie] Konsultant w branży motoryzacyjnej z j. polskim,TP Poland Sp. z o.o.,customerService,Junior,Warszawa,True,zlecenie,5275.0,5275.0,2026-08-04
J1OWAZXV-2026-08-08,J1OWAZXV,2026-08-08,IT Client & Delivery Specialist,Braver IT S.A.,hr,Mid,Kraków,True,b2b,11000.0,18000.0,2026-08-05
GNR8C12P-2026-08-08,GNR8C12P,2026-08-08,Senior Data Engineer AI Focus,VIRTUSA,data,Senior,Kraków,True,b2b,25200.0,27720.0,2026-08-05
JYEKH2K3-2026-08-08,JYEKH2K3,2026-08-08,SAP SuccessFactors Talent Management Lead Consultant - Part-Time,Devire,erp,Senior,,True,b2b,35280.0,41160.0,2026-07-15
JUZAUILI-2026-08-08,JUZAUILI,2026-08-08,Obsługa klienta z branży motoryzacyjnej,TP Poland Sp. z o.o.,customerService,Junior,Poznań,False,zlecenie,5443.0,5443.0,2026-08-04
ZK8WLSRZ-2026-08-08,ZK8WLSRZ,2026-08-08,Geospatial Data Software Engineer (Regular/Senior),Spyrosoft,fullstack,Senior,Wrocław,True,b2b,11760.0,,2026-08-07
E09NWTH0-2026-08-08,E09NWTH0,2026-08-08,Specjalista/tka ds. Uczenia Maszynowego,Poznańskie Centrum Superkomputerowo - Sieciowe,artificialIntelligence,Mid,Poznań,False,permanent,10000.0,15000.0,2026-07-27
7ETBEM1J-2026-08-08,7ETBEM1J,2026-08-08, Remote Mid .NET Developer,Appstronauts,backend,Mid,Kraków,True,b2b,16800.0,25200.0,2026-08-05
QJ04PJAZ-2026-08-08,QJ04PJAZ,2026-08-08,FullStack Java Developer,"AVENGA (Agencja Pracy, nr KRAZ: 8448)",fullstack,Mid,Warszawa,False,b2b,20160.0,23352.0,2026-07-15
CDLBTLBE-2026-08-08,CDLBTLBE,2026-08-08,Młodszy Specjalista/tka ds. Uczenia Maszynowego,Poznańskie Centrum Superkomputerowo - Sieciowe,artificialIntelligence,Junior,Poznań,False,permanent,7000.0,10000.0,2026-07-27
WQWU70QY-2026-08-08,WQWU70QY,2026-08-08,Junior IT Headhunter,Braver IT S.A.,hr,Junior,Kraków,True,permanent,6000.0,10000.0,2026-08-04
AZ9CIZV7-2026-08-08,AZ9CIZV7,2026-08-08,Senior Quality Engineer - Aerospace Industry (f/m/x),Sii Polska,embedded,Senior,Kraków,False,b2b,16800.0,25200.0,2026-08-03
LTAOO2AL-2026-08-08,LTAOO2AL,2026-08-08,"SAP Consultant (SAP SD, MM And FI)",Square One Resources,erp,Senior,Warszawa,True,b2b,35280.0,38640.0,2026-08-04
AETQB9JT-2026-08-08,AETQB9JT,2026-08-08,Microsoft 365 Solution Architect,Link Group,architecture,Senior,,True,b2b,21840.0,25200.0,2026-07-27
1CZHUHQ9-2026-08-08,1CZHUHQ9,2026-08-08,Senior Product Owner / Product Manager – Microsoft Dynamics 365 Finance & Operations (D365 F&O Migration),Square One Resources,productManagement,Senior,Warszawa,True,b2b,23520.0,30240.0,2026-07-15
BZBZTJXG-2026-08-08,BZBZTJXG,2026-08-08,Virtual Environment Engineer,Square One Resources,embedded,Mid,Warszawa,True,b2b,18480.0,21840.0,2026-07-27
6JRV7AFF-2026-08-08,6JRV7AFF,2026-08-08,Senior AOSP Developer,Angry Nerds,mobile,Senior,Wrocław,True,b2b,21800.0,26800.0,2026-07-21
CE0MLYXS-2026-08-08,CE0MLYXS,2026-08-08,Senior Test Automation Engineer,Link Group,testing,Senior,Warszawa,False,b2b,33600.0,36960.0,2026-07-21
ZANLRE2U-2026-08-08,ZANLRE2U,2026-08-08,Site Reliability Engineer,Verita HR,devops,Senior,Kraków,False,b2b,26000.0,30000.0,2026-08-06
2YWKFSFY-2026-08-08,2YWKFSFY,2026-08-08, Assistant Category Manager,HSBC Technology Poland,officeAdministration,Senior,Kraków,False,permanent,14309.0,18000.0,2026-07-03
H084AXDL-2026-08-08,H084AXDL,2026-08-08,DevOps Engineer,Mindbox Sp. z o.o.,devops,Mid,Kraków,False,b2b,32550.0,38850.0,2026-07-27
NIZ2CXLJ-2026-08-08,NIZ2CXLJ,2026-08-08,IT Business Analyst (K/M),ASTEK Polska,businessAnalyst,Mid,Warszawa,False,b2b,18480.0,21000.0,2026-07-27
PK0BSPNJ-2026-08-08,PK0BSPNJ,2026-08-08,Full Stack .NET Developer,Harvey Nash Technology,fullstack,Senior,Warszawa,False,permanent,30000.0,35000.0,2026-08-05
PZHMBZI2-2026-08-08,PZHMBZI2,2026-08-08,Ekspert ds. Zarządzania Danymi (Data Governance Expert),Upvanta,data,Mid,Warszawa,False,b2b,27300.0,33600.0,2026-08-04
9JAC36IU-2026-08-08,9JAC36IU,2026-08-08,Senior Snowflake Engineer,ITFS Sp. z o.o.,data,Senior,Warszawa,True,b2b,28560.0,33600.0,2026-07-17
XYXEWDRL-2026-08-08,XYXEWDRL,2026-08-08,IT Business Analyst (K/M) K/M,ASTEK Polska,businessAnalyst,Mid,Warszawa,False,b2b,13000.0,14600.0,2026-07-27
FGLRRFB4-2026-08-08,FGLRRFB4,2026-08-08,Security Engineer,Mindbox Sp. z o.o.,security,Mid,Kraków,False,b2b,27300.0,34650.0,2026-08-06
JEAL1JGL-2026-08-08,JEAL1JGL,2026-08-08,Specialist Engineer,Mindbox Sp. z o.o.,backend,Mid,Kraków,False,b2b,27300.0,34650.0,2026-08-06
WWGLBI2H-2026-08-08,WWGLBI2H,2026-08-08,Product Manager (Identity),Tesco Technology,productManagement,Mid,Kraków,False,permanent,18000.0,24000.0,2026-08-03
JZSQRZWW-2026-08-08,JZSQRZWW,2026-08-08,Senior Technical Business Analyst ,Verita HR,businessAnalyst,Senior,Kraków,False,b2b,23520.0,30240.0,2026-08-03
FO2EXDO9-2026-08-08,FO2EXDO9,2026-08-08,DevOps Engineer (Platform Team - Customer APIs),Tesco Technology,devops,Mid,Kraków,False,permanent,20000.0,25000.0,2026-08-03
SYXL3TNC-2026-08-08,SYXL3TNC,2026-08-08,Network Specialist,Arche Solutions,sysAdministrator,Mid,Warszawa,False,b2b,26880.0,31080.0,2026-07-27
8OWJ17F7-2026-08-08,8OWJ17F7,2026-08-08,Senior Data Quality Engineer [M/F],Arche Solutions,data,Senior,,True,b2b,23520.0,27720.0,2026-08-06
PITX1NSX-2026-08-08,PITX1NSX,2026-08-08,Senior Data Architect – insurance (f/m/x),Sii Polska,architecture,Senior,Warszawa,False,b2b,25000.0,32000.0,2026-08-07
IQFSZB2M-2026-08-08,IQFSZB2M,2026-08-08,Software Engineer - Backend (Product Intelligence),Tesco Technology,backend,Mid,Kraków,False,permanent,20000.0,25000.0,2026-08-03
SQOXVNOS-2026-08-08,SQOXVNOS,2026-08-08,Credit Risk Senior Analyst,HSBC Technology Poland,finance,Senior,Kraków,False,permanent,11275.0,16908.0,2026-08-06
BEK9RZQI-2026-08-08,BEK9RZQI,2026-08-08,PMO / Project Manager,Devire,projectManager,Mid,,True,b2b,13440.0,16800.0,2026-08-03
R5KQWGKB-2026-08-08,R5KQWGKB,2026-08-08,Senior Product Manager (Colleague Facts – Enabling Functions),Tesco Technology,productManagement,Senior,Kraków,False,permanent,25000.0,32000.0,2026-08-03
XL9SJ7VU-2026-08-08,XL9SJ7VU,2026-08-08,Application Specialist Intern - Customer Data Management - TalentBank 2026,CommerzBank,data,Trainee,Łódź,False,zlecenie,5200.0,5200.0,2026-07-27
TX9RVTM4-2026-08-08,TX9RVTM4,2026-08-08,Senior IT Business Analyst,ING BANK ŚLĄSKI SPÓŁKA AKCYJNA,businessAnalyst,Senior,Katowice,False,permanent,17000.0,21000.0,2026-07-27
V6TAOVXQ-2026-08-08,V6TAOVXQ,2026-08-08,Database Administrator (PostgreSQL),Scalo,data,Mid,Warszawa,False,b2b,18480.0,20160.0,2026-08-03
AN1YXCNY-2026-08-08,AN1YXCNY,2026-08-08,Project Manager - Network Security,Mindbox Sp. z o.o.,projectManager,Mid,Kraków,False,b2b,25200.0,31500.0,2026-08-07
LEC7FULI-2026-08-08,LEC7FULI,2026-08-08,Principal Software Development Engineer (Enabling Functions - Colleague),Tesco Technology,frontend,Expert,Kraków,False,permanent,36000.0,47000.0,2026-08-03
KBJEHMDA-2026-08-08,KBJEHMDA,2026-08-08,Private Cloud PMO Officer,Mindbox Sp. z o.o.,data,Mid,Kraków,False,b2b,23100.0,28350.0,2026-08-07
RQGPSJA5-2026-08-08,RQGPSJA5,2026-08-08,Technical Project Leader,Scalo,projectManager,Senior,Wrocław,True,b2b,26880.0,28560.0,2026-08-03
X1KOJTYQ-2026-08-08,X1KOJTYQ,2026-08-08,Senior UX Researcher,Mindbox Sp. z o.o.,ux,Senior,,True,b2b,15750.0,18900.0,2026-08-07
0USZD9FU-2026-08-08,0USZD9FU,2026-08-08,Cybersecurity Specialist ,Toyota Digital HUB & SSC (TME NV/SA),security,Mid,Wrocław,False,permanent,12000.0,18000.0,2026-08-06
SEN7KQG4-2026-08-08,SEN7KQG4,2026-08-08,Java Developer,Harvey Nash Technology,backend,Senior,Warszawa,False,b2b,26880.0,33600.0,2026-07-27
YMRCV10U-2026-08-08,YMRCV10U,2026-08-08,AI Transformation Lead,Scalo,artificialIntelligence,Senior,Warszawa,False,b2b,30240.0,31920.0,2026-08-03
GAFKAN2J-2026-08-08,GAFKAN2J,2026-08-08,Senior Site Reliability Engineer [M/F],Arche Solutions,devops,Senior,,True,b2b,25200.0,30240.0,2026-08-06
BEJR0WI2-2026-08-08,BEJR0WI2,2026-08-08,Tester Mobilny,"AVENGA (Agencja Pracy, nr KRAZ: 8448)",testing,Mid,Kraków,False,b2b,16800.0,23520.0,2026-08-07
WQO2GHQW-2026-08-08,WQO2GHQW,2026-08-08,Product Manager,Arche Solutions,productManagement,Mid,Kraków,False,b2b,20160.0,22680.0,2026-07-21
YRXOZQAS-2026-08-08,YRXOZQAS,2026-08-08,Senior Go Developer [M/F],Arche Solutions,backend,Senior,,True,b2b,20160.0,25200.0,2026-07-15
PTVIWAIG-2026-08-08,PTVIWAIG,2026-08-08,Finnish -speaking Customer Service Consultant,TP Poland Sp. z o.o.,customerService,Junior,Warszawa,True,zlecenie,9240.0,10080.0,2026-08-03
VFQDEXQD-2026-08-08,VFQDEXQD,2026-08-08,Analityk biznesowy,"AVENGA (Agencja Pracy, nr KRAZ: 8448)",businessAnalyst,Senior,Warszawa,False,b2b,20160.0,23520.0,2026-08-07
HWZJ4XUG-2026-08-08,HWZJ4XUG,2026-08-08,Senior Product Analyst,Upvanta,productManagement,Senior,,True,b2b,24150.0,26880.0,2026-08-06
T6CJADBO-2026-08-08,T6CJADBO,2026-08-08,Calypso Developer,Scalo,backend,Senior,Warszawa,False,b2b,31920.0,33600.0,2026-08-03
AKU4MO6C-2026-08-08,AKU4MO6C,2026-08-08,Production Engineering Specialist,Mindbox Sp. z o.o.,backend,Mid,Kraków,False,b2b,22050.0,25200.0,2026-08-06
WFYCTYFC-2026-08-08,WFYCTYFC,2026-08-08,Automation Test Engineer,Mindbox Sp. z o.o.,testing,Junior,Kraków,False,b2b,32550.0,35700.0,2026-08-06
FPBSECAG-2026-08-08,FPBSECAG,2026-08-08,Automation Test Lead,Mindbox Sp. z o.o.,testing,Expert,Kraków,False,b2b,35700.0,38850.0,2026-08-06
Z8EHFHGO-2026-08-08,Z8EHFHGO,2026-08-08,Senior Developer Experience Engineer,Mindbox Sp. z o.o.,backend,Senior,Kraków,False,b2b,30450.0,33600.0,2026-07-15
RRO6K6U4-2026-08-08,RRO6K6U4,2026-08-08,Tester Automatyzujący (QA Automation),Upvanta,testing,Mid,,True,b2b,20160.0,23520.0,2026-08-06
P02TXHZR-2026-08-08,P02TXHZR,2026-08-08,Senior Data Architect - Semantics & Know,Bayer,data,Senior,Warszawa,False,permanent,20240.0,25300.0,2026-07-21
2ZT5JCPG-2026-08-08,2ZT5JCPG,2026-08-08,Android Developer,"AVENGA (Agencja Pracy, nr KRAZ: 8448)",mobile,Senior,Warszawa,False,b2b,21840.0,25200.0,2026-08-07
UBZPHK94-2026-08-08,UBZPHK94,2026-08-08,Business Analyst,Arche Solutions,businessAnalyst,Mid,Katowice,False,b2b,18480.0,21840.0,2026-07-21
SBHMOGAM-2026-08-08,SBHMOGAM,2026-08-08,"Senior Technical Analyst (m,k,n,)",Upvanta,support,Senior,,True,b2b,23100.0,26670.0,2026-08-06
UWI4JDWW-2026-08-08,UWI4JDWW,2026-08-08,Java Developer,Lingaro,backend,Senior,Warszawa,True,b2b,20160.0,25200.0,2026-08-06
Y0FVEIJW-2026-08-08,Y0FVEIJW,2026-08-08,Software Developer,David Ondrej,fullstack,Mid,Katowice,False,b2b,16500.0,16500.0,2026-08-05
STB5JAF2-2026-08-08,STB5JAF2,2026-08-08,"Senior Full Stack Developer (React, Java)",iTeamly,fullstack,Senior,Kraków,True,b2b,22000.0,32000.0,2026-07-17
JTMLE2E4-2026-08-08,JTMLE2E4,2026-08-08,Obsługa klienta z językiem polskim,TP Poland Sp. z o.o.,customerService,Junior,Warszawa,False,zlecenie,5275.0,5275.0,2026-08-07
CZB2GJQW-2026-08-08,CZB2GJQW,2026-08-08,Senior Power Platform Developer,"AVENGA (Agencja Pracy, nr KRAZ: 8448)",backend,Senior,Wrocław,False,b2b,24600.0,28600.0,2026-07-21
Z2U62V89-2026-08-08,Z2U62V89,2026-08-08,Salesforce Marketing Cloud Implementor,Matrix Global Services,erp,Mid,,True,b2b,12903.0,17204.0,2026-07-27
IOB2EYQK-2026-08-08,IOB2EYQK,2026-08-08,Embedded Developer with Linux,Aco sp. z o.o. sp. komandytowa,embedded,Mid,Suchy Las,False,b2b,9000.0,11000.0,2026-07-17
Z317YWN2-2026-08-08,Z317YWN2,2026-08-08,DevOps Engineering Manager (f/m/x),Sii Polska,devops,Senior,Kraków,False,permanent,20000.0,25000.0,2026-08-06
ZFL7CDL8-2026-08-08,ZFL7CDL8,2026-08-08,Senior Machine Learning Engineer,Scalo,artificialIntelligence,Senior,Warszawa,True,b2b,25200.0,28560.0,2026-07-17
G39HB4WR-2026-08-08,G39HB4WR,2026-08-08,IT Admin/Support (multi-cloud),Acaisoft Poland Sp. z o.o.,sysAdministrator,Mid,Warszawa,True,b2b,10920.0,12600.0,2026-07-27
PDFMBV1T-2026-08-08,PDFMBV1T,2026-08-08,Full Stack AI Engineer,Winged IT,fullstack,Senior,,True,b2b,24050.0,38850.0,2026-08-03
XDATCJSL-2026-08-08,XDATCJSL,2026-08-08, Payments Operation Specialist,HSBC Technology Poland,finance,Mid,Kraków,False,permanent,7592.0,9500.0,2026-08-05
I7YGLP8E-2026-08-08,I7YGLP8E,2026-08-08,[NO CV] Remote Executive Assistant and Researcher,Reef Assistants,officeAdministration,Mid,Warszawa,True,b2b,6720.0,9240.0,2026-07-17
YTUGR8C2-2026-08-08,YTUGR8C2,2026-08-08,Junior Influencer Marketing Manager,BLUEBINARY,marketing,Junior,Wrocław,True,b2b,5000.0,7000.0,2026-07-15
XV5ZQ2KY-2026-08-08,XV5ZQ2KY,2026-08-08,"Java Developer (Java 21, Spring Boot, AI)",j-labs software specialist,backend,Mid,Kraków,False,b2b,16800.0,21840.0,2026-08-05
OKBEMEHI-2026-08-08,OKBEMEHI,2026-08-08,QA engineer,Connectis_,testing,Mid,Warszawa,True,b2b,14000.0,17000.0,2026-08-07
6D2P2E5R-2026-08-08,6D2P2E5R,2026-08-08,IT Admin/Support (Azure),Acaisoft,sysAdministrator,Junior,Warszawa,True,b2b,7560.0,10920.0,2026-08-05
MFUULSVE-2026-08-08,MFUULSVE,2026-08-08,Senior Network Deployment Engineer,CodiLime,telecommunication,Senior,Warszawa,True,b2b,22000.0,26000.0,2026-08-06
C7F6TXOA-2026-08-08,C7F6TXOA,2026-08-08,Analityk/ka Systemowy/a,"AVENGA (Agencja Pracy, nr KRAZ: 8448)",businessAnalyst,Senior,Gdańsk,False,b2b,23520.0,26040.0,2026-08-05
66GWYA9D-2026-08-08,66GWYA9D,2026-08-08, Automation Tester,Connectis_,testing,Mid,Warszawa,True,b2b,19000.0,21500.0,2026-07-21
5WXSIINX-2026-08-08,5WXSIINX,2026-08-08,Senior Software Engineer (Java / Kotlin) - Product Page,Allegro sp. z o.o.,backend,Senior,Toruń,False,permanent,18850.0,25900.0,2026-08-06
C59A25TS-2026-08-08,C59A25TS,2026-08-08,Senior Azure Cloud Engineer,Mindbox Sp. z o.o.,devops,Senior,Kraków,False,b2b,35700.0,38850.0,2026-07-21
RF364SO2-2026-08-08,RF364SO2,2026-08-08,KYC Compliance,DCG,finance,Senior,Warszawa,False,b2b,13440.0,16800.0,2026-08-04
TJF4KQO5-2026-08-08,TJF4KQO5,2026-08-08,Azure Data Platform Engineer,Xebia sp. z o.o.,data,Senior,Warszawa,True,b2b,20160.0,30240.0,2026-08-03
74SZ7Z6F-2026-08-08,74SZ7Z6F,2026-08-08,Full-Stack Developer (TypeScript/React/Node.js),Action Gear Brands Sp. z o.o.,fullstack,Mid,Łódź,False,b2b,17000.0,21000.0,2026-08-06
R1XBMMGZ-2026-08-08,R1XBMMGZ,2026-08-08,Performance Test Engineer,Mindbox Sp. z o.o.,testing,Mid,Kraków,False,b2b,29400.0,35700.0,2026-07-21
Y9BNZT5Q-2026-08-08,Y9BNZT5Q,2026-08-08,Test Engineer,Mindbox Sp. z o.o.,testing,Mid,Kraków,False,b2b,27300.0,33600.0,2026-07-21
J2GAWD6Z-2026-08-08,J2GAWD6Z,2026-08-08,Junior IT Recruiter ,Acaisoft,hr,Junior,Warszawa,True,b2b,5000.0,6500.0,2026-08-05
SCIKH7RJ-2026-08-08,SCIKH7RJ,2026-08-08,Senior Embedded Firmware Engineer ,Upvanta,embedded,Senior,Wrocław,False,b2b,23520.0,23520.0,2026-08-03
DXW9C6EU-2026-08-08,DXW9C6EU,2026-08-08,Network Engineering Manager [M/F],Arche Solutions,sysAdministrator,Mid,Warszawa,False,b2b,23520.0,28560.0,2026-07-21
1KXH1C5T-2026-08-08,1KXH1C5T,2026-08-08,Ferryt Programista ,Upvanta,backend,Mid,,True,b2b,23100.0,24150.0,2026-08-03
BSQAXZ4W-2026-08-08,BSQAXZ4W,2026-08-08,Front-End Developer,PR Talent,frontend,Mid,Katowice,True,b2b,13440.0,15960.0,2026-07-21
Y81IFTKD-2026-08-08,Y81IFTKD,2026-08-08,Senior C# Developer,Xopero Software,backend,Senior,Gorzów Wielkopolski,True,b2b,20160.0,23520.0,2026-08-04
B2Q3VJEW-2026-08-08,B2Q3VJEW,2026-08-08,Delivery Lead/ Manager,Link Group,projectManager,Senior,,True,b2b,26040.0,27720.0,2026-08-03
QIVRLGBL-2026-08-08,QIVRLGBL,2026-08-08,Test Automation Engineer,Moondigo Sp. z o.o.,testing,Senior,Białystok,True,b2b,18480.0,25200.0,2026-08-03
ZIBRSCAL-2026-08-08,ZIBRSCAL,2026-08-08,Senior AI Engineer,Bayer,artificialIntelligence,Senior,Warszawa,False,permanent,20240.0,25300.0,2026-08-03
QYX2KQIW-2026-08-08,QYX2KQIW,2026-08-08,Senior Python Test Engineer,iTeamly,testing,Senior,Kraków,False,permanent,16000.0,22500.0,2026-08-03
MIGGA94X-2026-08-08,MIGGA94X,2026-08-08,Leading D365 Technical Consultant (f/m/x),Sii Polska,erp,Senior,Kraków,True,b2b,26880.0,30240.0,2026-08-04
Z3HAMUKJ-2026-08-08,Z3HAMUKJ,2026-08-08,Cybersecurity Senior Software Engineer,ESET,backend,Senior,Kraków,False,permanent,18000.0,22000.0,2026-08-06
5JVOCPTS-2026-08-08,5JVOCPTS,2026-08-08,Technical Business Analyst,Ework Group,businessAnalyst,Senior,Wrocław,False,b2b,23520.0,26880.0,2026-08-03
1OW4CKQR-2026-08-08,1OW4CKQR,2026-08-08,Azure AI Senior Full Stack Developer,Link Group,artificialIntelligence,Senior,,True,b2b,23520.0,26040.0,2026-08-03
FATKO2EM-2026-08-08,FATKO2EM,2026-08-08,Technical Product Owner (Boomi),Upvanta,productManagement,Mid,,True,b2b,31500.0,33600.0,2026-08-03
NTYHXNF2-2026-08-08,NTYHXNF2,2026-08-08,Senior AI Full Stack Engineer (Python & Azure AI),Link Group,artificialIntelligence,Senior,,True,b2b,23520.0,26040.0,2026-08-03
4YPNLRUD-2026-08-08,4YPNLRUD,2026-08-08,SAP CO Consultant (IM / RE-FX / Controlling – Retail),Spyrosoft,erp,Senior,Wrocław,True,b2b,25200.0,33600.0,2026-07-15
DPU394S6-2026-08-08,DPU394S6,2026-08-08,Infrastructure Engineer - Ruby on Rails/AWS/Kubernetes,Square One Resources,devops,Senior,Warszawa,True,b2b,23520.0,26880.0,2026-08-06
URATSKDS-2026-08-08,URATSKDS,2026-08-08,Lead Data Scientist / ML Engineer,Addepto,artificialIntelligence,Senior,Warszawa,True,b2b,19320.0,28560.0,2026-08-05
BCR75VVQ-2026-08-08,BCR75VVQ,2026-08-08,HSBCJP00058469 (Cybersecurity) Security Engineer,Antal,security,Senior,Kraków,False,b2b,30240.0,36960.0,2026-08-07
5GQ2QBT6-2026-08-08,5GQ2QBT6,2026-08-08,Senior GCP DevOps Engineer (Enterprise Solutions),Upvanta,devops,Senior,,False,b2b,28560.0,36960.0,2026-08-07
EVKVFC2A-2026-08-08,EVKVFC2A,2026-08-08,.NET Developer [M/F],Arche Solutions,backend,Mid,,True,b2b,20160.0,25200.0,2026-08-05
FZ6SBNKZ-2026-08-08,FZ6SBNKZ,2026-08-08,"Senior AI Engineer (LLMs, Python)",Addepto,artificialIntelligence,Senior,Warszawa,True,b2b,19320.0,25200.0,2026-08-05
3BMXLRYZ-2026-08-08,3BMXLRYZ,2026-08-08,DevOps Engineer – Payments Platform & Technology Controls,Mindbox Sp. z o.o.,devops,Mid,Kraków,False,b2b,27300.0,31500.0,2026-08-04
IJOZK4PM-2026-08-08,IJOZK4PM,2026-08-08,Vulnerability Response Senior SME,Mindbox Sp. z o.o.,security,Senior,Kraków,False,b2b,29400.0,32550.0,2026-08-04
HSE8NGFE-2026-08-08,HSE8NGFE,2026-08-08,Senior Data Scientist / ML Engineer,Addepto,artificialIntelligence,Senior,Warszawa,True,b2b,19320.0,25200.0,2026-08-05
HQRMKQWX-2026-08-08,HQRMKQWX,2026-08-08,Vendor Manager,Mindbox Sp. z o.o.,officeAdministration,Mid,Kraków,False,b2b,21000.0,27300.0,2026-08-04
B9BCRMPL-2026-08-08,B9BCRMPL,2026-08-08,Senior Data Scientist / Tech Lead,Addepto,artificialIntelligence,Senior,Warszawa,True,b2b,19320.0,28560.0,2026-08-05
U4EU5UQP-2026-08-08,U4EU5UQP,2026-08-08,Fullstack Java Developer,apreel Sp. z o.o.,fullstack,Mid,Warszawa,False,b2b,23520.0,26880.0,2026-08-07
LPAOSZX8-2026-08-08,LPAOSZX8,2026-08-08,Data Scientist / ML Engineer,Addepto,artificialIntelligence,Mid,Warszawa,True,b2b,12600.0,19320.0,2026-08-05
X6SAYX5Q-2026-08-08,X6SAYX5Q,2026-08-08,"AI Engineer (LLMs, Python)",Addepto,artificialIntelligence,Mid,Warszawa,True,b2b,12600.0,19320.0,2026-08-05
JLBHDWCL-2026-08-08,JLBHDWCL,2026-08-08,Data Product Analyst (Snowflake),Connectis_,businessIntelligence,Senior,Warszawa,True,b2b,29500.0,34500.0,2026-08-07
HUBVFVNV-2026-08-08,HUBVFVNV,2026-08-08,AI Consultant (GenAI & Automation) – SAP Environment | German Speaking,Square One Resources,artificialIntelligence,Senior,,True,b2b,23520.0,31920.0,2026-08-04
FPDYQHCZ-2026-08-08,FPDYQHCZ,2026-08-08,Senior Fullstack .NET Developer,"AVENGA (Agencja Pracy, nr KRAZ: 8448)",fullstack,Senior,Wrocław,False,b2b,25200.0,30240.0,2026-07-15
ZE3CEFOC-2026-08-08,ZE3CEFOC,2026-08-08,Data and Software Engineer (API),Acaisoft Poland Sp. z o.o.,data,Senior,Warszawa,True,b2b,25200.0,31920.0,2026-07-21
ERTCS3ZH-2026-08-08,ERTCS3ZH,2026-08-08,Frontend Developer (Angular),Connectis_,frontend,Senior,Warszawa,True,b2b,19320.0,22512.0,2026-07-27
LLGW4WJ7-2026-08-08,LLGW4WJ7,2026-08-08,E2E Software Test Engineer,Antal,testing,Senior,Wrocław,False,b2b,13440.0,18480.0,2026-08-07
ADEY3ZMD-2026-08-08,ADEY3ZMD,2026-08-08,Staff Software Engineer,Kontakt.io,backend,Expert,Kraków,False,b2b,31920.0,36960.0,2026-07-17
2N0NNKMD-2026-08-08,2N0NNKMD,2026-08-08,Architekt Systemowy (branża ubezpieczeniowa),Antal,architecture,Senior,Warszawa,False,b2b,25200.0,33600.0,2026-08-07
YM0TOQYD-2026-08-08,YM0TOQYD,2026-08-08,Junior React Developer,EndySoft,frontend,Junior,Katowice,False,b2b,7000.0,7000.0,2026-08-05
UUBLLKCW-2026-08-08,UUBLLKCW,2026-08-08,QA Architect [M/F],Arche Solutions,testing,Mid,,True,b2b,25200.0,27720.0,2026-07-30
5ZKDUYYY-2026-08-08,5ZKDUYYY,2026-08-08,Cobol Developer,Connectis_,backend,Mid,Warszawa,False,b2b,23000.0,27000.0,2026-08-04
0JCFUJKZ-2026-08-08,0JCFUJKZ,2026-08-08,Senior Platform Engineer - Allegro Pay,Grupa Allegro Sp. z o. o.,devops,Senior,Warszawa,False,permanent,20500.0,27250.0,2026-08-05
HUFNPKHB-2026-08-08,HUFNPKHB,2026-08-08,Senior DevOps Engineer,CSHARK Sp. z o.o.,devops,Senior,,True,b2b,26880.0,30240.0,2026-08-05
JFWDLTFF-2026-08-08,JFWDLTFF,2026-08-08,UI/Visual Designer,Motorola Solutions Systems Polska,ux,Senior,Kraków,False,permanent,15000.0,18000.0,2026-08-06
NYVKA8UG-2026-08-08,NYVKA8UG,2026-08-08,Analityk Biznesowy / Analityczka Biznesowa,DCG,businessAnalyst,Senior,Warszawa,False,b2b,19320.0,21000.0,2026-07-21
BI51D2GJ-2026-08-08,BI51D2GJ,2026-08-08,C++ Developer,OpenVPN,backend,Senior,,True,b2b,22394.0,33591.0,2026-08-08
3Y6D5CDQ-2026-08-08,3Y6D5CDQ,2026-08-08,AI/ML Engineer,Connectis_,artificialIntelligence,Mid,Warszawa,True,b2b,26880.0,31920.0,2026-08-04
QVYXPRA2-2026-08-08,QVYXPRA2,2026-08-08,Cobol Software Engineer,Devire,other,Senior,Warszawa,False,b2b,26880.0,31920.0,2026-08-03
APMQMWBP-2026-08-08,APMQMWBP,2026-08-08,Senior Software Engineer - Frontend (Enabling Functions - Colleague),Tesco Technology,frontend,Senior,Kraków,False,permanent,26000.0,33000.0,2026-08-06
NQWMKHJA-2026-08-08,NQWMKHJA,2026-08-08,Accountant,Devire,finance,Mid,Poznań,False,permanent,10000.0,12000.0,2026-08-03
8JSGPYIZ-2026-08-08,8JSGPYIZ,2026-08-08,Technical SME / AI Lead Developer,Mindbox Sp. z o.o.,artificialIntelligence,Expert,Kraków,False,b2b,35700.0,38850.0,2026-08-06
DWMSAOZ8-2026-08-08,DWMSAOZ8,2026-08-08,Senior .NET Developer,Devire,backend,Senior,,True,b2b,23520.0,26880.0,2026-08-03
KGEFDU6Q-2026-08-08,KGEFDU6Q,2026-08-08,Młodszy/a Specjalista/ka ds. SQL i Danych,Action Gear Brands Sp. z o.o.,data,Junior,Łódź,False,permanent,7000.0,11000.0,2026-08-06
IGUU5VN4-2026-08-08,IGUU5VN4,2026-08-08,Operator Maszyn Przeładunkowych (K/M),JOBS LINK,logistics,Mid,Warszawa,False,permanent,11000.0,13000.0,2026-08-03
33ZTRGAO-2026-08-08,33ZTRGAO,2026-08-08,Senior Android Developer,Avenga,mobile,Senior,Warszawa,True,b2b,21840.0,28560.0,2026-07-21
LXQUFKYZ-2026-08-08,LXQUFKYZ,2026-08-08,Security Monitoring Platform Developer (Azure Developer) ,Bayer,security,Mid,Warszawa,False,permanent,15360.0,19200.0,2026-07-27
0GZWM0X1-2026-08-08,0GZWM0X1,2026-08-08,Data Modeller,Mindbox Sp. z o.o.,data,Mid,Kraków,False,b2b,21000.0,24150.0,2026-07-15
TYGZ7EFU-2026-08-08,TYGZ7EFU,2026-08-08,Engineering Uplift Lead,Verita HR,devops,Expert,Kraków,False,b2b,25200.0,31920.0,2026-07-15
LOVID25Z-2026-08-08,LOVID25Z,2026-08-08,Senior Java Developer,Square One Resources,backend,Expert,,True,b2b,26880.0,36960.0,2026-07-27
KCZFUPQQ-2026-08-08,KCZFUPQQ,2026-08-08,Software Engineer 1 (Java / Kotlin) - Allegro Ads,Allegro sp. z o.o.,backend,Junior,Poznań,False,permanent,11200.0,15250.0,2026-08-04
YTOYEAWZ-2026-08-08,YTOYEAWZ,2026-08-08,Magento Adobe Commerce Full Stack Developer,Winged IT,fullstack,Mid,Bielsko-Biała,True,permanent,18000.0,23000.0,2026-08-07
A6UVEW9P-2026-08-08,A6UVEW9P,2026-08-08,Senior Full-Stack Developer (.NET) – Remote,Nettify,fullstack,Senior,,True,b2b,19354.0,23655.0,2026-06-25
D5IGHDTV-2026-08-08,D5IGHDTV,2026-08-08,QA Engineer - Mobile & Web,Square One Resources,testing,Senior,Warszawa,False,b2b,13440.0,21000.0,2026-08-07
ZIOVINIR-2026-08-08,ZIOVINIR,2026-08-08,IT Business Analyst (Workday),Square One Resources,businessAnalyst,Mid,,True,b2b,13440.0,20160.0,2026-08-03
ZZEEPFGF-2026-08-08,ZZEEPFGF,2026-08-08,Senior QA Engineer,Focal Systems,testing,Senior,,True,b2b,22625.0,28600.0,2026-07-17
HBVYTAFO-2026-08-08,HBVYTAFO,2026-08-08,Fullstack Developer (.NET + React),Scalo,fullstack,Mid,Katowice,False,b2b,19320.0,21000.0,2026-08-03
WHQYSWJM-2026-08-08,WHQYSWJM,2026-08-08,Liquidity Production Engineer,Mindbox Sp. z o.o.,backend,Mid,Kraków,False,b2b,22050.0,25200.0,2026-08-06
7OUWQELM-2026-08-08,7OUWQELM,2026-08-08,Senior Network Security Consultant.,Mindbox Sp. z o.o.,backend,Senior,Kraków,False,b2b,35700.0,38850.0,2026-08-04
XZKOBK8C-2026-08-08,XZKOBK8C,2026-08-08,Front-end Engineer K/M,ASTEK Polska,frontend,Senior,Warszawa,False,b2b,18900.0,23100.0,2026-08-06
VKISZWKZ-2026-08-08,VKISZWKZ,2026-08-08,Solution Architect (Guidewire / EIS),Connectis_,architecture,Senior,Warszawa,False,b2b,28000.0,32000.0,2026-08-06
MIGWZVUG-2026-08-08,MIGWZVUG,2026-08-08,Azure Data Platform Engineer [M/F],Stackmine,data,Mid,,True,b2b,26880.0,32760.0,2026-08-07
PI0OGFR3-2026-08-08,PI0OGFR3,2026-08-08,Tester/ka Automatyzujący/a,"AVENGA (Agencja Pracy, nr KRAZ: 8448)",testing,Mid,Kraków,False,b2b,21840.0,25200.0,2026-08-05
OZOEH6EZ-2026-08-08,OZOEH6EZ,2026-08-08,Change Manager,Link Group,projectManager,Senior,,True,b2b,19320.0,22680.0,2026-07-15
BQALMQN1-2026-08-08,BQALMQN1,2026-08-08,Power Platform Solution Architect (praca zdalna),Upvanta,architecture,Mid,,True,b2b,27300.0,29400.0,2026-08-04
6WQGGABE-2026-08-08,6WQGGABE,2026-08-08,Senior Java Developer (Kafka),Antal,backend,Senior,Warszawa,False,b2b,25200.0,33600.0,2026-08-07
ELEUX4OB-2026-08-08,ELEUX4OB,2026-08-08,Mainframe Architect,Braver IT S.A.,architecture,Mid,,True,b2b,28000.0,42000.0,2026-08-04
HDQBG4OD-2026-08-08,HDQBG4OD,2026-08-08,DevOps Engineer,Grape Up,devops,Senior,Kraków,True,b2b,19300.0,25200.0,2026-08-06
4NMUXZGT-2026-08-08,4NMUXZGT,2026-08-08,Senior Mainframe Infrastructure Engineer,Braver IT S.A.,sysAdministrator,Senior,,True,b2b,22000.0,36000.0,2026-08-04
LZQVXTS7-2026-08-08,LZQVXTS7,2026-08-08,Senior Mainframe Database & Storage Engineer,Braver IT S.A.,data,Senior,,True,b2b,23000.0,35000.0,2026-08-04
DMA3ONZD-2026-08-08,DMA3ONZD,2026-08-08,IT Specialist [M/F],Arche Solutions,support,Mid,Rybnik,False,b2b,11760.0,16800.0,2026-08-04
VPTJVHDP-2026-08-08,VPTJVHDP,2026-08-08,Senior Business Analyst [M/F],Arche Solutions,officeAdministration,Senior,,True,b2b,26880.0,31920.0,2026-08-05
IM4U0ST4-2026-08-08,IM4U0ST4,2026-08-08,Data Architect / Tech Lead Data Platform,Ework Group,data,Expert,Warszawa,False,b2b,31920.0,35280.0,2026-08-04
SZFXUES5-2026-08-08,SZFXUES5,2026-08-08,Senior Mainframe Systems Programmer (z/OS / CICS / MQ / IMS),Braver IT S.A.,sysAdministrator,Senior,,True,b2b,23000.0,34000.0,2026-08-04
JZD6DERD-2026-08-08,JZD6DERD,2026-08-08,Senior ServiceNow Consultant / Architect (ITSM / ITOM),1dea,erp,Senior,Warszawa,True,b2b,31920.0,38640.0,2026-07-27
HFGR0FJ1-2026-08-08,HFGR0FJ1,2026-08-08, Payments and Securities Screening Officer,HSBC Technology Poland,finance,Mid,Kraków,False,permanent,5700.0,7000.0,2026-08-07
HOM1EYUU-2026-08-08,HOM1EYUU,2026-08-08,Technical Project Manager,YND Technologies,projectManager,Mid,Warszawa,True,b2b,11000.0,17500.0,2026-08-07
TJALA30N-2026-08-08,TJALA30N,2026-08-08,Senior ServiceNow Developer CMDB,1dea,erp,Senior,Warszawa,True,b2b,28560.0,35280.0,2026-07-27
A2GC2U29-2026-08-08,A2GC2U29,2026-08-08,Analityk IT,Ework Group,businessAnalyst,Mid,Warszawa,False,b2b,18480.0,24360.0,2026-08-03
HATO8NJC-2026-08-08,HATO8NJC,2026-08-08,Architekt/Architektka AI (f/m/x),Sii Polska,artificialIntelligence,Senior,Warszawa,False,b2b,27000.0,34000.0,2026-07-21
RV3NTWGP-2026-08-08,RV3NTWGP,2026-08-08,Infrastructure Engineer,Focal Systems,backend,Senior,,True,b2b,31750.0,36575.0,2026-08-03
ATNFDP4I-2026-08-08,ATNFDP4I,2026-08-08,SAP Order-to-Cash & Tax Consultant (E-Invoicing and E-Reporting),Ework Group,erp,Senior,,True,b2b,28896.0,31752.0,2026-08-04
XDMRWLOX-2026-08-08,XDMRWLOX,2026-08-08,"Senior Full-Stack Developer (Frontend Focus) | Next.js, TypeScript, NestJS",mysite.ai,fullstack,Senior,Warszawa,True,b2b,20000.0,30000.0,2026-07-21
UVXKNIV5-2026-08-08,UVXKNIV5,2026-08-08,Senior Backend Developer,mysite.ai,backend,Senior,Warszawa,True,b2b,26000.0,35000.0,2026-07-21
FAXCOSYT-2026-08-08,FAXCOSYT,2026-08-08,Senior DevOps / Platform Developer,Connectis_,devops,Senior,Warszawa,True,b2b,23520.0,26040.0,2026-08-06
XXSNC5SW-2026-08-08,XXSNC5SW,2026-08-08,Senior Change Manager,Winged IT,projectManager,Senior,Warszawa,True,b2b,17640.0,19320.0,2026-08-05
V9L111YR-2026-08-08,V9L111YR,2026-08-08,SAP MM Consultant,Link Group,erp,Senior,,True,b2b,21840.0,26880.0,2026-08-05
MMW9AFF7-2026-08-08,MMW9AFF7,2026-08-08,Dispatcher,Allegro sp. z o.o.,logistics,Mid,Piotrków Trybunalski,False,permanent,6350.0,7000.0,2026-07-27
ODTKDOS2-2026-08-08,ODTKDOS2,2026-08-08,Software Development Engineer in Test,Diverse CG Sp. z o.o. Sp.k.,testing,Senior,Warszawa,True,b2b,15120.0,16800.0,2026-08-03
PU59JLUS-2026-08-08,PU59JLUS,2026-08-08,Senior Oracle EBS Developer (f/m/x),Sii Polska,backend,Senior,Kraków,True,b2b,18000.0,24000.0,2026-07-15
L0N0YQAV-2026-08-08,L0N0YQAV,2026-08-08,Senior Fullstack Engineer,Connectis_,fullstack,Senior,Kraków,False,b2b,26880.0,30240.0,2026-08-07
XHCSVDAJ-2026-08-08,XHCSVDAJ,2026-08-08,Marketing Automation Specialist,Allegro sp. z o.o.,marketing,Mid,Warszawa,False,permanent,10000.0,12000.0,2026-07-27
9W32GCFM-2026-08-08,9W32GCFM,2026-08-08,	Lead Analytics Consultant,Xebia sp. z o.o.,data,Senior,Warszawa,True,b2b,18480.0,31920.0,2026-08-03
IY5ZSGNR-2026-08-08,IY5ZSGNR,2026-08-08,Inżynier Konstruktor,Triol Corporation,mechanics,Mid,Ostrówek Węgrowski,False,permanent,9500.0,12000.0,2026-07-13
UWLURBLD-2026-08-08,UWLURBLD,2026-08-08,Junior It Researcher,apreel Sp. z o.o.,hr,Junior,Warszawa,False,zlecenie,5544.0,5544.0,2026-08-05
L8MQONAA-2026-08-08,L8MQONAA,2026-08-08,Senior Java Cloud Developer (Azure),DahliaMatic Sp. z o.o.,backend,Senior,Warszawa,False,b2b,22000.0,33000.0,2026-08-06
YFLMAZTZ-2026-08-08,YFLMAZTZ,2026-08-08,Head of Design,EDISONDA P.S.A,ux,Expert,Kraków,False,b2b,18000.0,22000.0,2026-07-21
NE3RYYLJ-2026-08-08,NE3RYYLJ,2026-08-08,DevSecOps Engineer [M/F],Arche Solutions,devops,Mid,,True,b2b,26880.0,30240.0,2026-08-05
D6LUEIPY-2026-08-08,D6LUEIPY,2026-08-08,IT Service Desk/Helpdesk [M/F],Arche Solutions,support,Mid,Warszawa,False,b2b,8400.0,10920.0,2026-07-27
Q8DAMGSL-2026-08-08,Q8DAMGSL,2026-08-08,InSprint Tester / Quality Assurance Engineer- with German,Upvanta,testing,Mid,Wrocław,True,permanent,18900.0,23100.0,2026-07-17
NAPAUC90-2026-08-08,NAPAUC90,2026-08-08,Lead Data Platform Engineer,Xebia sp. z o.o.,data,Senior,Warszawa,True,b2b,30240.0,42000.0,2026-08-03
LFENJOFJ-2026-08-08,LFENJOFJ,2026-08-08,Business Operations Specialist (AI & FinTech) [M/F],Arche Solutions,projectManager,Mid,,True,b2b,20160.0,23520.0,2026-08-05
JBHDEJCB-2026-08-08,JBHDEJCB,2026-08-08,DevOps Engineer (AWS),Sopra Steria Poland,devops,Senior,Katowice,False,b2b,16800.0,23520.0,2026-08-04
GZLLN4R1-2026-08-08,GZLLN4R1,2026-08-08,Senior AML Scoring Engineer,Diverse CG Sp. z o.o. Sp.k.,data,Senior,Warszawa,False,b2b,21000.0,21840.0,2026-07-27
CT5USEQV-2026-08-08,CT5USEQV,2026-08-08,Senior Java Developer – Risk Technology,Square One Resources,backend,Senior,Warszawa,True,b2b,26880.0,31920.0,2026-08-04
GQAWHKPV-2026-08-08,GQAWHKPV,2026-08-08,PC Change Project Manager - Capital Optimisation,Belvedere Recruitment,projectManager,Mid,Kraków,False,b2b,20160.0,28560.0,2026-08-04
1TOHFFJ6-2026-08-08,1TOHFFJ6,2026-08-08,Software Architect / Java Architect  ,Upvanta,architecture,Mid,,True,b2b,25200.0,28560.0,2026-08-04
DZYXBHSO-2026-08-08,DZYXBHSO,2026-08-08,Senior Backend Engineer (AI Native) [M/F],Arche Solutions,backend,Senior,,True,b2b,23520.0,26880.0,2026-08-05
TNDWEBYR-2026-08-08,TNDWEBYR,2026-08-08,SAP S/4HANA Indirect Tax Integration & Sustainment Consultant ,Square One Resources,projectManager,Senior,Warszawa,True,b2b,26880.0,30240.0,2026-08-04
HVY2VQQB-2026-08-08,HVY2VQQB,2026-08-08,Senior Fullstack Engineer (React/.Net),Diverse CG Sp. z o.o. Sp.k.,fullstack,Senior,Warszawa,True,b2b,21840.0,23520.0,2026-08-04
ERJRW2GJ-2026-08-08,ERJRW2GJ,2026-08-08,Power Platform Consultant,DCG,other,Mid,Gdańsk,False,b2b,25200.0,27720.0,2026-08-04
VXMCDLL6-2026-08-08,VXMCDLL6,2026-08-08,C++ Developer (Mid / Senior),Upvanta,backend,Mid,Kraków,False,b2b,18900.0,27300.0,2026-08-04
A4SL9KGC-2026-08-08,A4SL9KGC,2026-08-08,Data Product Specialist (Google Stack),Connectis_,data,Senior,,True,b2b,30000.0,35000.0,2026-08-07
J0NL3RKK-2026-08-08,J0NL3RKK,2026-08-08,Senior Software Developer (.NET / Microsoft BI / Power BI),1dea,backend,Senior,,True,b2b,27720.0,33600.0,2026-08-04
EZFOLN4Q-2026-08-08,EZFOLN4Q,2026-08-08,Architekt Danych / Tech Lead Data Platform,Antal,data,Mid,Warszawa,False,b2b,28560.0,33600.0,2026-08-03
OPGTR4UG-2026-08-08,OPGTR4UG,2026-08-08,Chief Accountant,Antal,finance,Expert,Łańcut,False,permanent,20000.0,22000.0,2026-08-03
ERJ52QYI-2026-08-08,ERJ52QYI,2026-08-08,Sales Executive ,OChK,sales,Senior,Warszawa,False,permanent,12000.0,16000.0,2026-08-05
4ZQU802E-2026-08-08,4ZQU802E,2026-08-08,Analityk Systemowy,Moondigo Sp. z o.o.,businessAnalyst,Mid,Toruń,True,b2b,15120.0,21840.0,2026-07-27
ZGRLB9OZ-2026-08-08,ZGRLB9OZ,2026-08-08,IDPP Technical Business Analyst,Mindbox Sp. z o.o.,businessAnalyst,Mid,Kraków,False,b2b,21000.0,25200.0,2026-08-03
7GJOCCSR-2026-08-08,7GJOCCSR,2026-08-08,Architekt / Architektka GCP  - obszar bankowy  (f/m/x),Sii Polska,architecture,Senior,Warszawa,False,b2b,26000.0,34000.0,2026-07-21
5KL3FCA6-2026-08-08,5KL3FCA6,2026-08-08,Delphi Developer,apreel Sp. z o.o.,fullstack,Mid,Warszawa,False,b2b,18480.0,22680.0,2026-08-03
SKET2QNK-2026-08-08,SKET2QNK,2026-08-08,AI Engineer,OChK,artificialIntelligence,Senior,Warszawa,True,permanent,14000.0,17000.0,2026-08-05
GKX6ZDSA-2026-08-08,GKX6ZDSA,2026-08-08,Expert Java/Scala Consultant with Spark,GFT Poland,data,Expert,Kraków,False,permanent,26040.0,34440.0,2026-08-03
MX3LCEUB-2026-08-08,MX3LCEUB,2026-08-08,Software Engineer,Bayer,devops,Mid,Warszawa,False,permanent,15360.0,19200.0,2026-07-15
KTUASJ2U-2026-08-08,KTUASJ2U,2026-08-08,Expert Java/Scala Engineer with Spark,GFT Poland,data,Expert,Kraków,False,permanent,17400.0,26700.0,2026-08-03
1ERU8YO3-2026-08-08,1ERU8YO3,2026-08-08,Senior Java Developer,Diverse CG Sp. z o.o. Sp.k.,backend,Senior,Kraków,False,permanent,17500.0,23500.0,2026-07-15
EUVEN8J7-2026-08-08,EUVEN8J7,2026-08-08,Clean Architecture,DCG,backend,Senior,Gdańsk,True,b2b,31920.0,36960.0,2026-08-05
GQJUUVIY-2026-08-08,GQJUUVIY,2026-08-08,".NET Engineer (Elasticsearch, Azure Event Hub, Apache Kafka)",Square One Resources,backend,Mid,,True,b2b,23520.0,25200.0,2026-08-03
KZZMCURU-2026-08-08,KZZMCURU,2026-08-08,Analityk Systemowy (Bankowość) K/M,ASTEK Polska,businessAnalyst,Mid,Warszawa,False,permanent,12000.0,17650.0,2026-07-27
C0BJJ4LN-2026-08-08,C0BJJ4LN,2026-08-08,Change Management Consultant,Connectis_,projectManager,Senior,Warszawa,True,b2b,28500.0,32500.0,2026-08-06
SOL7PH9O-2026-08-08,SOL7PH9O,2026-08-08,Lead Java Developer (f/m/x),Sii Polska,backend,Senior,Warszawa,False,b2b,24000.0,26000.0,2026-07-27
LK0VISRM-2026-08-08,LK0VISRM,2026-08-08,Remote Data Engineer / Data Platform Developer with .NET (m/f),Kambu,data,Mid,Kraków,True,b2b,13000.0,18000.0,2026-08-06
LYLDAABL-2026-08-08,LYLDAABL,2026-08-08,Analityk Systemowy (Bankowość) K/M,ASTEK Polska,businessAnalyst,Mid,Warszawa,False,b2b,18900.0,24990.0,2026-07-27
O4ZHIJHI-2026-08-08,O4ZHIJHI,2026-08-08,Mainframe Operational Support Specialist,Diverse CG Sp. z o.o. Sp.k.,support,Mid,Warszawa,False,b2b,20160.0,21000.0,2026-07-27
3HPXGLVI-2026-08-08,3HPXGLVI,2026-08-08,AI Developer,Verita HR,artificialIntelligence,Mid,Kraków,False,b2b,3360.0,5250.0,2026-08-05
VFIQP6VS-2026-08-08,VFIQP6VS,2026-08-08,Cloud Platfor Engineer / DevOps GCP Engineer,Link Group,devops,Senior,,True,b2b,23520.0,26040.0,2026-07-15
DM8F8MJP-2026-08-08,DM8F8MJP,2026-08-08,Senior Salesforce Marketing Cloud Architect (f/m/x),Sii Polska,architecture,Senior,Kraków,True,b2b,27300.0,35700.0,2026-07-27
V1K0XSLK-2026-08-08,V1K0XSLK,2026-08-08,Senior Python Developer with Node.js,Xebia sp. z o.o.,backend,Senior,Rzeszów,True,b2b,19000.0,28000.0,2026-07-21
CP6TRK55-2026-08-08,CP6TRK55,2026-08-08,Solution Architect (Java),Quality Minds Sp. z o.o.,architecture,Senior,Warszawa,True,b2b,28000.0,35000.0,2026-07-27
YTO4XJQ4-2026-08-08,YTO4XJQ4,2026-08-08,Software Engineering Manager - Build Technology That Saves Lives,Motorola Solutions Systems Polska,projectManager,Expert,Kraków,False,permanent,20000.0,25000.0,2026-08-03
UCG5LSHO-2026-08-08,UCG5LSHO,2026-08-08,Big Data Engineer with Spark/Scala (f/m/x),Sii Polska,data,Senior,Warszawa,False,b2b,25200.0,29400.0,2026-07-21
3CJ3KNOX-2026-08-08,3CJ3KNOX,2026-08-08,Data Engineer,Connectis_,data,Mid,Warszawa,False,b2b,22680.0,31920.0,2026-08-06
EF8DFSME-2026-08-08,EF8DFSME,2026-08-08,M365 Migration & Automation Specialist / M365 Consultant,Diverse CG Sp. z o.o. Sp.k.,automation,Mid,Piaseczno,False,b2b,20160.0,23520.0,2026-08-07
FTDMSEJT-2026-08-08,FTDMSEJT,2026-08-08,Application Support with Dutch and English,"AVENGA (Agencja Pracy, nr KRAZ: 8448)",support,Mid,Wrocław,False,b2b,11000.0,13400.0,2026-08-03
YOTTBGPO-2026-08-08,YOTTBGPO,2026-08-08,Senior Linux Administrator (f/m/x),Sii Polska,sysAdministrator,Senior,Kraków,False,b2b,20000.0,25000.0,2026-07-21
UCDGEBYN-2026-08-08,UCDGEBYN,2026-08-08,Senior Test Automation Engineer (m/f),ASTEK Polska,testing,Senior,,True,b2b,11550.0,17430.0,2026-08-06
4YSFVVIQ-2026-08-08,4YSFVVIQ,2026-08-08,Ekspert ds. Innowacji K/M,ASTEK Polska,other,Mid,Warszawa,True,b2b,15750.0,19950.0,2026-08-06
OTOQNKVN-2026-08-08,OTOQNKVN,2026-08-08, KYC Specialist (French speaker),HSBC Technology Poland,finance,Senior,Kraków,False,permanent,7634.0,11441.0,2026-07-15
WYLP07AN-2026-08-08,WYLP07AN,2026-08-08,Analityk Biznesowo- Systemowy (kredyty hipoteczne) K/M,ASTEK Polska,businessAnalyst,Junior,Warszawa,False,b2b,16800.0,19950.0,2026-08-06
MHUOLK7W-2026-08-08,MHUOLK7W,2026-08-08,Senior React Native Developer (f/m/x),Sii Polska,mobile,Senior,Warszawa,False,b2b,20000.0,24000.0,2026-07-21
W4FXBXVV-2026-08-08,W4FXBXVV,2026-08-08,"Engineering Manager, Platform Reliability",Asana,devops,Mid,Warszawa,False,permanent,43500.0,49000.0,2026-07-15
YNGAJ9CK-2026-08-08,YNGAJ9CK,2026-08-08,Analityk Biznesowo- Systemowy (kredyty hipoteczne) K/M,ASTEK Polska,businessAnalyst,Junior,Warszawa,False,permanent,10000.0,14300.0,2026-08-06
C3PUUDU2-2026-08-08,C3PUUDU2,2026-08-08,Simulation & Modeling Engineer / Control Algorithms Engineer (M/F/D),Triol Poland,automation,Mid,Ostrówek Węgrowski,True,permanent,15000.0,17500.0,2026-07-21
UGORXQKW-2026-08-08,UGORXQKW,2026-08-08,Architekt Systemowy K/M,ASTEK Polska,backend,Senior,Warszawa,False,b2b,30240.0,33600.0,2026-08-06
GKUHNNPD-2026-08-08,GKUHNNPD,2026-08-08,Simulation & Modeling Engineer / Control Algorithms Engineer (M/F/D),Triol Poland,automation,Mid,Ostrówek Węgrowski,True,permanent,15000.0,17500.0,2026-07-21
V7V8OKZ4-2026-08-08,V7V8OKZ4,2026-08-08,Cybersecurity Network Engineer (f/m/x),Sii Polska,security,Senior,Kraków,True,b2b,23100.0,27300.0,2026-07-15
BOLEXRTA-2026-08-08,BOLEXRTA,2026-08-08,Programista Python K/M,ASTEK Polska,backend,Senior,Warszawa,True,b2b,21000.0,25830.0,2026-08-06
ZIRZP1SV-2026-08-08,ZIRZP1SV,2026-08-08,Kierownik Projektu (IT) K/M,ASTEK Polska,projectManager,Mid,Warszawa,True,b2b,16800.0,17850.0,2026-08-06
UPQJCR06-2026-08-08,UPQJCR06,2026-08-08,Architekt Danych / Tech Lead K/M,ASTEK Polska,data,Mid,Warszawa,False,b2b,25200.0,33600.0,2026-08-06
TY59LQLI-2026-08-08,TY59LQLI,2026-08-08,Architekt / Architektka Rozwiązań,Diverse CG Sp. z o.o. Sp.k.,architecture,Senior,Warszawa,False,b2b,25200.0,29400.0,2026-07-21
WQRAOSV8-2026-08-08,WQRAOSV8,2026-08-08,Starszy Konstruktor/Konstruktorka ,Triol Poland,mechanics,Senior,Ostrówek Węgrowski,False,permanent,16500.0,18000.0,2026-07-21
1U6PJSDG-2026-08-08,1U6PJSDG,2026-08-08,IT Business Analyst (K/M) K/M,ASTEK Polska,data,Mid,Warszawa,False,b2b,16800.0,21000.0,2026-08-06
OS4YWFM5-2026-08-08,OS4YWFM5,2026-08-08,Python Developer (M/K) K/M,ASTEK Polska,backend,Mid,Kraków,False,b2b,18480.0,21840.0,2026-08-06
HIEEASTY-2026-08-08,HIEEASTY,2026-08-08,Inżynier Energoelektroniki (R&D),Triol Poland,electricalEng,Mid,Ostrówek Węgrowski,False,permanent,9500.0,15000.0,2026-07-21
VNGHFCVN-2026-08-08,VNGHFCVN,2026-08-08,.NET developer,Scalo,backend,Mid,,True,b2b,26880.0,28560.0,2026-08-06
VUYIUDTQ-2026-08-08,VUYIUDTQ,2026-08-08,Senior Data Architect,Mindbox Sp. z o.o.,data,Senior,Kraków,False,b2b,27300.0,31500.0,2026-07-15
AEDD4HRD-2026-08-08,AEDD4HRD,2026-08-08,Analityk biznesowy / Analityczka biznesowa ds. procesów inwestycyjnych,DCG,finance,Mid,Warszawa,False,b2b,19320.0,21000.0,2026-08-07
K2SEOYQK-2026-08-08,K2SEOYQK,2026-08-08,Digital Delivery Lead,Link Group,projectManager,Senior,Warszawa,False,b2b,27000.0,30000.0,2026-07-15
DLWZGQKX-2026-08-08,DLWZGQKX,2026-08-08,Data Modeller,Verita HR,data,Senior,Kraków,False,b2b,20160.0,27720.0,2026-07-15
SWOOHBUO-2026-08-08,SWOOHBUO,2026-08-08,Senior Security Administrator - Cryptography  (f/m/x),Sii Polska,security,Senior,Kraków,False,b2b,25000.0,30000.0,2026-07-21
Y0TAD6Q2-2026-08-08,Y0TAD6Q2,2026-08-08,Senior .NET Developera (C#) ,Upvanta,backend,Senior,,True,b2b,21000.0,25200.0,2026-08-06
U79VBCVX-2026-08-08,U79VBCVX,2026-08-08,Lead Full Stack Engineer (Node.js / React / Next.js),Link Group,fullstack,Senior,Warszawa,False,b2b,30000.0,32000.0,2026-07-15
2FDODOEH-2026-08-08,2FDODOEH,2026-08-08,Seeburger Developer / EDI Developer,Upvanta,erp,Senior,Wrocław,True,permanent,23100.0,31500.0,2026-07-17
PWICL1L2-2026-08-08,PWICL1L2,2026-08-08,Product Owner/Presales Support (Freelancer),Fabres,productManagement,Senior,Poznań,True,b2b,23520.0,28560.0,2026-07-15
UQ0YLTJ9-2026-08-08,UQ0YLTJ9,2026-08-08,Linux Engineer,Diverse CG Sp. z o.o. Sp.k.,sysAdministrator,Mid,Gdynia,False,b2b,26040.0,27720.0,2026-08-04
GFOAWQGY-2026-08-08,GFOAWQGY,2026-08-08,Solution Architect,Diverse CG Sp. z o.o. Sp.k.,architecture,Mid,Warszawa,True,b2b,26880.0,30240.0,2026-07-27
CE70EOIY-2026-08-08,CE70EOIY,2026-08-08,Solution Architect,Diverse CG Sp. z o.o. Sp.k.,architecture,Senior,Warszawa,False,b2b,29400.0,31080.0,2026-08-04
TWJMMLPS-2026-08-08,TWJMMLPS,2026-08-08, Senior PHP Engineer ,DCG,backend,Senior,Warszawa,True,b2b,20160.0,30240.0,2026-08-05
CN4IAOGJ-2026-08-08,CN4IAOGJ,2026-08-08,Senior R&D Engineer ,Braver IT S.A.,other,Senior,,True,permanent,33000.0,46000.0,2026-07-17
VYQXZRLN-2026-08-08,VYQXZRLN,2026-08-08,"Principal Engineer, Application Platforms – Head of Engineering",HSBC Technology Poland,architecture,Senior,Kraków,False,permanent,32967.0,49450.0,2026-07-27
R4HYYJMK-2026-08-08,R4HYYJMK,2026-08-08,Production Support Analyst (f/m/x),Sii Polska,support,Mid,Warszawa,False,b2b,10000.0,11000.0,2026-07-15
VI4UN9QS-2026-08-08,VI4UN9QS,2026-08-08,Lead Software Engineer – Rust,Link Group,backend,Senior,Warszawa,False,permanent,45000.0,60000.0,2026-07-21
9ZYRWFA5-2026-08-08,9ZYRWFA5,2026-08-08, System Analyst,Diverse CG Sp. z o.o. Sp.k.,businessAnalyst,Senior,Warszawa,True,b2b,23520.0,26040.0,2026-07-27
FLLBCDXJ-2026-08-08,FLLBCDXJ,2026-08-08,QA Engineer,iTeamly,testing,Mid,,True,permanent,8000.0,10500.0,2026-07-17
JTDR9MSF-2026-08-08,JTDR9MSF,2026-08-08,Lead Software Engineer – C# / .NET,Link Group,backend,Senior,Warszawa,False,permanent,45000.0,60000.0,2026-07-21
9TWCJQCB-2026-08-08,9TWCJQCB,2026-08-08,Architekt Systemów,Ework Group,architecture,Expert,Warszawa,False,b2b,31920.0,38640.0,2026-08-06
3KQWT0TB-2026-08-08,3KQWT0TB,2026-08-08,Fullstack Developer (.NET+Blazor+Azure) ,Diverse CG Sp. z o.o. Sp.k.,fullstack,Mid,Warszawa,True,b2b,16800.0,17640.0,2026-07-27
WETPOJUE-2026-08-08,WETPOJUE,2026-08-08,Senior Business Analyst ,Belvedere Recruitment,businessAnalyst,Senior,Kraków,False,b2b,20160.0,26880.0,2026-08-06
IGB4FTGX-2026-08-08,IGB4FTGX,2026-08-08,IT Administrator - 1st Line Support,Flügger Poland Sp. z o.o.,support,Mid,Gdańsk,False,permanent,6500.0,7300.0,2026-07-21
C56EZLFF-2026-08-08,C56EZLFF,2026-08-08,Delivery Manager - Complex Change Initiatives,Belvedere Recruitment,projectManager,Mid,Kraków,False,b2b,20160.0,26880.0,2026-08-06
IMRKSH5P-2026-08-08,IMRKSH5P,2026-08-08,IT Project Manager,"AVENGA (Agencja Pracy, nr KRAZ: 8448)",projectManager,Senior,Warszawa,False,b2b,20160.0,22680.0,2026-07-15
HDYSXWMB-2026-08-08,HDYSXWMB,2026-08-08,"Fullstack Engineer (Java, React)",Verita HR,fullstack,Senior,Kraków,False,b2b,26000.0,30000.0,2026-08-04
P2YW4YIM-2026-08-08,P2YW4YIM,2026-08-08,Business Analyst - Valuations & Analytics,Belvedere Recruitment,businessAnalyst,Mid,Kraków,False,b2b,20160.0,30240.0,2026-08-06
ST49XHTD-2026-08-08,ST49XHTD,2026-08-08,"Senior Software Engineer, Applied AI (Remote from Poland)",Oversee,artificialIntelligence,Senior,Kraków,True,b2b,33600.0,41160.0,2026-08-05
RIBATGUK-2026-08-08,RIBATGUK,2026-08-08,.NET Developer (Web),Upvanta,backend,Mid,,True,b2b,18900.0,21000.0,2026-08-06
GLJSKQ3L-2026-08-08,GLJSKQ3L,2026-08-08,Senior .NET Developer / Tech Lead,1dea,backend,Senior,Warszawa,True,b2b,27720.0,33600.0,2026-08-04
U5Z5YDYR-2026-08-08,U5Z5YDYR,2026-08-08,Expert IT Analyst,Diverse CG Sp. z o.o. Sp.k.,businessAnalyst,Expert,Warszawa,False,b2b,23520.0,24360.0,2026-07-21
CIAX3EDN-2026-08-08,CIAX3EDN,2026-08-08,Asystent/ka Zarządu,Dataspace P.S.A.,officeAdministration,Junior,Toruń,False,permanent,6000.0,7500.0,2026-08-04
ZXQQWDIS-2026-08-08,ZXQQWDIS,2026-08-08,Devops Engineer,Connectis_,devops,Senior,Warszawa,True,b2b,25200.0,28560.0,2026-08-05
JESHDAMI-2026-08-08,JESHDAMI,2026-08-08,DevSecOps,DCG Sp. z o.o,devops,Senior,Warszawa,False,b2b,20160.0,24360.0,2026-07-21
PZQITLFL-2026-08-08,PZQITLFL,2026-08-08,FX Senior Java Developer (f/m/x),Sii Polska,backend,Senior,Kraków,False,b2b,24000.0,30000.0,2026-07-21
UTD2GZM7-2026-08-08,UTD2GZM7,2026-08-08,DevSecOps Ambassador,Ework Group,devops,Expert,Wrocław,False,b2b,28560.0,35280.0,2026-07-27
OT1N4Z5N-2026-08-08,OT1N4Z5N,2026-08-08,Software Development Engineer II,Remitly Poland sp. z o.o.,backend,Mid,Kraków,False,permanent,20000.0,23000.0,2026-07-27
IAHPZFVN-2026-08-08,IAHPZFVN,2026-08-08,.NET (Web) Developer,DCG,backend,Mid,,True,b2b,16800.0,18480.0,2026-08-06
NOLNCQUW-2026-08-08,NOLNCQUW,2026-08-08,AI Data Products Consultant,Reply Polska,artificialIntelligence,Mid,Katowice,True,b2b,16800.0,26880.0,2026-07-21
SOLMZ2EJ-2026-08-08,SOLMZ2EJ,2026-08-08,Senior Scala Developer,Scalac,backend,Senior,GDAŃSK,True,b2b,32500.0,39500.0,2026-08-05
CHJ35DDB-2026-08-08,CHJ35DDB,2026-08-08,Power Platform Deweloper,Mindbox Sp. z o.o.,erp,Mid,Kraków,False,b2b,21000.0,23520.0,2026-08-07
IRQHCKMV-2026-08-08,IRQHCKMV,2026-08-08,SAP BW&Datasphere Consultant,ITFS Sp. z o.o.,data,Senior,Warszawa,False,b2b,26880.0,36960.0,2026-08-06
FHQNJXQC-2026-08-08,FHQNJXQC,2026-08-08,UI/UX Designer,DCG,ux,Senior,Gdańsk,True,b2b,15120.0,18480.0,2026-08-05
BM7KI4U9-2026-08-08,BM7KI4U9,2026-08-08,Backend Developer,Mindbox Sp. z o.o.,backend,Mid,Kraków,False,b2b,29400.0,35280.0,2026-08-07
9BEEJVQE-2026-08-08,9BEEJVQE,2026-08-08,"Senior C# Developer with expierience in liquidity, and financial‑resource management.",Margo,backend,Senior,,True,b2b,26880.0,31920.0,2026-08-06
IZW6Z18O-2026-08-08,IZW6Z18O,2026-08-08,Infrastructure Engineer,ITFS Sp. z o.o.,devops,Mid,Warszawa,True,b2b,16800.0,20160.0,2026-08-06
X2ZK2G1G-2026-08-08,X2ZK2G1G,2026-08-08,Senior Business Operations and Strategy Manager,Box Inc.,businessIntelligence,Senior,Warszawa,False,permanent,22000.0,26000.0,2026-08-05
BW8NMAUH-2026-08-08,BW8NMAUH,2026-08-08,Full stack Developer,Mindbox Sp. z o.o.,fullstack,Senior,Kraków,False,b2b,30450.0,34650.0,2026-08-07
7XEUCYQF-2026-08-08,7XEUCYQF,2026-08-08,Mid/Senior SASE Automation Engineer,CodiLime,security,Senior,Warszawa,True,b2b,18000.0,26000.0,2026-07-20
KRYBMHMJ-2026-08-08,KRYBMHMJ,2026-08-08,Atlassian Consultant [M/F],Stackmine,sysAdministrator,Mid,,True,b2b,21840.0,26040.0,2026-08-07
VMDSFFQW-2026-08-08,VMDSFFQW,2026-08-08,Network & Hardware AI Validation Engineer,CodiLime,testing,Senior,Warszawa,True,b2b,18000.0,22000.0,2026-07-23
FQCDC8TA-2026-08-08,FQCDC8TA,2026-08-08,Architekt Systemowy /Architekt Nurtu (branża ubezpieczeniowa),Moondigo Sp. z o.o.,architecture,Senior,Warszawa,False,b2b,28560.0,31920.0,2026-08-05
XAX8SMX5-2026-08-08,XAX8SMX5,2026-08-08,User Access Certification Analyst,Link Group,security,Mid,Warszawa,False,permanent,18000.0,30000.0,2026-08-03
BJ9TOBKT-2026-08-08,BJ9TOBKT,2026-08-08,Senior QA Automation Engineer,Link Group,testing,Senior,,True,b2b,20160.0,23520.0,2026-07-27
V6NSB3UF-2026-08-08,V6NSB3UF,2026-08-08,Project Manager - Microsoft Dynamics 365 Finance & Operations,Square One Resources,projectManager,Senior,Warszawa,True,b2b,33600.0,40320.0,2026-08-04
4HUU3BIO-2026-08-08,4HUU3BIO,2026-08-08,Senior Java Developer,DCG Sp. z o.o,backend,Senior,Warszawa,False,b2b,21840.0,25200.0,2026-07-21
SRWVNRQ4-2026-08-08,SRWVNRQ4,2026-08-08,Snowflake Engineer,Square One Resources,data,Senior,Warszawa,True,b2b,28560.0,33600.0,2026-07-27
GAM0UFGH-2026-08-08,GAM0UFGH,2026-08-08,Cloud Infrastructure Engineer,Link Group,devops,Mid,,True,b2b,16800.0,25200.0,2026-07-21
42YOZNXH-2026-08-08,42YOZNXH,2026-08-08,Expert Fullstack Python Engineer,GFT Poland,fullstack,Expert,Kraków,False,permanent,17400.0,26700.0,2026-08-07
JAAVLIHQ-2026-08-08,JAAVLIHQ,2026-08-08,Senior Low Latency Java Developer,Verita HR,backend,Senior,Warszawa,False,permanent,20000.0,23000.0,2026-07-27
FUZRXIHP-2026-08-08,FUZRXIHP,2026-08-08,Senior Technical Project Manager (f/m/x),Sii Polska,projectManager,Senior,Kraków,False,b2b,23100.0,29400.0,2026-07-21
YELPMZR4-2026-08-08,YELPMZR4,2026-08-08,CIAM Specialist,Link Group,security,Mid,,True,b2b,26880.0,28560.0,2026-07-21
VIPFHRAX-2026-08-08,VIPFHRAX,2026-08-08,PMO Specialist / Project Coordinator (IT),1dea,hr,Mid,Warszawa,False,b2b,8000.0,10000.0,2026-08-03
VJOJAIHB-2026-08-08,VJOJAIHB,2026-08-08,IT Project Manager,Diverse CG Sp. z o.o. Sp.k.,projectManager,Mid,Gdańsk,False,b2b,21840.0,23520.0,2026-07-15
VB5D6ZSF-2026-08-08,VB5D6ZSF,2026-08-08,Data Science Engineer (AWS),Reply Polska,data,Mid,Katowice,False,b2b,18480.0,26880.0,2026-07-21
DVSEK9YX-2026-08-08,DVSEK9YX,2026-08-08,Senior Java Developer,Avenga,backend,Senior,Warszawa,False,b2b,25200.0,31920.0,2026-07-21
ZDOXVIWF-2026-08-08,ZDOXVIWF,2026-08-08,Azure Cloud Engineer,OChK,devops,Senior,Warszawa,True,permanent,14000.0,17000.0,2026-08-04
7ETHL4S9-2026-08-08,7ETHL4S9,2026-08-08,Ferryt Developer,Upvanta,backend,Mid,,True,b2b,18900.0,22050.0,2026-08-05
26T6SU6X-2026-08-08,26T6SU6X,2026-08-08,Tester AI Conversational Solutions (Chatbot/Voicebot),ITFS Sp. z o.o.,testing,Mid,Warszawa,False,b2b,10080.0,15960.0,2026-08-06
197LZCXQ-2026-08-08,197LZCXQ,2026-08-08,Salesforce Marketing Cloud Consultant,Link Group,marketing,Senior,Warszawa,False,permanent,25000.0,31000.0,2026-08-04
SIJFXBEC-2026-08-08,SIJFXBEC,2026-08-08,"Technical Lead (node.js, backend)",OneRail Poland Sp. z o.o.,backend,Senior,Kraków,False,b2b,28000.0,32000.0,2026-07-21
5ACC9AHE-2026-08-08,5ACC9AHE,2026-08-08,Tech Leader AI & Quality Eng ineering,apreel Sp. z o.o.,artificialIntelligence,Mid,Warszawa,False,b2b,26040.0,29400.0,2026-08-07
3U3DKOI9-2026-08-08,3U3DKOI9,2026-08-08,Technical Delivery Manager - .NET/React,Link Group,projectManager,Senior,Warszawa,False,permanent,30000.0,42000.0,2026-07-27
IBLTFB7F-2026-08-08,IBLTFB7F,2026-08-08,Senior .NET Developer Azure,Link Group,backend,Senior,,True,b2b,20160.0,21840.0,2026-08-04
XNKJX7PQ-2026-08-08,XNKJX7PQ,2026-08-08,Senior Analityk Systemowy,apreel Sp. z o.o.,businessAnalyst,Senior,Warszawa,False,b2b,21840.0,25200.0,2026-08-07
FY9QO43U-2026-08-08,FY9QO43U,2026-08-08,Platform Engineer,Harvey Nash Technology,devops,Mid,Warszawa,False,permanent,28000.0,34000.0,2026-07-27
U7XCAPXL-2026-08-08,U7XCAPXL,2026-08-08,Data Engineer,Reply Polska,data,Mid,Katowice,False,b2b,18480.0,26880.0,2026-07-21
RLW0CGRB-2026-08-08,RLW0CGRB,2026-08-08,ServiceNow Technical Consultant,ITFS Sp. z o.o.,backend,Mid,Warszawa,True,b2b,23520.0,26880.0,2026-08-06
P4NAW6WG-2026-08-08,P4NAW6WG,2026-08-08,Data Architect Azure,Connectis_,data,Senior,Warszawa,False,b2b,28000.0,32000.0,2026-08-04
68RPHGOG-2026-08-08,68RPHGOG,2026-08-08,Software Engineer – Risk Technology,Link Group,backend,Senior,Warszawa,False,permanent,40000.0,49000.0,2026-08-03
YUJST34W-2026-08-08,YUJST34W,2026-08-08,Senior Android Developer,Angry Nerds,mobile,Senior,Wrocław,True,b2b,15000.0,20000.0,2026-08-03
GT1THEFQ-2026-08-08,GT1THEFQ,2026-08-08,Senior Data Engineer (Graph),DS STREAM,data,Senior,Warszawa,True,b2b,27720.0,31080.0,2026-07-27
IWAHRGUH-2026-08-08,IWAHRGUH,2026-08-08,Openshift Operations Specialist,Mindbox Sp. z o.o.,devops,Senior,Kraków,False,b2b,23100.0,28350.0,2026-07-15
HI64MUVQ-2026-08-08,HI64MUVQ,2026-08-08,Python and AWS Engineer,Mindbox Sp. z o.o.,devops,Mid,Kraków,False,b2b,23100.0,27300.0,2026-07-15
QFDQIEQG-2026-08-08,QFDQIEQG,2026-08-08,Fleet Operations Specialist (Fleet Support / Car Operations),Sigvi,logistics,Mid,Warszawa,False,zlecenie,6720.0,6720.0,2026-07-27
PKYUVFJR-2026-08-08,PKYUVFJR,2026-08-08,Partner Acquisition Specialist (B2B Sales),Sigvi,sales,Mid,Warszawa,False,b2b,8000.0,15000.0,2026-07-27
FRRXWFFJ-2026-08-08,FRRXWFFJ,2026-08-08,Asystent(ka) CEO z językiem niemieckim,Ostrovski Sp. z o. o.,officeAdministration,Mid,Bełchatów,False,permanent,7000.0,10000.0,2026-07-29
OEB6MJVI-2026-08-08,OEB6MJVI,2026-08-08,Analityk Biznesowy (K/M),Upvanta,businessAnalyst,Mid,,True,b2b,15120.0,18480.0,2026-08-07
HWS0BADT-2026-08-08,HWS0BADT,2026-08-08,Enterprise Solutions Advisor,Link Group,businessAnalyst,Senior,Warszawa,False,b2b,30240.0,42000.0,2026-08-07
CHF7JCHY-2026-08-08,CHF7JCHY,2026-08-08,Junior Software Test Engineer (m/f),3Dconnexion Polska,testing,Junior,Wrocław,False,permanent,8000.0,9300.0,2026-07-29
USWFDHE1-2026-08-08,USWFDHE1,2026-08-08,Data Engineer Azure,Connectis_,data,Senior,Wrocław,False,b2b,27888.0,30576.0,2026-08-04
KWRERUE0-2026-08-08,KWRERUE0,2026-08-08,Pega Senior/Lead System Architect [M/F],Arche Solutions,architecture,Senior,,True,b2b,26880.0,30240.0,2026-07-27
CILAGXG6-2026-08-08,CILAGXG6,2026-08-08,Senior QA Automation Specialist - KRAKÓW,Xebia sp. z o.o.,testing,Senior,Kraków,False,b2b,21840.0,25200.0,2026-07-27
MRK4AB0X-2026-08-08,MRK4AB0X,2026-08-08,Senior Sap / Kinaxis Consultant,Harvey Nash Technology,erp,Senior,Warszawa,True,permanent,20000.0,25000.0,2026-07-25
ZLS4W6U1-2026-08-08,ZLS4W6U1,2026-08-08,Product Manager,VGW,productManagement,Mid,Kraków,False,b2b,25000.0,28000.0,2026-08-07
9EVI9UZJ-2026-08-08,9EVI9UZJ,2026-08-08,DevSecOps Security Consultant,Mindbox Sp. z o.o.,security,Senior,Kraków,False,b2b,31500.0,37800.0,2026-08-06
WK5JJLNI-2026-08-08,WK5JJLNI,2026-08-08,DevSecOps Engineer,Mindbox Sp. z o.o.,devops,Senior,Kraków,False,b2b,25200.0,30450.0,2026-08-06
V3V5VQX2-2026-08-08,V3V5VQX2,2026-08-08,Lead Python Developer,Mindbox Sp. z o.o.,backend,Senior,Kraków,False,b2b,29400.0,34650.0,2026-08-06
DTTZE2FD-2026-08-08,DTTZE2FD,2026-08-08,Telemetry / Observability Engineer (Grafana),Diverse CG Sp. z o.o. Sp.k.,devops,Mid,Gdynia,False,b2b,23520.0,25200.0,2026-08-04
KPIJJIAC-2026-08-08,KPIJJIAC,2026-08-08,Principal Data Consultant with Azure,GFT Poland,data,Expert,Kraków,False,b2b,33600.0,44520.0,2026-08-05
FMZGC9LT-2026-08-08,FMZGC9LT,2026-08-08,Product Design Business Line Manager ,EDISONDA P.S.A,ux,Mid,Kraków,False,b2b,18000.0,22000.0,2026-08-05
IMRODZ6M-2026-08-08,IMRODZ6M,2026-08-08,Microsoft Dynamics 365 F&O Functional Consultant (Finance),Link Group,erp,Senior,,True,b2b,25000.0,32000.0,2026-08-07
H7Y4GNWY-2026-08-08,H7Y4GNWY,2026-08-08,Cloud FinOps Support Analyst (f/m/x),Sii Polska,devops,Senior,Kraków,False,b2b,18900.0,25200.0,2026-07-27
PPXZMGW5-2026-08-08,PPXZMGW5,2026-08-08,AI/ML Engineer,Mindbox Sp. z o.o.,artificialIntelligence,Senior,Warszawa,True,b2b,25200.0,30240.0,2026-08-05
PSMAEAXH-2026-08-08,PSMAEAXH,2026-08-08,SAP Consultant / SAP Developer (ABAP & Fiori) – 2nd Level Support,Harvey Nash Technology,erp,Mid,,True,b2b,25200.0,33600.0,2026-07-10
TA5WLWCV-2026-08-08,TA5WLWCV,2026-08-08,Cloud Engineer (Azure),Harvey Nash Technology,devops,Senior,,True,b2b,30240.0,38640.0,2026-07-16
EBKEEME6-2026-08-08,EBKEEME6,2026-08-08,Data Engineer,Connectis_,data,Mid,Warszawa,True,b2b,27000.0,31000.0,2026-08-05
RKWX6BKI-2026-08-08,RKWX6BKI,2026-08-08,Senior Java Developer,Link Group,backend,Senior,Warszawa,False,b2b,43680.0,53760.0,2026-08-05
OGYEL6G7-2026-08-08,OGYEL6G7,2026-08-08,Business Analyst (Manufacturing),Square One Resources,businessAnalyst,Senior,Poznań,False,b2b,16800.0,25200.0,2026-08-03
ALTI1VVL-2026-08-08,ALTI1VVL,2026-08-08,Senior QA Engineer,OneRail Poland Sp. z o.o.,testing,Senior,Kraków,False,b2b,15000.0,18000.0,2026-07-21
DNIUV2HH-2026-08-08,DNIUV2HH,2026-08-08,Senior Software Engineer (node.js backend),OneRail Poland Sp. z o.o.,backend,Senior,Kraków,False,b2b,22000.0,28000.0,2026-07-21
G6KKCHFF-2026-08-08,G6KKCHFF,2026-08-08,"Technical Lead (.net, c#)",OneRail Poland Sp. z o.o.,backend,Expert,Kraków,False,b2b,28000.0,32000.0,2026-07-21
TQCWFMHH-2026-08-08,TQCWFMHH,2026-08-08,DevOps Engineer – Automated Testing Platform (OMP),Link Group,devops,Senior,,True,b2b,20160.0,21840.0,2026-08-05
CWLIMW9U-2026-08-08,CWLIMW9U,2026-08-08,Technical Lead (React Native),OneRail Poland Sp. z o.o.,mobile,Senior,Kraków,False,b2b,28000.0,32000.0,2026-07-21
K5CTBQ1H-2026-08-08,K5CTBQ1H,2026-08-08,Senior Frontend Engineer,Link Group,frontend,Senior,Warszawa,False,permanent,35000.0,45000.0,2026-07-15
BG3EM9WR-2026-08-08,BG3EM9WR,2026-08-08,IT Recruiter & Client Partner,iTeamly,hr,Mid,Kraków,True,b2b,11000.0,18000.0,2026-08-04
X6IVU1LJ-2026-08-08,X6IVU1LJ,2026-08-08,Test Lead,Square One Resources,testing,Senior,Warszawa,True,b2b,23520.0,26880.0,2026-07-15
ODTWO4BC-2026-08-08,ODTWO4BC,2026-08-08,Senior Test Automation Engineer (Java) K/M,ASTEK Polska,testing,Senior,Wrocław,False,b2b,20160.0,24360.0,2026-08-05
MM0ZUQER-2026-08-08,MM0ZUQER,2026-08-08,Information Security Officer - 12 months,Falck Digital Technology,security,Mid,Warszawa,False,permanent,18000.0,23000.0,2026-07-27
MMUTZNX7-2026-08-08,MMUTZNX7,2026-08-08,Senior Backend/Fullstack Developer with Node.js and TypeScript,Spyrosoft,backend,Senior,Wrocław,True,b2b,20160.0,26880.0,2026-08-03
RKZDD5KS-2026-08-08,RKZDD5KS,2026-08-08,Senior Backend Engineer (Go),Link Group,backend,Senior,Warszawa,False,b2b,25000.0,32000.0,2026-08-05
62K9T6FZ-2026-08-08,62K9T6FZ,2026-08-08,Frontend Developer (Angular),ITFS Sp. z o.o.,frontend,Senior,Warszawa,True,b2b,16800.0,20160.0,2026-08-06
JMWMW3P1-2026-08-08,JMWMW3P1,2026-08-08,Mechanical CAD Engineer K/M,ASTEK Polska,mechanics,Senior,Kraków,True,b2b,15120.0,18480.0,2026-08-05
UAHOAZOL-2026-08-08,UAHOAZOL,2026-08-08,Team Lead QA (C#),Shiji Poland,testing,Expert,Katowice,False,permanent,15000.0,19000.0,2026-08-03
5YBNZL0Z-2026-08-08,5YBNZL0Z,2026-08-08,Junior/Mid Low-Code Developera,Margo,backend,Junior,Warszawa,False,b2b,15120.0,20160.0,2026-08-07
AVQUAD6D-2026-08-08,AVQUAD6D,2026-08-08,Ekspert ds. Księgowości i systemów ERP,MS Consulting,finance,Mid,Radzymin,False,permanent,12000.0,20000.0,2026-08-03
OXXKKLA6-2026-08-08,OXXKKLA6,2026-08-08,QA Automation Engineer (Mobile),j-labs software specialist,testing,Mid,Kraków,True,b2b,20160.0,25200.0,2026-08-04
RMYCUE4Q-2026-08-08,RMYCUE4Q,2026-08-08,Cloud Infrastructure Engineer,Link Group,devops,Senior,,True,b2b,16800.0,25200.0,2026-07-21
QQAFJDH9-2026-08-08,QQAFJDH9,2026-08-08,Privileged Remote Access Consultant (Beyond Trust),Link Group,security,Senior,,True,b2b,25200.0,30240.0,2026-07-21
R2TAGGVV-2026-08-08,R2TAGGVV,2026-08-08,Senior Data Engineer (Fulfillment),Tesco Technology,data,Senior,Kraków,False,permanent,26000.0,34000.0,2026-08-05
95QSRGV6-2026-08-08,95QSRGV6,2026-08-08,PAM Security Specialist,Link Group,security,Senior,,True,b2b,25200.0,30240.0,2026-07-21
YXKO5QGX-2026-08-08,YXKO5QGX,2026-08-08,PowerBuilder Developer,apreel Sp. z o.o.,ux,Mid,Warszawa,True,b2b,18480.0,22680.0,2026-08-03
IA3CG1PO-2026-08-08,IA3CG1PO,2026-08-08,Endpoint Security Consultant,Link Group,security,Senior,,True,b2b,25200.0,30240.0,2026-07-21
VOL4MZJA-2026-08-08,VOL4MZJA,2026-08-08,Tech Leader AI & Quality Eng ineering,apreel Sp. z o.o.,artificialIntelligence,Mid,Warszawa,True,b2b,26040.0,29400.0,2026-08-03
VNEZ37TP-2026-08-08,VNEZ37TP,2026-08-08,Power Platform Consultant ,Ework Group,artificialIntelligence,Senior,Gdańsk,False,b2b,30240.0,33600.0,2026-08-04
ZHLU0V6S-2026-08-08,ZHLU0V6S,2026-08-08,Python Developer M/k,ASTEK Polska,backend,Senior,Kraków,False,b2b,16800.0,21000.0,2026-08-06
EIY4B36K-2026-08-08,EIY4B36K,2026-08-08,Product Engineer/ Full-stack ,Profitroom S.A.,frontend,Senior,Poznań,True,b2b,15000.0,25000.0,2026-08-06
5OKZHIPJ-2026-08-08,5OKZHIPJ,2026-08-08,"Senior QA Engineer with Python, Playwright and Selenium",CodiLime,testing,Senior,Warszawa,True,b2b,20500.0,27000.0,2026-08-07
PMHC4VFR-2026-08-08,PMHC4VFR,2026-08-08,Cloud Engineer (AWS),Square One Resources,devops,Senior,Warszawa,False,b2b,18480.0,22680.0,2026-07-27
5RCCVVQC-2026-08-08,5RCCVVQC,2026-08-08,Model Based Software Engineer/Integrator,Spyrosoft,embedded,Senior,Wrocław,True,b2b,18480.0,29400.0,2026-08-07
FXWB1ZPL-2026-08-08,FXWB1ZPL,2026-08-08,Microsoft Copilot Studio & Power Platform Consultant (K/M),ASTEK Polska,other,Senior,Warszawa,False,b2b,23100.0,26880.0,2026-08-07
7IJMU7M3-2026-08-08,7IJMU7M3,2026-08-08,Tech Lead (Backend Architecture),Michael Page,backend,Expert,Warszawa,True,b2b,31920.0,36960.0,2026-08-07
LGOWUAYU-2026-08-08,LGOWUAYU,2026-08-08,DevSecOps Engineer - IT Contracting,Michael Page,devops,Senior,Warszawa,True,b2b,25200.0,30240.0,2026-08-07
CRMJWTPS-2026-08-08,CRMJWTPS,2026-08-08,Cloud Strategy Architect - Enterprise Cloud Transformation,Michael Page,architecture,Expert,Wrocław,False,permanent,28000.0,34000.0,2026-08-05
SKFAEZCV-2026-08-08,SKFAEZCV,2026-08-08,AI Native Backend Developer,Michael Page,backend,Mid,Warszawa,True,b2b,23520.0,30240.0,2026-08-07
F9TGFLSK-2026-08-08,F9TGFLSK,2026-08-08,Senior Cybersecurity Engineer (CrowdStrike),Michael Page,security,Senior,Kraków,True,permanent,25000.0,28000.0,2026-08-05
0JBZXGSQ-2026-08-08,0JBZXGSQ,2026-08-08,Senior Fullstack Developer - IT Contracting,Michael Page,fullstack,Senior,Kraków,True,b2b,21840.0,26880.0,2026-08-04
BCLWJ7JW-2026-08-08,BCLWJ7JW,2026-08-08,AI Business Operations Specialist,Michael Page,businessAnalyst,Junior,Warszawa,True,b2b,21840.0,25200.0,2026-08-07
BBBN2RAD-2026-08-08,BBBN2RAD,2026-08-08,Jira Administrator - IT Contracting,Michael Page,sysAdministrator,Junior,Warszawa,True,b2b,20160.0,25200.0,2026-08-05
6AS9PCI8-2026-08-08,6AS9PCI8,2026-08-08,FinTech Product Manager - IT Contracting,Michael Page,projectManager,Senior,Warszawa,True,b2b,21840.0,27720.0,2026-08-07
E46UURJO-2026-08-08,E46UURJO,2026-08-08,Senior Software Engineer (Kotlin/Java),Scalo,backend,Senior,Wrocław,True,b2b,23520.0,25200.0,2026-08-03
5FJ7ROWZ-2026-08-08,5FJ7ROWZ,2026-08-08,QA/Automation Tester (Java + JS),Scalo,backend,Mid,Katowice,True,b2b,18480.0,20160.0,2026-07-17
ELK0JSRL-2026-08-08,ELK0JSRL,2026-08-08,DevOps Engineer (Kubernetes / CI/CD) – Praca zdalna,Upvanta,devops,Mid,,True,b2b,23520.0,28560.0,2026-08-05
2UDZPIPK-2026-08-08,2UDZPIPK,2026-08-08,Windows Support Engineer,Ework Group,support,Senior,Warszawa,False,b2b,23016.0,25200.0,2026-08-05
MKHUCVDQ-2026-08-08,MKHUCVDQ,2026-08-08,Data Engineer,Ework Group,data,Senior,,True,b2b,27384.0,31752.0,2026-08-05
BCNUKF71-2026-08-08,BCNUKF71,2026-08-08,Software Tester Specialist,Toyota Digital HUB & SSC (TME NV/SA),testing,Mid,Wrocław,False,permanent,12000.0,18000.0,2026-08-05
QHIXLRTY-2026-08-08,QHIXLRTY,2026-08-08,ECM / E-Akte Consultant (Fabasoft) – German Speaking,Square One Resources,officeAdministration,Mid,Warszawa,True,b2b,23520.0,26040.0,2026-08-05
3WTFPJJM-2026-08-08,3WTFPJJM,2026-08-08,Atlassian Administrator (Tech SME),Mindbox Sp. z o.o.,backend,Mid,Kraków,False,b2b,23100.0,25200.0,2026-08-05
AQDQZA7H-2026-08-08,AQDQZA7H,2026-08-08,Fullstack Developer (.Net + Angular),Antal,fullstack,Mid,Gdynia,False,b2b,21000.0,25200.0,2026-08-05
FFQQWZOC-2026-08-08,FFQQWZOC,2026-08-08,Full Stack OTEL Developer,Verita HR,fullstack,Mid,Kraków,False,b2b,28350.0,30450.0,2026-08-05
UGG09EIL-2026-08-08,UGG09EIL,2026-08-08,Head of Middleware Platform Security,Mindbox Sp. z o.o.,security,Expert,Kraków,False,b2b,33600.0,37800.0,2026-08-05
I7VAS1SK-2026-08-08,I7VAS1SK,2026-08-08,Senior React Native dev | US VR startup,From Poland With Dev,mobile,Senior,Kraków,True,b2b,23520.0,30240.0,2026-08-05
DHOVQXCQ-2026-08-08,DHOVQXCQ,2026-08-08,Senior ML Engineer,SoftServe,artificialIntelligence,Senior,,True,b2b,20000.0,30000.0,2026-08-05
OK7HTG8G-2026-08-08,OK7HTG8G,2026-08-08,Application Performance Engineer,Shoper,backend,Senior,Kraków,True,b2b,18000.0,20000.0,2026-08-05
CZ9WDRW2-2026-08-08,CZ9WDRW2,2026-08-08,Technical Product Manager,SoftServe,productManagement,Expert,,True,b2b,18000.0,29500.0,2026-08-05
IVMTFQEL-2026-08-08,IVMTFQEL,2026-08-08,Robotics Architect (Modelling & Simulation),SoftServe,architecture,Expert,,True,permanent,22600.0,32400.0,2026-08-05
NJI1FBB2-2026-08-08,NJI1FBB2,2026-08-08,Data Architect (AWS),SoftServe,architecture,Senior,,True,b2b,25500.0,32700.0,2026-08-05
CSPRGQBR-2026-08-08,CSPRGQBR,2026-08-08,Project Manager (iGaming),BLUEBINARY,projectManager,Mid,Wrocław,True,b2b,8500.0,10500.0,2026-08-05
SVTQWTNM-2026-08-08,SVTQWTNM,2026-08-08,Guidewire Developer (PolicyCenter / ClaimCenter / BillingCenter),1dea,other,Senior,,True,b2b,28560.0,35280.0,2026-08-05
YL8TAE2S-2026-08-08,YL8TAE2S,2026-08-08,AWS DevOps Engineer,Verita HR,devops,Senior,Kraków,False,b2b,28350.0,31500.0,2026-08-06
SGQQLGJ7-2026-08-08,SGQQLGJ7,2026-08-08,Data Engineer (MS SQL),Scalo,data,Mid,Warszawa,False,b2b,20160.0,21840.0,2026-08-05
8CNIJ1LB-2026-08-08,8CNIJ1LB,2026-08-08,L2/L3 Linux Operations Engineer,Ework Group,support,Senior,Warszawa,False,b2b,23016.0,25200.0,2026-08-06
Z4GEG46I-2026-08-08,Z4GEG46I,2026-08-08,Senior NetApp Storage Engineer,Ework Group,support,Senior,Warszawa,False,b2b,21000.0,25200.0,2026-08-07
PSNJMYU6-2026-08-08,PSNJMYU6,2026-08-08,IT Engineer to perform Single Sign-On Onboarding,Ework Group,security,Senior,Gdynia,False,b2b,20160.0,22680.0,2026-08-07
EHYTR5EC-2026-08-08,EHYTR5EC,2026-08-08,Angular Developer,Antal,frontend,Mid,Gdańsk,False,b2b,21000.0,25200.0,2026-08-05
KTBMZLQZ-2026-08-08,KTBMZLQZ,2026-08-08, Process Engineering Manager,HSBC Technology Poland,agile,Senior,Kraków,False,permanent,15108.0,21000.0,2026-08-06
JLRUECRP-2026-08-08,JLRUECRP,2026-08-08,Junior Sales Manager (IT) – bez wymaganego doświadczenia,Integrale IT Sp. z o. o.,sales,Junior,Poznań,False,b2b,6000.0,12000.0,2026-08-07
VFAWNVD8-2026-08-08,VFAWNVD8,2026-08-08,Konsultant SAP FI R2R ,ITFS Sp. z o.o.,erp,Mid,,True,b2b,26880.0,30240.0,2026-08-07
EJ7CGMLR-2026-08-08,EJ7CGMLR,2026-08-08,Fullstack Developer (.NET + React),Scalo,fullstack,Senior,Gdynia,True,b2b,21840.0,23520.0,2026-08-05
2SRHVZJS-2026-08-08,2SRHVZJS,2026-08-08,Fullstack Developer (Tech Lead),Order Group,fullstack,Senior,Warszawa,True,b2b,22000.0,28000.0,2026-08-07
ZSBJMPC8-2026-08-08,ZSBJMPC8,2026-08-08,Manual/ QA Engineer,Verita HR,testing,Mid,Warszawa,False,b2b,13500.0,15500.0,2026-08-07
R8PPX9Y6-2026-08-08,R8PPX9Y6,2026-08-08,Developer – AI-Enabled Delivery,Mindbox Sp. z o.o.,backend,Mid,Kraków,False,b2b,33600.0,37800.0,2026-08-06
WHSQMOMY-2026-08-08,WHSQMOMY,2026-08-08,Senior It Tester,Ework Group,testing,Senior,Warszawa,False,b2b,16800.0,21000.0,2026-08-06
UFOWO26Y-2026-08-08,UFOWO26Y,2026-08-08,Expert Devops Engineer,ING BANK ŚLĄSKI SPÓŁKA AKCYJNA,devops,Expert,Katowice,False,permanent,21000.0,26000.0,2026-08-07
RWVVWDKR-2026-08-08,RWVVWDKR,2026-08-08,Project Manager (SAP),Connectis_,projectManager,Mid,Warszawa,False,b2b,18000.0,20000.0,2026-08-06
GW53SCKM-2026-08-08,GW53SCKM,2026-08-08,QA Engineer Mid/Senior,Droptica,testing,Senior,Wrocław,False,b2b,13390.0,16500.0,2026-08-06
9DMANY6J-2026-08-08,9DMANY6J,2026-08-08,European Sourcing Manager with German,HSBC Technology Poland,logistics,Mid,Kraków,False,permanent,14384.0,18500.0,2026-08-07
9JUX0591-2026-08-08,9JUX0591,2026-08-08,Senior .NET Developer,Angry Nerds,backend,Senior,Wrocław,True,b2b,16800.0,21840.0,2026-08-07
FM9XGADC-2026-08-08,FM9XGADC,2026-08-08,Data Collection SW Engineer / Graduate,Toyota Digital HUB & SSC (TME NV/SA),data,Junior,Wrocław,False,permanent,9000.0,10000.0,2026-07-24
8PZEORZT-2026-08-08,8PZEORZT,2026-08-08,Senior .NET Engineer,N-iX,backend,Senior,Gdynia,True,b2b,5000.0,6200.0,2026-08-07
JT0LV44I-2026-08-08,JT0LV44I,2026-08-08,Architekt/-ka Rozwiązań IT – obszar płatności,Mindbox Sp. z o.o.,backend,Junior,Wrocław,False,b2b,14070.0,16275.0,2026-08-05
JZG7FPW4-2026-08-08,JZG7FPW4,2026-08-08,Big Data Engineer IV,OpenX,backend,Senior,Kraków,True,b2b,31248.0,34944.0,2026-08-06
YJEDZDB8-2026-08-08,YJEDZDB8,2026-08-08,Senior NetApp Storage Engineer,DCG,devops,Senior,Gdynia,False,b2b,21840.0,22680.0,2026-08-07
8KJBVSNW-2026-08-08,8KJBVSNW,2026-08-08,Lider zmiany (K/M),Audit HR,logistics,Mid,Gorzów Wielkopolski,False,permanent,6000.0,8000.0,2026-07-24
8967FRZW-2026-08-08,8967FRZW,2026-08-08,Senior .NET Developer,Arche Solutions,backend,Senior,,True,b2b,20160.0,25200.0,2026-08-01
E2MAV9EY-2026-08-08,E2MAV9EY,2026-08-08,DevOps / Cloud Engineer,Mindbox Sp. z o.o.,devops,Mid,Kraków,False,b2b,31500.0,34650.0,2026-08-07
KLYJJNLJ-2026-08-08,KLYJJNLJ,2026-08-08,Konsultant ds. telefonicznej obsługi Klienta,Customeritum,sales,Mid,Sulejówek,False,zlecenie,5376.0,6384.0,2026-08-02
9CJWCDYM-2026-08-08,9CJWCDYM,2026-08-08,TypeScript & Scala Engineer,VirtusLab,backend,Mid,Kielce,True,b2b,23520.0,31080.0,2026-08-01
MARKSUX0-2026-08-08,MARKSUX0,2026-08-08,Privacy Data Analyst with Spanish,TP Poland Sp. z o.o.,customerService,Junior,Kraków,False,permanent,5500.0,6500.0,2026-07-24
P3NDGEMP-2026-08-08,P3NDGEMP,2026-08-08,Specjalista / Specjalistka ds. Sprzedaży Eksportowej z j. angielskim,D-R-O,sales,Mid,Ożarów Mazowiecki,False,b2b,15000.0,30000.0,2026-07-24
KSES09XO-2026-08-08,KSES09XO,2026-08-08,Senior Data Engineer (Databricks),Spyrosoft,data,Senior,Wrocław,False,b2b,18480.0,25200.0,2026-08-07
GBEMIPDK-2026-08-08,GBEMIPDK,2026-08-08,Senior Integration Engineer,Link Group,backend,Senior,,True,b2b,21840.0,23520.0,2026-08-02
9W0W9FJJ-2026-08-08,9W0W9FJJ,2026-08-08,Asystent Prezesa Zarządu (K/M),Audit HR,officeAdministration,Mid,Warszawa,False,permanent,6000.0,10000.0,2026-07-24
3WG4FB3X-2026-08-08,3WG4FB3X,2026-08-08,Data Engineer,Reply Polska,data,Mid,Katowice,False,permanent,12000.0,20000.0,2026-08-06
2TNIRVAN-2026-08-08,2TNIRVAN,2026-08-08,Security Engineer,LumApps,security,Mid,Kraków,False,b2b,16166.0,18583.0,2026-08-06
SYFRGUFT-2026-08-08,SYFRGUFT,2026-08-08,Technology Sales & Recruitment Consultant,Harvey Nash Technology,sales,Mid,Warszawa,False,permanent,8000.0,11000.0,2026-08-02
V1VYE8WF-2026-08-08,V1VYE8WF,2026-08-08,Senior Java Engineer,Mindbox Sp. z o.o.,backend,Senior,Kraków,False,b2b,31500.0,35700.0,2026-08-06
NEWGM0WT-2026-08-08,NEWGM0WT,2026-08-08,Veeva Vault Configuration Specialist Regulatory One ,Bayer,backend,Mid,Warszawa,False,permanent,15360.0,19200.0,2026-08-02
TB3ROQXS-2026-08-08,TB3ROQXS,2026-08-08,Engineer Blue yonder wms,Connectis_,logistics,Mid,Warszawa,False,b2b,42000.0,55440.0,2026-08-01
615AF99Z-2026-08-08,615AF99Z,2026-08-08,Transformation Business Analyst,Verita HR,businessAnalyst,Senior,Kraków,False,b2b,23000.0,26000.0,2026-08-06
1PIZVISI-2026-08-08,1PIZVISI,2026-08-08,Fullstack Developer (.NET + Angular) [M/F],Arche Solutions,fullstack,Mid,,True,b2b,16800.0,20160.0,2026-08-01
NZLSCSBX-2026-08-08,NZLSCSBX,2026-08-08,SDN Network Engineer OVS / OVN,Spyrosoft,devops,Senior,Wrocław,True,b2b,18480.0,31920.0,2026-08-02
RZSQKWXM-2026-08-08,RZSQKWXM,2026-08-08,Program Manager,Scalo,projectManager,Senior,Warszawa,False,b2b,24360.0,26040.0,2026-08-05
CJCVO7NH-2026-08-08,CJCVO7NH,2026-08-08,Android Developer (Talent Pool),iteo S.A.,mobile,Mid,Katowice,True,b2b,13000.0,20000.0,2026-08-02
J3HHLCRZ-2026-08-08,J3HHLCRZ,2026-08-08,Enterprise Architect - Data & AI (Cross Domain),Roche,architecture,Mid,Warszawa,False,permanent,23300.0,43300.0,2026-08-06
V2J4A9W9-2026-08-08,V2J4A9W9,2026-08-08,Marketing manager k/m,Connectis_,marketing,Mid,Warszawa,False,b2b,18000.0,25000.0,2026-08-07
ITCB7XG6-2026-08-08,ITCB7XG6,2026-08-08,Full Stack OTEL Developer,Mindbox Sp. z o.o.,fullstack,Mid,Kraków,False,b2b,27300.0,31500.0,2026-08-06
DZZCW5JQ-2026-08-08,DZZCW5JQ,2026-08-08,Sales Engineer with German,Xopero Software,sales,Mid,Gorzów Wielkopolski,False,b2b,17976.0,22008.0,2026-08-02
VYZRSTU5-2026-08-08,VYZRSTU5,2026-08-08,Power BI Developer,MSAPPS SPÓŁKA Z OGRANICZONĄ ODPOWIEDZIALNOŚCIĄ,businessIntelligence,Mid,Warszawa,True,b2b,10080.0,16800.0,2026-08-01
HQCDYAZJ-2026-08-08,HQCDYAZJ,2026-08-08,Solution Architect – Microsoft Dynamics 365,Reply Polska,artificialIntelligence,Mid,Katowice,False,permanent,19000.0,24000.0,2026-08-06
7VJCARPL-2026-08-08,7VJCARPL,2026-08-08,IT Product Owner,Antal,projectManager,Senior,Warszawa,False,b2b,21840.0,25200.0,2026-08-02
FCYOYW9K-2026-08-08,FCYOYW9K,2026-08-08,OT Network Support Specialist,Mindbox Sp. z o.o.,support,Senior,Kraków,False,b2b,18900.0,23100.0,2026-07-26
C6GW1MMP-2026-08-08,C6GW1MMP,2026-08-08,Senior Cloud Platform Engineer – Multi-Cloud / GCP,Diverse CG Sp. z o.o. Sp.k.,devops,Senior,Warszawa,False,b2b,23520.0,27720.0,2026-08-01
PFSWHEKL-2026-08-08,PFSWHEKL,2026-08-08,  Application Security Engineer,Starburst Data Polska,security,Mid,Warszawa,False,permanent,23000.0,29000.0,2026-08-06
VUPEDTHX-2026-08-08,VUPEDTHX,2026-08-08,Senior Python Engineer,GFT Poland,backend,Senior,Kraków,True,permanent,14580.0,22350.0,2026-08-07
SLNLVDH1-2026-08-08,SLNLVDH1,2026-08-08,Junior Java Developer,Upvanta,backend,Junior,,True,b2b,6300.0,8400.0,2026-08-02
VMQ3IIRB-2026-08-08,VMQ3IIRB,2026-08-08,UX/UI Designer,Scalo,ux,Mid,Warszawa,False,b2b,18480.0,20160.0,2026-07-16
EIXFPNQH-2026-08-08,EIXFPNQH,2026-08-08,Account Manager,D-R-O,sales,Mid,Ożarów mazowiecki,False,b2b,15000.0,30000.0,2026-07-24
SOKYPPG2-2026-08-08,SOKYPPG2,2026-08-08,Tester manualny,Upvanta,testing,Mid,Wrocław,False,b2b,9450.0,10500.0,2026-08-07
NR4JRDZF-2026-08-08,NR4JRDZF,2026-08-08,Solution Designer,Mindbox Sp. z o.o.,ux,Mid,Kraków,False,b2b,31500.0,37800.0,2026-08-02
CTZN1BB2-2026-08-08,CTZN1BB2,2026-08-08,Senior ML/AI Engineer ,iTeamly,artificialIntelligence,Expert,,True,b2b,23000.0,34000.0,2026-08-01
BM9NA2NX-2026-08-08,BM9NA2NX,2026-08-08,Automation Tester/QA  (Playwright),Scalo,testing,Senior,Wrocław,True,b2b,20160.0,21840.0,2026-08-07
QQQVIQSL-2026-08-08,QQQVIQSL,2026-08-08,Staff Python Engineer,iTeamly,backend,Senior,Kraków,False,b2b,32000.0,38000.0,2026-08-06
SGJPT2GO-2026-08-08,SGJPT2GO,2026-08-08,Senior Payment Security Engineer (HSM / ISO 8583 / Cryptography),Upvanta,security,Senior,,True,b2b,25200.0,36960.0,2026-08-06
TAPGLNQW-2026-08-08,TAPGLNQW,2026-08-08,Senior Network Engineer[M/F],Arche Solutions,sysAdministrator,Senior,Warszawa,False,b2b,28560.0,36960.0,2026-08-07
CZDG8XIN-2026-08-08,CZDG8XIN,2026-08-08,Tester Automatyzujący,"AVENGA (Agencja Pracy, nr KRAZ: 8448)",testing,Mid,Warszawa,False,b2b,13440.0,21840.0,2026-08-02
JUN2JK8J-2026-08-08,JUN2JK8J,2026-08-08,Cybersecurity Senior Engineer/Architect ,OChK,security,Senior,Warszawa,True,permanent,20000.0,24000.0,2026-07-26
IWLKC0MO-2026-08-08,IWLKC0MO,2026-08-08,Senior SRE,OpenX,devops,Senior,Kraków,True,b2b,30408.0,33936.0,2026-08-01
1EG8XIPT-2026-08-08,1EG8XIPT,2026-08-08,Data Visualization Analyst,Verita HR,data,Mid,Kraków,False,b2b,25000.0,29000.0,2026-08-06
BBGW8EXP-2026-08-08,BBGW8EXP,2026-08-08,Lead SME - Cryptography,Mindbox Sp. z o.o.,security,Senior,Kraków,False,b2b,23100.0,27930.0,2026-07-26
VYKXHG0H-2026-08-08,VYKXHG0H,2026-08-08,Senior Test Automation Engineer (Python / Robot Framework),Diverse CG Sp. z o.o. Sp.k.,testing,Senior,Warszawa,False,b2b,21000.0,22680.0,2026-08-02
XXHP08GA-2026-08-08,XXHP08GA,2026-08-08,Java Developer,PKO Finat Sp. z o.o.,backend,Senior,Warszawa,False,b2b,26880.0,30240.0,2026-08-07
FHNXZFVS-2026-08-08,FHNXZFVS,2026-08-08,Application Migration Engineer,Verita HR,sysAdministrator,Mid,Warszawa,False,b2b,15000.0,22000.0,2026-08-06
BJUBARAG-2026-08-08,BJUBARAG,2026-08-08,Data Analyst with German,Harvey Nash Technology,data,Mid,,True,b2b,25200.0,31920.0,2026-07-26
AVPNAEQA-2026-08-08,AVPNAEQA,2026-08-08,"Analyst IT – Shopfloor ERP Support (Legnica, Poland)",Upvanta,backend,Mid,Legnica,False,b2b,9450.0,12600.0,2026-07-24
0LFI7MC5-2026-08-08,0LFI7MC5,2026-08-08,Full Stack Developer,Ework Group,fullstack,Senior,Warszawa,False,b2b,28560.0,35280.0,2026-08-01
4DIEUFJU-2026-08-08,4DIEUFJU,2026-08-08,Senior Data Engineer,Vatix,data,Senior,Kraków,False,b2b,23000.0,29000.0,2026-08-02
DFMAAZJU-2026-08-08,DFMAAZJU,2026-08-08,Lead Data Engineer (Spark),Addepto,data,Senior,Warszawa,True,b2b,21000.0,31920.0,2026-07-26
VRCV3SPS-2026-08-08,VRCV3SPS,2026-08-08,Product Owner,Ework Group,productManagement,Mid,Warszawa,False,b2b,16800.0,23520.0,2026-08-01
OIXYXZ9I-2026-08-08,OIXYXZ9I,2026-08-08,Senior C++ Software Engineer,Motorola Solutions Systems Polska,backend,Senior,Kraków,False,permanent,17000.0,21000.0,2026-08-07
EMHFCETH-2026-08-08,EMHFCETH,2026-08-08,Databricks Architect (Data Engineering),Spyrosoft,data,Senior,Wrocław,True,b2b,23520.0,31920.0,2026-08-07
RZFTHD4S-2026-08-08,RZFTHD4S,2026-08-08, Test Automation Engineer,"AVENGA (Agencja Pracy, nr KRAZ: 8448)",testing,Mid,Warszawa,False,b2b,20160.0,23520.0,2026-07-26
QXOUX9DR-2026-08-08,QXOUX9DR,2026-08-08,System Analyst,Scalo,data,Senior,Warszawa,False,b2b,23520.0,25200.0,2026-08-02
ZGC7BE1J-2026-08-08,ZGC7BE1J,2026-08-08,Senior DevOps Engineer,CLOUDFIDE SP. Z.O.O,devops,Senior,Warszawa,True,b2b,23520.0,30240.0,2026-08-07
BZL7JRNX-2026-08-08,BZL7JRNX,2026-08-08,"DevSecOps Strategy & Governance Manager (Multi-Vendor Environment, Middle East Engagement)",Square One Resources,devops,Senior,Warszawa,True,b2b,30240.0,36960.0,2026-08-01
WDOJFLED-2026-08-08,WDOJFLED,2026-08-08,Data Quality Analyst Workday PRISM,Connectis_,data,Mid,Warszawa,True,b2b,28500.0,32500.0,2026-08-06
XDPUKAYB-2026-08-08,XDPUKAYB,2026-08-08,Konsultant ds. telefonicznej obsługi Klienta,Customeritum,customerService,Mid,Sulejówek,False,zlecenie,5376.0,6384.0,2026-08-02
FNCXHXFQ-2026-08-08,FNCXHXFQ,2026-08-08,Content Strategist,Square One Resources,marketing,Senior,Warszawa,True,b2b,14280.0,15120.0,2026-08-05
HILLLKNZ-2026-08-08,HILLLKNZ,2026-08-08,Export Account Manager/ Managerka z językiem francuskim,DCG,sales,Mid,Kraków,False,permanent,8000.0,8600.0,2026-08-01
EEIKULIQ-2026-08-08,EEIKULIQ,2026-08-08,Test Automation Engineer,Ework Group,testing,Senior,Warszawa,False,b2b,23520.0,26880.0,2026-07-26
IJY7ADCW-2026-08-08,IJY7ADCW,2026-08-08,Staff Cloud Software Engineer,Graphcore,artificialIntelligence,Senior,Gdańsk,False,permanent,29225.0,39533.0,2026-07-26
VIVIZXKU-2026-08-08,VIVIZXKU,2026-08-08,Scrum Master with Technical Experience,"AVENGA (Agencja Pracy, nr KRAZ: 8448)",devops,Senior,Wrocław,True,b2b,27720.0,31920.0,2026-08-07
IPMGIJGL-2026-08-08,IPMGIJGL,2026-08-08,QA Automation Engineer (Java + Cypress),Scalo,testing,Senior,Warszawa,True,b2b,19320.0,22680.0,2026-08-02
ESIQWU3T-2026-08-08,ESIQWU3T,2026-08-08,Konsultant(ka) SAP SD (Mid) – 100% Zdalnie,IT TALENTO,erp,Mid,Poznań,True,b2b,15000.0,15000.0,2026-08-07
DP5CPSIE-2026-08-08,DP5CPSIE,2026-08-08,Flutter Developer,Antal,mobile,Senior,Wrocław,False,b2b,20160.0,24360.0,2026-08-07
BP8MZNRG-2026-08-08,BP8MZNRG,2026-08-08,Tech Lead (Java & AI Engineering),Inteca,backend,Senior,Wrocław,True,b2b,23000.0,28000.0,2026-08-02
LJDEJZTJ-2026-08-08,LJDEJZTJ,2026-08-08,IT Analyst - Software Lifecycle Management ,Ework Group,sysAdministrator,Mid,Warszawa,False,b2b,90.0,110.0,2026-08-07
DRDUZUTQ-2026-08-08,DRDUZUTQ,2026-08-08,Architekt systemowy,Antal,architecture,Senior,Warszawa,False,b2b,30240.0,33600.0,2026-08-02
LYTTZ943-2026-08-08,LYTTZ943,2026-08-08, Senior Data Engineer ,Makeitright Sp. z o.o.,data,Senior,,True,b2b,25200.0,33600.0,2026-08-06
IBHZUF9R-2026-08-08,IBHZUF9R,2026-08-08,Konsultant SAP EWM (Mid) – 100% Zdalnie,IT TALENTO,erp,Mid,Poznań,True,b2b,21840.0,21840.0,2026-08-07
ZINHUIDR-2026-08-08,ZINHUIDR,2026-08-08,Principal SME - NSEC Baselines Technical Requirements Analyst,Mindbox Sp. z o.o.,security,Senior,Kraków,False,b2b,31500.0,35700.0,2026-08-05
HZGQYXPE-2026-08-08,HZGQYXPE,2026-08-08,Network Security Analyst,Link Group,security,Mid,,True,b2b,16800.0,23520.0,2026-08-02
JFZMEP5Z-2026-08-08,JFZMEP5Z,2026-08-08,DataStage Developer ,DCG,data,Senior,WARSAW,False,b2b,21840.0,27720.0,2026-07-26
UU0I7TGM-2026-08-08,UU0I7TGM,2026-08-08,SAP CO Senior Consultant,Link Group,erp,Senior,,True,b2b,26880.0,33600.0,2026-08-02
JQONOQAB-2026-08-08,JQONOQAB,2026-08-08,Data Analyst (Capital Reporting Support),Ework Group,data,Senior,Warszawa,False,b2b,20160.0,24360.0,2026-08-01
8CRWUMP6-2026-08-08,8CRWUMP6,2026-08-08,Oracle EBS Consultant,Square One Resources,erp,Senior,Warszawa,True,b2b,25200.0,33600.0,2026-08-05
YO7LUVXT-2026-08-08,YO7LUVXT,2026-08-08,Azure DevOps Engineer,Verita HR,devops,Senior,Kraków,False,b2b,27300.0,31500.0,2026-08-06
WD6I0WOS-2026-08-08,WD6I0WOS,2026-08-08,Oracle APEX Developer,1dea,erp,Senior,,True,b2b,28560.0,36960.0,2026-08-05
YP7UF2JG-2026-08-08,YP7UF2JG,2026-08-08,R2R Team Lead,Link Group,finance,Senior,Poznań,False,b2b,18480.0,23520.0,2026-08-02
PISKROC8-2026-08-08,PISKROC8,2026-08-08,Senior Go Engineer (Architecture & Distributed Systems),Upvanta,backend,Senior,,True,b2b,26880.0,28560.0,2026-07-24
AL0RPEYG-2026-08-08,AL0RPEYG,2026-08-08,Information Security Specialist,Ringier Axel Springer Tech,security,Mid,Kraków,False,b2b,11300.0,18850.0,2026-08-06
RP6UUXZU-2026-08-08,RP6UUXZU,2026-08-08,Power BI Developer,Diverse CG Sp. z o.o. Sp.k.,businessIntelligence,Senior,Gdynia,False,b2b,20160.0,21840.0,2026-08-02
UZFBWDEO-2026-08-08,UZFBWDEO,2026-08-08,Java Developer,Ework Group,backend,Senior,Warszawa,False,b2b,23520.0,26880.0,2026-08-01
BFXP5DPA-2026-08-08,BFXP5DPA,2026-08-08,Kierownik działu controllingu (K/M),Audit HR,logistics,Mid,Poznań,False,permanent,15000.0,20000.0,2026-07-16
VF6JWZCJ-2026-08-08,VF6JWZCJ,2026-08-08,Full-Stack Java Developer ,DCG,fullstack,Senior,Warszawa,False,b2b,23520.0,30240.0,2026-08-02
QULEK8LQ-2026-08-08,QULEK8LQ,2026-08-08,Senior Java Developer,Verita HR,backend,Senior,Kraków,False,b2b,28350.0,31500.0,2026-08-06
NFMOFSUD-2026-08-08,NFMOFSUD,2026-08-08,Data Engineer (Hadoop),Verita HR,data,Mid,Kraków,False,b2b,1450.0,1550.0,2026-08-05
DQQCMEIY-2026-08-08,DQQCMEIY,2026-08-08,Enterprise Architect,Roche,architecture,Mid,Warszawa,False,permanent,23300.0,43300.0,2026-08-06
2OQGWKKA-2026-08-08,2OQGWKKA,2026-08-08,Software Asset Lifecycle Management Consultant,Diverse CG Sp. z o.o. Sp.k.,support,Senior,Gdynia,False,b2b,16800.0,18480.0,2026-08-07
UVWE7OUY-2026-08-08,UVWE7OUY,2026-08-08,Semantic Data Engineer,Link Group,data,Senior,,True,b2b,16800.0,22680.0,2026-08-06
80VVJPBY-2026-08-08,80VVJPBY,2026-08-08,Senior IT Administrator,Argus Data Insights Germany,sysAdministrator,Senior,,True,b2b,16800.0,23520.0,2026-07-26
JGW8VJHO-2026-08-08,JGW8VJHO,2026-08-08,BI Developer,Link Group,businessIntelligence,Mid,Poznań,False,permanent,16000.0,19000.0,2026-08-07
X17K0JYC-2026-08-08,X17K0JYC,2026-08-08,SAP OTC EDI/B2B Analyst (EMEA),Upvanta,erp,Mid,Wrocław,True,b2b,25000.0,29000.0,2026-07-24
HPUBN6NV-2026-08-08,HPUBN6NV,2026-08-08,AI Solution Architect,Ework Group,artificialIntelligence,Senior,Warszawa,True,b2b,30240.0,36960.0,2026-07-26
U5WUPCHY-2026-08-08,U5WUPCHY,2026-08-08,System Analyst,Scalo,data,Senior,Warszawa,False,b2b,21840.0,23520.0,2026-08-02
2PG1ONOM-2026-08-08,2PG1ONOM,2026-08-08,Application Security Coordinator,Ework Group,security,Senior,Warszawa,False,b2b,23520.0,25200.0,2026-08-06
ZSVJ0D8S-2026-08-08,ZSVJ0D8S,2026-08-08,Młodszy Specjalista / Młodsza Specjalistka ds. Logistyki ,Triol Corporation,logistics,Junior,Ostrówek Węgrowski,False,permanent,6500.0,8000.0,2026-07-26
S5JDVNAP-2026-08-08,S5JDVNAP,2026-08-08,Analityk Biznesowy Senior,Scalo,businessAnalyst,Senior,Warszawa,False,b2b,16800.0,18480.0,2026-07-24
ZDXEZ70F-2026-08-08,ZDXEZ70F,2026-08-08,Java Developer,Scalo,backend,Mid,Warszawa,False,b2b,24360.0,26040.0,2026-08-02
PF3WHREX-2026-08-08,PF3WHREX,2026-08-08,Software Engineer with Golang,"AVENGA (Agencja Pracy, nr KRAZ: 8448)",devops,Senior,Wrocław,True,b2b,24360.0,26040.0,2026-08-06
T1OVMWZH-2026-08-08,T1OVMWZH,2026-08-08,Senior PHP Engineer with AI / LLM,iTeamly,backend,Senior,Kraków,True,b2b,23000.0,32000.0,2026-08-05
Q7MUUXEL-2026-08-08,Q7MUUXEL,2026-08-08,EV (Electric Vehicle) Backend Product Lead,Toyota Digital HUB & SSC (TME NV/SA),productManagement,Expert,Wrocław,False,permanent,12000.0,18000.0,2026-08-07
Y88JSY2N-2026-08-08,Y88JSY2N,2026-08-08,Lead Engineer - Proofpoint,Mindbox Sp. z o.o.,security,Senior,Kraków,False,b2b,29400.0,35700.0,2026-07-26
CGZTEB4J-2026-08-08,CGZTEB4J,2026-08-08,SSA/LSA Pega Developer,Ework Group,backend,Mid,Warszawa,True,b2b,36960.0,38640.0,2026-08-07
YD5MIUZA-2026-08-08,YD5MIUZA,2026-08-08,Backend Software Developer (C#),Reply Polska,backend,Senior,Katowice,False,permanent,13000.0,19000.0,2026-08-02
2SNZCEYK-2026-08-08,2SNZCEYK,2026-08-08,Customer Success Manager (Krakow),LumApps,customerService,Senior,Kraków,True,permanent,9208.0,12416.0,2026-08-06
KUP9UFXQ-2026-08-08,KUP9UFXQ,2026-08-08,Observability Engineer,Ework Group,devops,Senior,Gdynia,False,b2b,25200.0,30240.0,2026-07-26
JQIMZRHS-2026-08-08,JQIMZRHS,2026-08-08,Release Manager,Mindbox Sp. z o.o.,other,Mid,Kraków,False,b2b,23100.0,27300.0,2026-08-06
UY9YJS8K-2026-08-08,UY9YJS8K,2026-08-08,Senior Test Automation Engineer (with C# or Python),N-iX,testing,Senior,,True,b2b,19320.0,21168.0,2026-08-05
FDVE7BGM-2026-08-08,FDVE7BGM,2026-08-08,Staff Engineer,Starburst Data Polska,backend,Expert,Warszawa,False,permanent,36000.0,45000.0,2026-08-06
LBSZWIAL-2026-08-08,LBSZWIAL,2026-08-08,Senior Java Developer (with Angular),XTB,fullstack,Senior,Warszawa,True,permanent,20400.0,25900.0,2026-08-02
B0ABRYVE-2026-08-08,B0ABRYVE,2026-08-08,Sharepoint Tech Lead [M/F],Arche Solutions,fullstack,Senior,,True,b2b,20160.0,25200.0,2026-08-07
6PDF8VBZ-2026-08-08,6PDF8VBZ,2026-08-08,Senior Data Scientist (Advanced Analytics),SoftServe,data,Senior,,True,b2b,20000.0,30000.0,2026-08-05
AUL0PRPU-2026-08-08,AUL0PRPU,2026-08-08, Specjalista / Specjalistka ds. Sprzedaży Eksportowej z j. hiszpańskim,D-R-O,sales,Mid,Ożarów Mazowiecki,False,b2b,15000.0,30000.0,2026-07-24
CVTFXDY9-2026-08-08,CVTFXDY9,2026-08-08,Senior Software Engineer - Agentic MES Software Development,Bayer,backend,Senior,Warszawa,False,permanent,20240.0,25300.0,2026-08-02
HCYBJOWV-2026-08-08,HCYBJOWV,2026-08-08,Senior Software Engineer - Engineering Productivity,Starburst Data Polska,backend,Senior,Warszawa,False,permanent,30000.0,37000.0,2026-08-06
EV3DGTN7-2026-08-08,EV3DGTN7,2026-08-08,Projektant/Programista Automatyzacji i Orkiestracji Procesów,Upvanta,backend,Mid,Wrocław,False,b2b,21000.0,23730.0,2026-08-06
ITAAH9L0-2026-08-08,ITAAH9L0,2026-08-08,Senior ERP Project Manager,1dea,projectManager,Senior,,True,b2b,26040.0,29400.0,2026-07-26
0UFLIEXR-2026-08-08,0UFLIEXR,2026-08-08,Full stack Engineer,Mindbox Sp. z o.o.,fullstack,Mid,Kraków,False,b2b,29400.0,33600.0,2026-08-02
MKIO4G04-2026-08-08,MKIO4G04,2026-08-08,Specjalista ds. marketingu i komunikacji (nieruchomości premium),MS Consulitng,marketing,Mid,Warszawa,False,b2b,9000.0,14000.0,2026-08-06
R43ZZLBD-2026-08-08,R43ZZLBD,2026-08-08,Senior Penetration Tester,1dea,security,Senior,,True,b2b,21840.0,26040.0,2026-08-07
FJK21BUC-2026-08-08,FJK21BUC,2026-08-08,Python Full Stack Developer,DCG,fullstack,Mid,Warszawa,False,b2b,25200.0,27720.0,2026-08-02
VZWVHY1C-2026-08-08,VZWVHY1C,2026-08-08,Golang Backend Software Engineer,Spyrosoft,backend,Senior,Wrocław,True,b2b,26880.0,33600.0,2026-08-02
J2VQNC9D-2026-08-08,J2VQNC9D,2026-08-08,OpenStack Cloud Engineer,Spyrosoft,devops,Senior,Wrocław,True,b2b,31920.0,40320.0,2026-08-02
R8PPG2Y9-2026-08-08,R8PPG2Y9,2026-08-08,AI Tech Lead,Addepto,artificialIntelligence,Senior,Warszawa,True,b2b,19320.0,28560.0,2026-07-26
FMSTSASD-2026-08-08,FMSTSASD,2026-08-08,Data and Reporting Senior Developer,Verita HR,data,Senior,Kraków,False,b2b,23000.0,28000.0,2026-08-06
CXOX54QU-2026-08-08,CXOX54QU,2026-08-08,Manufacturing Data & Systems Analyst,Link Group,data,Senior,,True,b2b,21840.0,26880.0,2026-08-07
AHAQ4ZAF-2026-08-08,AHAQ4ZAF,2026-08-08,Tester Manualny,Scalo,testing,Mid,Warszawa,False,b2b,15120.0,16800.0,2026-08-07
EHXEZJJA-2026-08-08,EHXEZJJA,2026-08-08,Staż w Dziale HelpDesk,Ringier Axel Springer Tech,support,Trainee,Warszawa,False,zlecenie,5400.0,5400.0,2026-08-06
OSSZRDYP-2026-08-08,OSSZRDYP,2026-08-08, Specjalista / Specjalistka ds. Sprzedaży Eksportowej z j. fransuskim,D-R-O,sales,Mid,Wrocław,False,b2b,15000.0,30000.0,2026-07-24
6KCO7QIC-2026-08-08,6KCO7QIC,2026-08-08,Senior Software Engineer,Mindbox Sp. z o.o.,backend,Senior,Kraków,False,b2b,28350.0,32550.0,2026-08-02
TNEAJEBZ-2026-08-08,TNEAJEBZ,2026-08-08,Data Analyst [M/F],Arche Solutions,data,Mid,Kraków,False,b2b,21840.0,26880.0,2026-08-06
DDP8FJDR-2026-08-08,DDP8FJDR,2026-08-08,Senior Python Engineer,iTeamly,backend,Senior,Kraków,False,b2b,26000.0,33000.0,2026-08-06
OODYOE8X-2026-08-08,OODYOE8X,2026-08-08,QA,Verita HR,testing,Mid,Kraków,False,b2b,16800.0,17850.0,2026-08-05
JNEVTYGE-2026-08-08,JNEVTYGE,2026-08-08,Senior Fullstack Engineer,Mindbox Sp. z o.o.,fullstack,Senior,Kraków,False,b2b,26250.0,30450.0,2026-08-01
I1V8CDXU-2026-08-08,I1V8CDXU,2026-08-08,Tester Automatyzujący,Link Group,testing,Senior,Warszawa,False,b2b,13440.0,20160.0,2026-08-02
NGISBVA2-2026-08-08,NGISBVA2,2026-08-08,Senior Java Backend Developer,Verita HR,backend,Senior,Kraków,False,b2b,26000.0,32000.0,2026-08-03
O2NHLITZ-2026-08-08,O2NHLITZ,2026-08-08,Senior Cybersecurity DLP Analyst,Mindbox Sp. z o.o.,security,Senior,Kraków,False,b2b,22050.0,34650.0,2026-08-02
MWVNTB9X-2026-08-08,MWVNTB9X,2026-08-08,Java Developer,Scalo,backend,Mid,Warszawa,False,b2b,22680.0,24360.0,2026-08-05
AUVCHQPC-2026-08-08,AUVCHQPC,2026-08-08,Lead Kafka Consultant,x1F,data,Expert,Warszawa,False,b2b,31000.0,37000.0,2026-07-24
AJ1BCR6O-2026-08-08,AJ1BCR6O,2026-08-08,Enterprise Application Engineer,Toyota Digital HUB & SSC (TME NV/SA),backend,Mid,Wrocław,False,permanent,10500.0,15000.0,2026-08-02
I9MWHVHI-2026-08-08,I9MWHVHI,2026-08-08,Senior Cloud Infrastructure Engineer,Vistulo (for a major N. American bank),devops,Senior,Kraków,True,b2b,36960.0,42000.0,2026-07-26
BNJSYXTI-2026-08-08,BNJSYXTI,2026-08-08,Power Platform Developer,MSAPPS SPÓŁKA Z OGRANICZONĄ ODPOWIEDZIALNOŚCIĄ,erp,Mid,Warszawa,True,b2b,10080.0,16800.0,2026-08-01
QRR0RSLF-2026-08-08,QRR0RSLF,2026-08-08,Senior Fullstack Java Engineer,Mindbox Sp. z o.o.,fullstack,Senior,Kraków,False,b2b,31500.0,34650.0,2026-07-26
SBBYRYG1-2026-08-08,SBBYRYG1,2026-08-08,Cloud DevOps Engineer,Verita HR,devops,Senior,Kraków,False,b2b,26250.0,28980.0,2026-08-03
DYEI5MWZ-2026-08-08,DYEI5MWZ,2026-08-08,Information Security Compliance Engineer,Spyrosoft,security,Mid,Wrocław,False,b2b,13440.0,20160.0,2026-07-26
TVMWTS5I-2026-08-08,TVMWTS5I,2026-08-08,Java Developer with AWS,Square One Resources,devops,Senior,Warszawa,True,b2b,16800.0,23520.0,2026-08-01
P5R9TH6Z-2026-08-08,P5R9TH6Z,2026-08-08,Site Reliability Engineer,"AVENGA (Agencja Pracy, nr KRAZ: 8448)",devops,Senior,Warszawa,False,b2b,26880.0,30240.0,2026-07-26
KK5YZL1P-2026-08-08,KK5YZL1P,2026-08-08,SAP FI/CO Lead Consultant,Link Group,erp,Senior,,True,b2b,33600.0,38640.0,2026-08-02
EQKSINVZ-2026-08-08,EQKSINVZ,2026-08-08,IT Security Specialist (mid/senior),Square One Resources,security,Senior,Poznań,False,permanent,14000.0,24000.0,2026-08-06
UVDCJYTX-2026-08-08,UVDCJYTX,2026-08-08,Programista Automatyzacji i Orkiestracji Procesów,Upvanta,backend,Mid,Wrocław,False,b2b,6300.0,10500.0,2026-08-07
TCXZHVGG-2026-08-08,TCXZHVGG,2026-08-08,Solution Architect / Senior Java Developer (Systemy Płatnicze),Upvanta,architecture,Senior,,True,b2b,23100.0,29400.0,2026-08-02
HK5OXG12-2026-08-08,HK5OXG12,2026-08-08,Java Technical Leader,Scalo,backend,Senior,Warszawa,False,b2b,30240.0,31920.0,2026-07-16
0IXF5TVN-2026-08-08,0IXF5TVN,2026-08-08,Cybersecurity Project Manager[M/F],Arche Solutions,security,Mid,Warszawa,False,b2b,28560.0,33600.0,2026-08-07
MGCKIFMZ-2026-08-08,MGCKIFMZ,2026-08-08,OT Network Service Operations Incident Manager,Mindbox Sp. z o.o.,security,Mid,Kraków,False,b2b,18900.0,23100.0,2026-07-26
W5RCSODU-2026-08-08,W5RCSODU,2026-08-08,Senior Java Consultant,GFT Poland,backend,Senior,Kraków,False,b2b,21000.0,26880.0,2026-08-07
ZQ92GBVA-2026-08-08,ZQ92GBVA,2026-08-08,Senior Software Engineer - AI Compute Libraries & Performance,Graphcore,backend,Senior,Gdańsk,False,permanent,21700.0,29350.0,2026-07-26
XF4WMUPS-2026-08-08,XF4WMUPS,2026-08-08,AI/Automation Developer (m/f/d),Argus Data Insights Germany,artificialIntelligence,Senior,,True,b2b,20160.0,24360.0,2026-07-26
OTXCB30R-2026-08-08,OTXCB30R,2026-08-08,Network Administrator,Square One Resources,sysAdministrator,Mid,Poznań,False,b2b,23520.0,28560.0,2026-08-07
FFHQMDNH-2026-08-08,FFHQMDNH,2026-08-08,Data Security Policy Engineer,Mindbox Sp. z o.o.,data,Mid,Kraków,False,b2b,32550.0,35700.0,2026-07-26
J6LPWYWC-2026-08-08,J6LPWYWC,2026-08-08,Multimedia Software Engineer / Graduate,Toyota Digital HUB & SSC (TME NV/SA),embedded,Junior,Wrocław,False,permanent,9000.0,10000.0,2026-07-24
IXTLG9QJ-2026-08-08,IXTLG9QJ,2026-08-08,Fullstack Engineer,Mindbox Sp. z o.o.,fullstack,Senior,Kraków,False,b2b,27300.0,30240.0,2026-08-05
U47ANMTQ-2026-08-08,U47ANMTQ,2026-08-08,Senior Full Stack Java Engineer,Mindbox Sp. z o.o.,fullstack,Senior,Kraków,False,b2b,31500.0,34650.0,2026-08-03
UIXEQIUR-2026-08-08,UIXEQIUR,2026-08-08,Data and Reporting Senior Developer,Verita HR,data,Mid,Kraków,False,b2b,26000.0,29000.0,2026-08-07
4QLXLTHF-2026-08-08,4QLXLTHF,2026-08-08, Business Analyst,HSBC Technology Poland,businessAnalyst,Senior,Kraków,False,permanent,18000.0,23000.0,2026-08-06
PQTA4SI1-2026-08-08,PQTA4SI1,2026-08-08,IT&Q Compliance Manager,Ework Group,security,Mid,Warszawa,True,b2b,150.0,167.0,2026-08-07
PCUVB5AQ-2026-08-08,PCUVB5AQ,2026-08-08,Senior Fullstack Developer (Angular+Java),CSHARK Sp. z o.o.,fullstack,Senior,,True,b2b,22680.0,28560.0,2026-07-26
XJOSRMJV-2026-08-08,XJOSRMJV,2026-08-08,Technical Business Data Analyst,Verita HR,businessAnalyst,Senior,Kraków,False,b2b,24000.0,28500.0,2026-08-03
JSZY9FXL-2026-08-08,JSZY9FXL,2026-08-08,Senior Java Engineer,GFT Poland,backend,Senior,Kraków,False,permanent,14600.0,22300.0,2026-08-07
24HNL0F6-2026-08-08,24HNL0F6,2026-08-08,Salesforce DevOps Engineer,ITFS Sp. z o.o.,devops,Mid,Warszawa,True,b2b,23520.0,30240.0,2026-08-02
UTPO4H7P-2026-08-08,UTPO4H7P,2026-08-08,Senior SAP FI-AA Consultant,1dea,other,Senior,,True,b2b,25200.0,30240.0,2026-08-07
IWKLBD1K-2026-08-08,IWKLBD1K,2026-08-08,Database Administrator (Oracle),Verita HR,support,Senior,Kraków,False,b2b,23000.0,26000.0,2026-08-03
9MHKKTYW-2026-08-08,9MHKKTYW,2026-08-08,Business Analyst,Verita HR,businessAnalyst,Mid,Kraków,False,b2b,25200.0,27300.0,2026-08-02
EOYCZJH5-2026-08-08,EOYCZJH5,2026-08-08,ML/AI Infrastructure Engineer,Square One Resources,artificialIntelligence,Mid,Poznań,True,b2b,30240.0,31920.0,2026-08-06
I084LWIV-2026-08-08,I084LWIV,2026-08-08,OT Security Controls Analyst,Link Group,security,Mid,Warszawa,True,b2b,16800.0,23520.0,2026-08-02
EAMWIDE0-2026-08-08,EAMWIDE0,2026-08-08,Cybersecurity Consultant (Footprint/CMDB),DCG,security,Mid,Łódź,False,b2b,19320.0,22680.0,2026-08-07
UDWTBZTJ-2026-08-08,UDWTBZTJ,2026-08-08,IT Business Analyst,Verita HR,businessAnalyst,Senior,Kraków,False,b2b,25000.0,28900.0,2026-08-03
PNIVIZWW-2026-08-08,PNIVIZWW,2026-08-08,C++ Software Engineer,Motorola Solutions Systems Polska,backend,Mid,Kraków,False,permanent,12000.0,17000.0,2026-08-06
OEQDICZP-2026-08-08,OEQDICZP,2026-08-08,Senior Data Business Analyst,Link Group,data,Senior,,True,b2b,21000.0,25200.0,2026-08-02
EXDTDPOW-2026-08-08,EXDTDPOW,2026-08-08,Senior Java Engineer,Verita HR,backend,Senior,Kraków,False,b2b,28350.0,31500.0,2026-08-03
5XX3BRVG-2026-08-08,5XX3BRVG,2026-08-08,Senior Test Automation Engineer (Python),Diverse CG Sp. z o.o. Sp.k.,testing,Senior,Warszawa,False,b2b,21000.0,22680.0,2026-08-02
0CFZROHV-2026-08-08,0CFZROHV,2026-08-08,Technical Lead – Platform Engineering (Java/Kotlin),Upvanta,backend,Mid,,True,b2b,34000.0,56000.0,2026-08-06
IAL59NYW-2026-08-08,IAL59NYW,2026-08-08,Solution Architect/Architekt Rozwiązań IT - Sektor Bankowy,Upvanta,architecture,Mid,Wrocław,False,b2b,28000.0,30000.0,2026-08-07
SC6MWHIP-2026-08-08,SC6MWHIP,2026-08-08,Senior Salesforce Developer[M/F],Arche Solutions,fullstack,Senior,,True,b2b,26880.0,30240.0,2026-08-06
EGRIY6KS-2026-08-08,EGRIY6KS,2026-08-08,Business Analyst (Collateral Management),Devire,businessAnalyst,Mid,,True,b2b,18480.0,21840.0,2026-08-02
O1UCPQJH-2026-08-08,O1UCPQJH,2026-08-08,Python Fullstack Developer,Ework Group,fullstack,Senior,Warszawa,False,b2b,28560.0,31920.0,2026-08-07
GRFHBVDU-2026-08-08,GRFHBVDU,2026-08-08,System Engineer (Cloud / Microsoft Stack),Winged IT,devops,Senior,Bielsko-Biała,False,permanent,13000.0,17000.0,2026-08-06
BZ4INB3M-2026-08-08,BZ4INB3M,2026-08-08, Specjalista / Specjalistka ds. Sprzedaży Eksportowej z j. hiszpańskim,D-R-O,sales,Mid,Wrocław,False,b2b,15000.0,30000.0,2026-07-24
AQYSZ5UQ-2026-08-08,AQYSZ5UQ,2026-08-08,Data Analyst,Verita HR,data,Mid,Kraków,False,b2b,25000.0,29000.0,2026-08-05
KW5RYUL1-2026-08-08,KW5RYUL1,2026-08-08,Business Analyst ,Verita HR,businessAnalyst,Senior,Kraków,False,b2b,23000.0,28500.0,2026-08-03
VQX6KLGW-2026-08-08,VQX6KLGW,2026-08-08,Developer – AI-Enabled Delivery,Mindbox Sp. z o.o.,backend,Mid,Kraków,False,b2b,35700.0,38850.0,2026-08-02
FC5BLMPP-2026-08-08,FC5BLMPP,2026-08-08,Account Manager,D-R-O,sales,Mid,Wrocław,False,b2b,15000.0,30000.0,2026-07-24
SCC0MU8W-2026-08-08,SCC0MU8W,2026-08-08,Testing Support,Margo,testing,Mid,Barcelona,True,b2b,20160.0,23520.0,2026-07-26
IIDUAMEY-2026-08-08,IIDUAMEY,2026-08-08,Application Security Coordinator,Diverse CG Sp. z o.o. Sp.k.,security,Mid,Gdynia,False,b2b,23520.0,25200.0,2026-08-06
TW3VEMIQ-2026-08-08,TW3VEMIQ,2026-08-08,QA Automation Engineer (Java/Cypress),Scalo,backend,Senior,Katowice,True,b2b,21000.0,22680.0,2026-08-02
C8NEPRH5-2026-08-08,C8NEPRH5,2026-08-08,Solution Architect - Open Source Technologies,Mindbox Sp. z o.o.,architecture,Senior,Kraków,False,b2b,25200.0,29400.0,2026-07-14
WPGK7K7C-2026-08-08,WPGK7K7C,2026-08-08,Senior Manual Tester,Diverse CG Sp. z o.o. Sp.k.,testing,Senior,Gdynia,False,b2b,16800.0,19320.0,2026-08-06
BWYRYOCH-2026-08-08,BWYRYOCH,2026-08-08,Kontroler finansowy (K/M),Audit HR,finance,Mid,Poznań,False,permanent,12000.0,14000.0,2026-07-16
6EOUKBJ4-2026-08-08,6EOUKBJ4,2026-08-08,Junior Marketing Automation Specialist,Persooa,marketing,Junior,Warszawa,True,b2b,4000.0,6000.0,2026-08-07
9WZXYGWM-2026-08-08,9WZXYGWM,2026-08-08,Regular Payroll Specialist,Spyrosoft,finance,Mid,Wrocław,False,permanent,7200.0,9500.0,2026-08-02
DNQGT1GL-2026-08-08,DNQGT1GL,2026-08-08,Junior Java developer,GK Software Poland,backend,Junior,Katowice,False,permanent,10000.0,16000.0,2026-08-06
M9PZGHDW-2026-08-08,M9PZGHDW,2026-08-08,Analityk Biznesowy (K/M),Antal,businessAnalyst,Senior,Warszawa,False,b2b,21840.0,25200.0,2026-08-05
N8EXKUBE-2026-08-08,N8EXKUBE,2026-08-08,Senior Data Quality Management Analyst – BA,Mindbox Sp. z o.o.,testing,Senior,Kraków,False,b2b,21000.0,25200.0,2026-08-06
PBFRCPCV-2026-08-08,PBFRCPCV,2026-08-08,Regular+/Senior- .Net Developer with Azure,Spyrosoft,backend,Mid,Wrocław,True,b2b,16800.0,21840.0,2026-08-02
EDTEBFE2-2026-08-08,EDTEBFE2,2026-08-08,Fullstack Engineer,Mindbox Sp. z o.o.,fullstack,Mid,Kraków,False,b2b,25200.0,28560.0,2026-08-05
WH3QR1GS-2026-08-08,WH3QR1GS,2026-08-08,Software Architect (Mulesoft),Square One Resources,architecture,Expert,Kraków,True,b2b,26880.0,30240.0,2026-08-07
AMWEWE4I-2026-08-08,AMWEWE4I,2026-08-08,Fullstack Developer (Java/Kotlin/TypeScript),NetworkedAssets Sp. z o.o.,fullstack,Mid,Wrocław,False,b2b,12000.0,19000.0,2026-08-02
DJCSDABU-2026-08-08,DJCSDABU,2026-08-08,Senior Technical Business Analyst / Associate Product Owner,Square One Resources,businessAnalyst,Senior,Warszawa,True,b2b,20160.0,25200.0,2026-08-01
ANTULJOA-2026-08-08,ANTULJOA,2026-08-08,Software Enterprise Architect[M/F],Arche Solutions,fullstack,Expert,Warszawa,False,b2b,33600.0,42000.0,2026-08-07
EKJMCRPV-2026-08-08,EKJMCRPV,2026-08-08,Engineering Manager,SwingDev—a hippo company,backend,Mid,Warszawa,True,b2b,31000.0,40000.0,2026-08-01
7XRRQXGU-2026-08-08,7XRRQXGU,2026-08-08,Senior Test Automation Engineer with Python,DCG,testing,Senior,Warszawa,False,b2b,21840.0,26040.0,2026-07-26
EYZWHQ8V-2026-08-08,EYZWHQ8V,2026-08-08,Operations Engineer Linux,Verita HR,devops,Mid,Kraków,False,b2b,25200.0,27300.0,2026-08-05
A3H41GMQ-2026-08-08,A3H41GMQ,2026-08-08,Backend Developer (.Net),Angry Nerds,backend,Senior,Wrocław,True,b2b,16800.0,21840.0,2026-08-07
S8Y52USM-2026-08-08,S8Y52USM,2026-08-08,Senior Project Manager,"AVENGA (Agencja Pracy, nr KRAZ: 8448)",projectManager,Senior,,True,b2b,23520.0,27720.0,2026-08-02
2Y2IFVUO-2026-08-08,2Y2IFVUO,2026-08-08,Streaming Data Engineer,Reply Polska,data,Mid,Katowice,False,b2b,20160.0,26880.0,2026-08-06
UKEDVWJ9-2026-08-08,UKEDVWJ9,2026-08-08,Specjalista / Specjalistka ds. Sprzedaży Eksportowej z j. angielskim,D-R-O,sales,Mid,Wrocław,False,b2b,15000.0,30000.0,2026-07-24
RXHWJUVZ-2026-08-08,RXHWJUVZ,2026-08-08,Senior Linux Engineer,Verita HR,sysAdministrator,Senior,Warszawa,False,b2b,18000.0,27000.0,2026-08-06
LO0WJOZP-2026-08-08,LO0WJOZP,2026-08-08,Client Partner (Account Manager),iteo S.A.,sales,Mid,Katowice,True,b2b,14000.0,18000.0,2026-08-05
YZUMBJFV-2026-08-08,YZUMBJFV,2026-08-08,IT Software Tester,Ework Group,testing,Senior,Warszawa,False,b2b,20160.0,23520.0,2026-08-01
R3NBT4HD-2026-08-08,R3NBT4HD,2026-08-08,Network & Security Administrator (Regular),"AVENGA (Agencja Pracy, nr KRAZ: 8448)",sysAdministrator,Mid,Wrocław,True,b2b,19320.0,21000.0,2026-08-06
H5CINKUO-2026-08-08,H5CINKUO,2026-08-08,Staff Software Developer (Kotlin),Upvanta,backend,Mid,,True,b2b,33600.0,50400.0,2026-08-01
FQHRE2DQ-2026-08-08,FQHRE2DQ,2026-08-08,Senior Java Developer IoT,IDEMIA Poland,backend,Senior,Łódź,False,permanent,17600.0,22000.0,2026-08-06
MGQDSN6P-2026-08-08,MGQDSN6P,2026-08-08,Remote - Principal Software Engineer,Mend.io,artificialIntelligence,Senior,,True,b2b,41056.0,44788.0,2026-08-02
ZA9FZTRW-2026-08-08,ZA9FZTRW,2026-08-08,Full Stack Developer (Frontend-Focused /JavaScript),Cantor Fitzgerald,fullstack,Mid,Warszawa,False,b2b,20000.0,30000.0,2026-07-24
COLMLP6J-2026-08-08,COLMLP6J,2026-08-08,Senior Java Developer,Antal,backend,Senior,Warszawa,False,b2b,25200.0,28560.0,2026-08-04
GUFFENG5-2026-08-08,GUFFENG5,2026-08-08,Conversational AI Consultant/Developer with German,DCG,artificialIntelligence,Mid,Warszawa,False,b2b,20160.0,26040.0,2026-08-06
JUIGIAET-2026-08-08,JUIGIAET,2026-08-08,Principal Product Engineer,CKSource,frontend,Senior,Poznań,True,b2b,38000.0,45000.0,2026-08-01
SLWXOOHB-2026-08-08,SLWXOOHB,2026-08-08,Senior Java Developer,Diverse CG Sp. z o.o. Sp.k.,backend,Senior,Gdańsk,False,b2b,25200.0,26880.0,2026-08-06
QEFRUYUB-2026-08-08,QEFRUYUB,2026-08-08,Manual Tester,Scalo,testing,Mid,Warszawa,True,b2b,13440.0,16800.0,2026-08-02
DVKSY8BR-2026-08-08,DVKSY8BR,2026-08-08,Senior Fullstack Developer (.NET + Angular) [M/F],Arche Solutions,fullstack,Senior,,True,b2b,20160.0,23520.0,2026-08-01
MENZ1WZF-2026-08-08,MENZ1WZF,2026-08-08,GCP DevOps Engineer,Mindbox Sp. z o.o.,devops,Mid,Kraków,False,b2b,29400.0,34650.0,2026-08-02
WJMTYHDP-2026-08-08,WJMTYHDP,2026-08-08,Software Backend Developer / Senior Specialist,Toyota Digital HUB & SSC (TME NV/SA),backend,Senior,Wrocław,False,permanent,18000.0,25000.0,2026-08-01
SCPTO5JA-2026-08-08,SCPTO5JA,2026-08-08,Big Data Engineer (Spark or Flink + Scala/Kotlin/Java),Comscore via CC,data,Mid,Wrocław,True,b2b,18000.0,25000.0,2026-08-05
EXPNQUVH-2026-08-08,EXPNQUVH,2026-08-08,Shift lab leader,Antal,other,Mid,Konin,False,permanent,9000.0,11000.0,2026-08-03
YL2WUWFS-2026-08-08,YL2WUWFS,2026-08-08,Service Coordinator (with UX),Mindbox Sp. z o.o.,projectManager,Senior,Kraków,False,b2b,23100.0,29400.0,2026-08-06
JGYJ1OM2-2026-08-08,JGYJ1OM2,2026-08-08,Senior Java Engineer with GCP / GenAI,Antal,backend,Senior,Kraków,False,b2b,33600.0,42000.0,2026-08-02
JXHRFL8S-2026-08-08,JXHRFL8S,2026-08-08,Lead Agentic AI Consultant,SoftServe,artificialIntelligence,Senior,,True,b2b,25500.0,36500.0,2026-08-01
ADKIVCDW-2026-08-08,ADKIVCDW,2026-08-08,Senior Java Developer,Upvanta,backend,Senior,,True,b2b,18480.0,25200.0,2026-08-02
RK3KWHY5-2026-08-08,RK3KWHY5,2026-08-08,Customer Success Specialist (he/she),ASTEK Polska,agile,Mid,Poznań,True,b2b,17850.0,18900.0,2026-08-05
KBU1M368-2026-08-08,KBU1M368,2026-08-08,Tester manualny,Upvanta,testing,Mid,Wrocław,True,b2b,10500.0,11550.0,2026-08-01
KZEQIXIW-2026-08-08,KZEQIXIW,2026-08-08,AWS DevOps Engineer,Reply Polska,devops,Mid,Katowice,False,permanent,13000.0,19000.0,2026-08-02
QOKWOBOB-2026-08-08,QOKWOBOB,2026-08-08,Cybersecurity Programme Manager (PKI & Certificate Lifecycle Management),Mindbox Sp. z o.o.,security,Mid,Kraków,False,b2b,27300.0,31500.0,2026-08-06
TTZ79ZXE-2026-08-08,TTZ79ZXE,2026-08-08,Product Content Specialist,Xopero Software,productManagement,Mid,Warszawa,False,b2b,16000.0,22000.0,2026-08-02
3RZIGQRJ-2026-08-08,3RZIGQRJ,2026-08-08,"DevSecOps Engineer (Jenkins, Python)",Verita HR,devops,Senior,Kraków,False,b2b,29000.0,34000.0,2026-08-01
BMQINFZ1-2026-08-08,BMQINFZ1,2026-08-08,Senior Sales Engineer (produkt: GitProtect) ,Xopero Software,devops,Senior,Warszawa,True,b2b,17976.0,19992.0,2026-08-02
2LNNGC0L-2026-08-08,2LNNGC0L,2026-08-08,Senior Security Engineer (Payment Security),Upvanta,security,Senior,,True,b2b,31920.0,38640.0,2026-08-02
UVNPQWRG-2026-08-08,UVNPQWRG,2026-08-08,Cloud Data Engineer (AWS),Reply Polska,data,Mid,Katowice,False,permanent,10000.0,13000.0,2026-08-06
RZQGAHT7-2026-08-08,RZQGAHT7,2026-08-08,Staff Software Engineer - AI Compute Libraries Performance,Graphcore,backend,Senior,Gdańsk,False,permanent,29225.0,39533.0,2026-07-26
SBALMTKE-2026-08-08,SBALMTKE,2026-08-08,Senior Java Developer (praca zdalna),Upvanta,backend,Senior,Wrocław,True,b2b,23100.0,24150.0,2026-08-01
KSPMGNM0-2026-08-08,KSPMGNM0,2026-08-08,Fullstack Engineer,Mindbox Sp. z o.o.,fullstack,Senior,Kraków,False,b2b,27720.0,31920.0,2026-08-02
DJRKJ81G-2026-08-08,DJRKJ81G,2026-08-08,Senior Java Engineer (AI-assisted development),Antal,backend,Senior,Warszawa,False,b2b,25200.0,28560.0,2026-08-04
YWAK5MV9-2026-08-08,YWAK5MV9,2026-08-08,Starszy Tester Manualny / Starsza Testerka Manualna,ASTEK Polska,testing,Senior,Gdynia,False,b2b,18900.0,21672.0,2026-08-06
CGQFXASZ-2026-08-08,CGQFXASZ,2026-08-08,Senior L2 Support Engineer,Xopero Software,support,Senior,Warszawa,True,b2b,11928.0,15960.0,2026-08-01
PJWHN47D-2026-08-08,PJWHN47D,2026-08-08,Delphi developer,Scalo,backend,Mid,Warszawa,False,b2b,17640.0,19320.0,2026-08-05
EYWTGPVY-2026-08-08,EYWTGPVY,2026-08-08,Programista AutomateNOW,Upvanta,backend,Mid,Wrocław,False,b2b,7350.0,10500.0,2026-08-02
8MJUNJ5C-2026-08-08,8MJUNJ5C,2026-08-08,Analityk Guidewire,Antal,businessAnalyst,Mid,Warszawa,False,b2b,20160.0,21840.0,2026-07-20
XMXUMFWM-2026-08-08,XMXUMFWM,2026-08-08,Senior Backend Developer (with GCP/AWS),j-labs software specialist,backend,Senior,Kraków,True,b2b,26880.0,30240.0,2026-08-06
WO17EWHN-2026-08-08,WO17EWHN,2026-08-08,Full Stack Engineer (.NET + React),Verita HR,fullstack,Senior,Kraków,False,b2b,25000.0,32000.0,2026-08-03
PVN4JJIY-2026-08-08,PVN4JJIY,2026-08-08,Lead Fullstack AI/ML Engineer,GFT Poland,fullstack,Expert,Kraków,False,permanent,17400.0,26700.0,2026-08-02
HRLG36OO-2026-08-08,HRLG36OO,2026-08-08,Inżynier ds. Cyberbezpieczeństwa (HW),Square One Resources,security,Mid,Warszawa,False,b2b,21840.0,28560.0,2026-08-07
UIXWX0ZE-2026-08-08,UIXWX0ZE,2026-08-08,Cloud IT Engineer,Ework Group,devops,Senior,Warszawa,False,b2b,29400.0,34440.0,2026-08-01
DISXRH1S-2026-08-08,DISXRH1S,2026-08-08,Production Support Engineer,Verita HR,support,Mid,Kraków,False,b2b,26250.0,28350.0,2026-08-05
UJT85HQX-2026-08-08,UJT85HQX,2026-08-08,Senior Quant Developer,Square One Resources,businessAnalyst,Senior,Warszawa,True,b2b,26880.0,31920.0,2026-08-02
EJ9CHSFN-2026-08-08,EJ9CHSFN,2026-08-08,Senior Backend Developer (with AWS),j-labs software specialist,backend,Senior,Kraków,True,b2b,26880.0,30240.0,2026-08-01
HGAQBFIZ-2026-08-08,HGAQBFIZ,2026-08-08,Lead Data Engineer / DataOps – Snowflake & AWS Data Platform,Square One Resources,data,Senior,Warszawa,True,b2b,23520.0,28560.0,2026-08-06
UA9VU3R6-2026-08-08,UA9VU3R6,2026-08-08,Technical Business Analyst,Mindbox Sp. z o.o.,businessAnalyst,Mid,Kraków,False,b2b,23100.0,26250.0,2026-08-01
98YHIRIT-2026-08-08,98YHIRIT,2026-08-08,Lead Fullstack AI/ML Consultant,GFT Poland,fullstack,Expert,Kraków,False,b2b,26040.0,34440.0,2026-08-02
UI5YKVMG-2026-08-08,UI5YKVMG,2026-08-08,System Analyst,Scalo,data,Senior,Warszawa,True,b2b,23520.0,25200.0,2026-08-07
UW8K8BOB-2026-08-08,UW8K8BOB,2026-08-08,Production Engineering Specialist,Antal,other,Mid,Kraków,False,b2b,13440.0,18480.0,2026-08-03
GMVODSHI-2026-08-08,GMVODSHI,2026-08-08,Privacy Data Analyst with Italian,TP Poland Sp. z o.o.,customerService,Junior,Kraków,False,permanent,6000.0,7000.0,2026-07-24
X0VCN1BM-2026-08-08,X0VCN1BM,2026-08-08,AI Researcher – Semiconductor & Materials AI (Shenzhen Residency),TCL Research Europe Sp. z o.o.,artificialIntelligence,Senior,,False,permanent,20000.0,40000.0,2026-08-05
7QRSOVIA-2026-08-08,7QRSOVIA,2026-08-08,Principal AI Engineer,Link Group,artificialIntelligence,Senior,,True,b2b,25200.0,30240.0,2026-08-06
9JFNYUUK-2026-08-08,9JFNYUUK,2026-08-08,AI Engineer,Ework Group,artificialIntelligence,Senior,Gdańsk,False,b2b,30240.0,33600.0,2026-08-07
BVA1Z79W-2026-08-08,BVA1Z79W,2026-08-08,Staff QA Engineer - Workload Management,Graphcore,testing,Senior,Gdańsk,False,permanent,29225.0,39533.0,2026-07-26
GTPVFYAV-2026-08-08,GTPVFYAV,2026-08-08,Senior IT Automation Tester,Ework Group,testing,Senior,Gdańsk,False,b2b,21840.0,25200.0,2026-08-01
PNX28ENF-2026-08-08,PNX28ENF,2026-08-08,Veeva Vault Configuration Specialist PromoMats,Bayer,backend,Mid,Warszawa,False,permanent,15360.0,19200.0,2026-08-02
UV5JU07O-2026-08-08,UV5JU07O,2026-08-08,AI Developer/AI Developerka,"AVENGA (Agencja Pracy, nr KRAZ: 8448)",artificialIntelligence,Senior,Wrocław,True,b2b,24360.0,28560.0,2026-08-06
XIS6ACJA-2026-08-08,XIS6ACJA,2026-08-08,Business Analyst (MFA / IAM),Antal,businessAnalyst,Senior,Kraków,False,b2b,23520.0,28560.0,2026-08-01
IONYAW8Z-2026-08-08,IONYAW8Z,2026-08-08,Salesforce Architect,"AVENGA (Agencja Pracy, nr KRAZ: 8448)",other,Senior,,True,b2b,23520.0,27720.0,2026-08-02
MODUCZAG-2026-08-08,MODUCZAG,2026-08-08,AI Developer,Antal,artificialIntelligence,Senior,Warszawa,False,b2b,26880.0,31920.0,2026-07-26
ZLHSJRDP-2026-08-08,ZLHSJRDP,2026-08-08,DevOps Engineer ,Duco Technology Poland Sp.  z o.o.,devops,Mid,Wrocław,False,permanent,20000.0,25000.0,2026-08-07
OUXIGGVX-2026-08-08,OUXIGGVX,2026-08-08,DevOps Engineer (GCP),Antal,devops,Senior,Kraków,False,b2b,33600.0,38640.0,2026-07-20
ZENIJPI3-2026-08-08,ZENIJPI3,2026-08-08,Manual Mobile QA Specialist,Antal,testing,Senior,Wrocław,False,b2b,15120.0,21000.0,2026-08-07
0BY05JF6-2026-08-08,0BY05JF6,2026-08-08,Cybersecurity Project Manager (CSPM),DCG,security,Senior,WARSAW,False,b2b,30240.0,47040.0,2026-08-02
QBXYQTQV-2026-08-08,QBXYQTQV,2026-08-08,Mainframe System Automation Engineer,Mindbox Sp. z o.o.,testing,Mid,Kraków,False,b2b,25200.0,31500.0,2026-08-02
BUCCWI2U-2026-08-08,BUCCWI2U,2026-08-08,Senior Java Developer,Antal,backend,Senior,Warszawa,False,b2b,21840.0,25200.0,2026-08-04
L1HJ1HEG-2026-08-08,L1HJ1HEG,2026-08-08,Power BI Visualization Engineer,Mindbox Sp. z o.o.,data,Mid,Warszawa,False,b2b,16800.0,18480.0,2026-08-02
HZUYUA84-2026-08-08,HZUYUA84,2026-08-08, Specjalista / Specjalistka ds. Sprzedaży Eksportowej z j. francuskim,D-R-O,sales,Mid,Ożarów Mazowiecki,False,b2b,15000.0,30000.0,2026-07-24
MZZJPSXK-2026-08-08,MZZJPSXK,2026-08-08,Manager IT,Antal,other,Expert,Warszawa,False,permanent,18000.0,23000.0,2026-08-04
ZUPAVE2D-2026-08-08,ZUPAVE2D,2026-08-08,Mobile QA Specialist with AI Tools Experience,Antal,testing,Senior,Wrocław,False,b2b,15120.0,19320.0,2026-07-20
MBRSURDH-2026-08-08,MBRSURDH,2026-08-08,MFG Analyst / SAP PP-PI Consultant,Upvanta,erp,Senior,,True,b2b,25200.0,27300.0,2026-08-02
AGFH5GRY-2026-08-08,AGFH5GRY,2026-08-08,Senior QA Manual Engineer [M/F],Arche Solutions,testing,Senior,Warszawa,False,b2b,13440.0,15120.0,2026-08-07
HYJENYOE-2026-08-08,HYJENYOE,2026-08-08,Full stack developer,Mindbox Sp. z o.o.,fullstack,Senior,Kraków,False,b2b,30450.0,34650.0,2026-08-02
BJAH0QCR-2026-08-08,BJAH0QCR,2026-08-08,Technical Lead (JVM Platform),Upvanta,backend,Senior,,True,b2b,28000.0,33000.0,2026-08-01
KPBYKZ1P-2026-08-08,KPBYKZ1P,2026-08-08,OT Automation Security Consultant,Link Group,security,Mid,,True,b2b,16800.0,23520.0,2026-08-02
94JIKRUT-2026-08-08,94JIKRUT,2026-08-08,QA Engineer (WireMock),Upvanta,testing,Mid,,True,b2b,18900.0,23100.0,2026-08-02
SX1FN30Q-2026-08-08,SX1FN30Q,2026-08-08,Remote B2B Sales Representative,Alterland SA,sales,Mid,,True,b2b,10000.0,13000.0,2026-08-02
2NK9YC9M-2026-08-08,2NK9YC9M,2026-08-08,Software Engineer (Java / Kotlin) - Frontend Platform,Allegro sp. z o.o.,backend,Mid,Warszawa,False,permanent,14600.0,20825.0,2026-08-01
UVOQI5EF-2026-08-08,UVOQI5EF,2026-08-08,Senior Salesforce Administrator - CPQ / Revenue Cloud (f/m/x),Sii Polska,sysAdministrator,Senior,Kraków,False,b2b,18900.0,29400.0,2026-08-07
R8KP9BBO-2026-08-08,R8KP9BBO,2026-08-08,Flutter Developer,Antal,mobile,Senior,Wrocław,False,b2b,20160.0,23520.0,2026-07-20
19PMYTKS-2026-08-08,19PMYTKS,2026-08-08,Solution Architecture Practice Lead & Architecture Community Lead,Roche,architecture,Mid,Warszawa,False,permanent,23300.0,43300.0,2026-08-06
JFRGY5JI-2026-08-08,JFRGY5JI,2026-08-08,Business Data Analyst,Holisticon Connect,businessAnalyst,Senior,Wrocław,True,b2b,18480.0,23520.0,2026-07-24
C99Q9OT8-2026-08-08,C99Q9OT8,2026-08-08,Senior Cloud Platform Engineer,Wyden AG,architecture,Senior,Wrocław,True,b2b,32257.0,38709.0,2026-08-07
N3NNLYT0-2026-08-08,N3NNLYT0,2026-08-08,DevOps Engineering Manager (f/m/x),Sii Polska,devops,Senior,Kraków,False,permanent,20000.0,25000.0,2026-08-05
HPHDVJQQ-2026-08-08,HPHDVJQQ,2026-08-08,Database Administrator (Oracle),Verita HR,support,Senior,Kraków,False,b2b,25000.0,29000.0,2026-08-03
YCPLPJAC-2026-08-08,YCPLPJAC,2026-08-08,Senior Devops/Platform Engineer ,Link Group,devops,Senior,Warszawa,False,b2b,33600.0,42000.0,2026-08-06
VD76BDK1-2026-08-08,VD76BDK1,2026-08-08,Senior Full stack Developer (.NET),Harvey Nash Technology,fullstack,Senior,Warszawa,False,permanent,35000.0,35000.0,2026-08-01
LAMXINXS-2026-08-08,LAMXINXS,2026-08-08,MS Power Platform Developer,Ework Group,data,Senior,Gdańsk,False,b2b,20160.0,23520.0,2026-08-01
4BVQTUKW-2026-08-08,4BVQTUKW,2026-08-08,EDI Support Analyst,Upvanta,support,Mid,Wrocław,False,b2b,12600.0,14700.0,2026-07-24
R2DNFAWP-2026-08-08,R2DNFAWP,2026-08-08,Architekt Danych i AI,Antal,data,Senior,Warszawa,False,b2b,28560.0,33600.0,2026-07-14
IBP6V77Y-2026-08-08,IBP6V77Y,2026-08-08,Data Analyst,Ework Group,data,Mid,Warszawa,False,b2b,21840.0,25200.0,2026-08-07
SLW5AHTY-2026-08-08,SLW5AHTY,2026-08-08,Semantic Data Engineer,Upvanta,data,Senior,,True,b2b,23100.0,26250.0,2026-08-02
UIKB3HAS-2026-08-08,UIKB3HAS,2026-08-08,Manual Mobile QA Specialist,Antal,testing,Mid,Wrocław,False,b2b,15120.0,19320.0,2026-07-20
TODTKOBP-2026-08-08,TODTKOBP,2026-08-08,Senior Java Engineer,Verita HR,backend,Senior,Kraków,False,b2b,27000.0,32000.0,2026-08-06
VWKWG3ZT-2026-08-08,VWKWG3ZT,2026-08-08,Business Analyst,Antal,businessAnalyst,Senior,Kraków,False,b2b,23520.0,26880.0,2026-07-14
IZ2GZO7V-2026-08-08,IZ2GZO7V,2026-08-08,Software Engineer – Identity & Access Management (IAM),EditShare,security,Senior,,True,permanent,20000.0,24500.0,2026-07-20
U6FYLE1J-2026-08-08,U6FYLE1J,2026-08-08,Senior Full Stack Developer (.NET & React),Link Group,fullstack,Senior,Warszawa,False,permanent,28000.0,36000.0,2026-07-14
9PLVHSIY-2026-08-08,9PLVHSIY,2026-08-08,Senior Frontend Engineer,Link Group,frontend,Senior,Warszawa,False,permanent,32000.0,43000.0,2026-07-14
KCZPLBV2-2026-08-08,KCZPLBV2,2026-08-08,Senior SAP CO/PS Consultant,Link Group,erp,Senior,,True,b2b,27000.0,32000.0,2026-07-14
CSHE641X-2026-08-08,CSHE641X,2026-08-08,Senior Software .NET Developer,Devire,fullstack,Senior,Warszawa,False,b2b,26880.0,32760.0,2026-08-06
V6L7FED2-2026-08-08,V6L7FED2,2026-08-08,Hardware and Firmware Leader,Kidde Global Solutions,electronics,Mid,gdansk,False,permanent,16000.0,22000.0,2026-08-07
NNIZYDJI-2026-08-08,NNIZYDJI,2026-08-08,Starszy Programista .NET z doświadczeniem w Power BI,Devire,backend,Senior,Warszawa,True,b2b,26880.0,30240.0,2026-08-06
6ZCXFOZP-2026-08-08,6ZCXFOZP,2026-08-08,Senior Technical Fircosoft Consultant,Devire,businessAnalyst,Senior,,True,b2b,42000.0,50400.0,2026-08-06
HM6MXEWS-2026-08-08,HM6MXEWS,2026-08-08,Embedded C Developer,Devire,embedded,Senior,,True,b2b,20160.0,25200.0,2026-08-06
1ZXUQAHV-2026-08-08,1ZXUQAHV,2026-08-08,Sharepoint Developer K/M,ASTEK Polska,backend,Mid,Warszawa,True,b2b,21000.0,24150.0,2026-07-29
MUIVDIPJ-2026-08-08,MUIVDIPJ,2026-08-08,Project Manager,Devire,projectManager,Mid,,True,b2b,16800.0,21000.0,2026-08-06
GYDTLVUS-2026-08-08,GYDTLVUS,2026-08-08,AI‑Native Mid Fullstack Developer,Meant4 Software,fullstack,Mid,Warszawa,True,b2b,18000.0,22000.0,2026-07-20
SDHB8QNJ-2026-08-08,SDHB8QNJ,2026-08-08,Zastępca Kierownika Działu Programowania,Triol Corporation,embedded,Mid,Ostrówek Węgrowski,False,permanent,18000.0,20000.0,2026-08-04
7WOXLT9X-2026-08-08,7WOXLT9X,2026-08-08,Software Supply Chain Engineer (f/m/x),Sii Polska,devops,Senior,Kraków,True,b2b,24000.0,27000.0,2026-07-20
NRNBRIHC-2026-08-08,NRNBRIHC,2026-08-08,"Dispute Analyst with languages (French, Spanish, Italian)",Devire,finance,Senior,Warszawa,False,permanent,10500.0,11500.0,2026-07-14
4LFBDJDB-2026-08-08,4LFBDJDB,2026-08-08,Consultant/Analytic D365 (Sales),Link Group,businessAnalyst,Senior,Warszawa,False,b2b,19656.0,25200.0,2026-08-06
U2WN1RMU-2026-08-08,U2WN1RMU,2026-08-08,Digital Product Owner/ka,SYZYGY,productManagement,Mid,Warszawa,False,b2b,14000.0,16000.0,2026-07-14
T7PUEA5M-2026-08-08,T7PUEA5M,2026-08-08,Senior Frontend Developer,Devire,frontend,Senior,Wrocław,False,b2b,23520.0,30240.0,2026-07-14
XPKMMCO6-2026-08-08,XPKMMCO6,2026-08-08,Senior Cost Accountant,Devire,finance,Senior,Poznań,False,permanent,10000.0,16000.0,2026-07-14
CZA8MXRZ-2026-08-08,CZA8MXRZ,2026-08-08,Project Manager,Devire,projectManager,Senior,,True,b2b,21000.0,25200.0,2026-08-04
WIGCKFRJ-2026-08-08,WIGCKFRJ,2026-08-08,Hardware Engineer,Kidde Global Solutions,electronics,Mid,gdansk,False,permanent,12000.0,14000.0,2026-08-07
DHHP8NSX-2026-08-08,DHHP8NSX,2026-08-08,Senior Product Analyst,Link Group,businessAnalyst,Senior,,True,b2b,19656.0,25200.0,2026-08-06
OMKAGMQN-2026-08-08,OMKAGMQN,2026-08-08,Trainee/Junior IT Recruitment Consultant,Link Group,hr,Junior,Warszawa,False,permanent,5500.0,6000.0,2026-08-04
MQ1EKUP2-2026-08-08,MQ1EKUP2,2026-08-08,DevOps Engineer - Automated Testing Platform (OMP),ITFS Sp. z o.o.,devops,Senior,Warszawa,True,b2b,20160.0,24360.0,2026-08-05
DC0BCUHT-2026-08-08,DC0BCUHT,2026-08-08,Senior Technical Analyst,Link Group,support,Senior,,True,b2b,25200.0,28560.0,2026-08-06
6XYQXQLH-2026-08-08,6XYQXQLH,2026-08-08,Senior Data Engineer (AI/LLM),DS STREAM,data,Senior,Katowice,True,b2b,25200.0,28560.0,2026-08-04
N7DTPPAT-2026-08-08,N7DTPPAT,2026-08-08,Analityk Biznesowy,Devire,businessAnalyst,Senior,Warszawa,False,b2b,18480.0,21000.0,2026-07-14
USS5QMF5-2026-08-08,USS5QMF5,2026-08-08,AI Agents & Intelligent Automation Product Lead,Square One Resources,productManagement,Senior,Warszawa,True,b2b,25200.0,28560.0,2026-07-14
WXEQLCRJ-2026-08-08,WXEQLCRJ,2026-08-08,IT Project Manager,Ework Group,projectManager,Senior,Warszawa,False,b2b,24360.0,26040.0,2026-07-14
2M7KPZ0V-2026-08-08,2M7KPZ0V,2026-08-08,Specjalista ds. administracji (K/M),HR WISE Sp. z o.o.,officeAdministration,Mid,Warszawa,False,permanent,7000.0,7000.0,2026-08-05
BN0LHCR2-2026-08-08,BN0LHCR2,2026-08-08,SAP Security IAM Consultant (UAM),1dea,security,Senior,,True,b2b,25200.0,31920.0,2026-07-14
0CXIIUHT-2026-08-08,0CXIIUHT,2026-08-08,Projektant aplikacji,ITFS Sp. z o.o.,other,Mid,Warszawa,True,b2b,21840.0,23520.0,2026-08-07
IY54WI7P-2026-08-08,IY54WI7P,2026-08-08,EMEA Technology Change & Adoption Lead,Fresenius Digital Technology,projectManager,Senior,Wrocław,False,permanent,16000.0,,2026-07-24
POWQLHGJ-2026-08-08,POWQLHGJ,2026-08-08,Production Support Specialist,Mindbox Sp. z o.o.,support,Mid,Kraków,False,b2b,23100.0,27300.0,2026-07-14
UEILGTUL-2026-08-08,UEILGTUL,2026-08-08,Senior Fullstack Engineer (Java & React & AI),Spyrosoft,fullstack,Senior,Wrocław,True,b2b,20160.0,20160.0,2026-07-14
T6QMTUVY-2026-08-08,T6QMTUVY,2026-08-08,Tech Lead Java (Backend) - F/M,ASTEK Polska,backend,Senior,Wrocław,True,b2b,26250.0,29400.0,2026-07-14
41GJ0LTV-2026-08-08,41GJ0LTV,2026-08-08,Project Manager - CyberSecurity,Devire,projectManager,Senior,,True,b2b,21000.0,25200.0,2026-08-04
VLESJAC9-2026-08-08,VLESJAC9,2026-08-08,Python Engineer with DevOps,VirtusLab,backend,Senior,,True,b2b,23520.0,28560.0,2026-07-24
KQXDJK5U-2026-08-08,KQXDJK5U,2026-08-08,Senior DevOps Engineer (AWS/Azure),Square One Resources,devops,Senior,Warszawa,True,b2b,26880.0,28560.0,2026-07-14
G6IM5SLK-2026-08-08,G6IM5SLK,2026-08-08,Senior Quality Assurance Engineer,Kidde Global Solutions,testing,Senior,gdansk,False,permanent,17166.0,19750.0,2026-08-07
QTZIV6JN-2026-08-08,QTZIV6JN,2026-08-08,Internal Auditor,Devire,finance,Mid,Poznań,False,permanent,10000.0,13000.0,2026-07-20
8BN852IV-2026-08-08,8BN852IV,2026-08-08,Senior Accountant,Devire,finance,Senior,Warszawa,False,permanent,13000.0,16000.0,2026-07-20
YUVKQFO8-2026-08-08,YUVKQFO8,2026-08-08,IT Delivery Manager,Moondigo Sp. z o.o.,projectManager,Senior,Warszawa,False,permanent,20000.0,30000.0,2026-07-29
Z0JO3WBP-2026-08-08,Z0JO3WBP,2026-08-08,Architekt Danych / Tech Lead Data Platform (praca hybrydowa),Moondigo Sp. z o.o.,data,Senior,Warszawa,False,b2b,28560.0,31920.0,2026-07-31
M6RBCZTQ-2026-08-08,M6RBCZTQ,2026-08-08,Senior Project Manager obszaru Data(He/She),ASTEK Polska,projectManager,Senior,Warszawa,True,b2b,1000.0,1200.0,2026-07-14
PEWJPSIJ-2026-08-08,PEWJPSIJ,2026-08-08,Quality Assurance Engineer,Kidde Global Solutions,testing,Mid,gdansk,False,permanent,12500.0,14666.0,2026-08-07
O74TZ5C1-2026-08-08,O74TZ5C1,2026-08-08,Principal Fullstack AI/ML Consultant,GFT Poland,fullstack,Expert,Kraków,False,b2b,38640.0,53760.0,2026-07-16
OD3AX9MA-2026-08-08,OD3AX9MA,2026-08-08,Senior Android Engineer,smartpatient,mobile,Senior,Warszawa,True,b2b,22680.0,26250.0,2026-07-20
YB9ULGNV-2026-08-08,YB9ULGNV,2026-08-08,Cloud Security Architect,Ework Group,architecture,Senior,Warszawa,True,b2b,36120.0,38136.0,2026-07-20
ZSXCBHW4-2026-08-08,ZSXCBHW4,2026-08-08,Python Developer / AI Engineer,"AVENGA (Agencja Pracy, nr KRAZ: 8448)",fullstack,Senior,,True,b2b,25200.0,28560.0,2026-07-20
HXVWN886-2026-08-08,HXVWN886,2026-08-08,Fullstack Cloud & Web Engineer,Scalo,fullstack,Senior,Kraków,False,b2b,25200.0,26880.0,2026-08-05
2AVZEO1R-2026-08-08,2AVZEO1R,2026-08-08,Cybersecurity Administrator,Scalo,security,Senior,Warszawa,False,b2b,39480.0,41160.0,2026-07-24
9R3SUJQC-2026-08-08,9R3SUJQC,2026-08-08,Developer – AI-Enabled Delivery,Mindbox Sp. z o.o.,backend,Senior,Kraków,False,b2b,30240.0,36960.0,2026-07-14
ZNEGN0KF-2026-08-08,ZNEGN0KF,2026-08-08,Java Developer,Connectis_,backend,Senior,Warszawa,False,b2b,23520.0,26040.0,2026-07-14
DINQQFSX-2026-08-08,DINQQFSX,2026-08-08,Product Owner AI & Data Products,ASTEK Polska,data,Senior,Kraków,False,b2b,23100.0,31500.0,2026-07-14
7M6FUTRL-2026-08-08,7M6FUTRL,2026-08-08,Developer FullStack (Java + Angular) ,"AVENGA (Agencja Pracy, nr KRAZ: 8448)",fullstack,Mid,Warszawa,False,b2b,19800.0,21800.0,2026-08-06
QLKDFOLB-2026-08-08,QLKDFOLB,2026-08-08,Senior iOS Engineer,smartpatient,mobile,Senior,Warszawa,True,b2b,22680.0,26250.0,2026-07-20
YDEGTLWE-2026-08-08,YDEGTLWE,2026-08-08,"Software Engineer II (Java, Typescript, React)",Jamf,fullstack,Mid,Katowice,False,permanent,11000.0,21000.0,2026-07-24
RQ3HF9EZ-2026-08-08,RQ3HF9EZ,2026-08-08,Fullstack Python Developer,Margo,fullstack,Senior,Warszawa,True,b2b,20160.0,21840.0,2026-07-14
W1ZDOYOH-2026-08-08,W1ZDOYOH,2026-08-08,Konsultant/Analityk ds. D365 (Service),Link Group,businessAnalyst,Senior,Nadarzyn,False,b2b,21000.0,24360.0,2026-08-06
BMZWMPEH-2026-08-08,BMZWMPEH,2026-08-08,Tester,ITFS Sp. z o.o.,testing,Mid,Warszawa,False,b2b,10080.0,13440.0,2026-08-05
UFFGDBPW-2026-08-08,UFFGDBPW,2026-08-08,Staff Data Engineer,"AVENGA (Agencja Pracy, nr KRAZ: 8448)",data,Senior,Warszawa,True,b2b,26040.0,30240.0,2026-08-06
YXSJMZQ9-2026-08-08,YXSJMZQ9,2026-08-08,AI-First Full Stack Engineer,Matrix Global Services,fullstack,Senior,,True,b2b,32000.0,34000.0,2026-07-14
9FHIIRTG-2026-08-08,9FHIIRTG,2026-08-08,Salesforce Technical Consultant,Connectis_,backend,Senior,Warszawa,False,b2b,20160.0,23520.0,2026-07-20
K62VQBBN-2026-08-08,K62VQBBN,2026-08-08,"Software Engineer – Profile Matching, Data & AI Platforms (m/f/d)",ALM Services Technology Group,data,Mid,Wrocław,True,b2b,16000.0,23000.0,2026-07-16
MM7UUQXO-2026-08-08,MM7UUQXO,2026-08-08,Senior Power Platform Developer,Ework Group,backend,Senior,Wrocław,False,b2b,25200.0,30240.0,2026-07-20
LFOGXRDL-2026-08-08,LFOGXRDL,2026-08-08,Senior Cloud Engineer,Ework Group,devops,Senior,Warszawa,False,b2b,28896.0,32424.0,2026-07-20
OL5QNTSC-2026-08-08,OL5QNTSC,2026-08-08,C++ Developer,ITFS Sp. z o.o.,backend,Mid,,True,b2b,15120.0,19320.0,2026-08-07
TXJC0ANG-2026-08-08,TXJC0ANG,2026-08-08,Senior RPG Developer (IBM i /AS400),Ework Group,other,Senior,Wrocław,True,b2b,26040.0,31080.0,2026-07-14
C9RC3UL0-2026-08-08,C9RC3UL0,2026-08-08,Architect/Consultant SAP Business Technology Platform (BTP),x1F,other,Mid,Warszawa,False,permanent,21146.0,26881.0,2026-08-07
3CR79NCJ-2026-08-08,3CR79NCJ,2026-08-08,"Full Stack Engineer (React, Java, Springboot) - Relocation to Singapore",VIRTUSA,fullstack,Mid,,False,permanent,32000.0,35000.0,2026-08-04
N3SRUJ6M-2026-08-08,N3SRUJ6M,2026-08-08,Software Quality Engineer - Relocation to Singapore,VIRTUSA,testing,Mid,,False,permanent,25000.0,33000.0,2026-08-04
ZWC6ZCFM-2026-08-08,ZWC6ZCFM,2026-08-08,Regular / Senior Tester Systemowo-Integracyjny (Automotive) / QA Engineer,1dea,testing,Mid,Warszawa,True,b2b,13440.0,15960.0,2026-07-14
H0PCJ4AO-2026-08-08,H0PCJ4AO,2026-08-08,DevSecOps Engineer - Relocation to Singapore ,VIRTUSA,devops,Mid,,False,permanent,25000.0,33500.0,2026-08-04
AC9IQJ9S-2026-08-08,AC9IQJ9S,2026-08-08,Salesforce QA - Relocation to Singapore,VIRTUSA,testing,Mid,,False,permanent,26000.0,33000.0,2026-08-04
DOB1E5NF-2026-08-08,DOB1E5NF,2026-08-08,ServiceNow Business Analyst,VIRTUSA,businessAnalyst,Mid,,False,b2b,30000.0,34000.0,2026-08-04
UYGN5WMH-2026-08-08,UYGN5WMH,2026-08-08,Product Manager - Relocation to Singapore,VIRTUSA,productManagement,Mid,,False,b2b,35000.0,46000.0,2026-08-04
QNYLMFE4-2026-08-08,QNYLMFE4,2026-08-08,IT Infrastructure Engineer - Relocation to Singapore,VIRTUSA,sysAdministrator,Mid,,False,permanent,23000.0,33000.0,2026-08-04
CVMZK43S-2026-08-08,CVMZK43S,2026-08-08,"Full-Stack Engineer – Python, Node.js, React & Microservices (m/f/d)",ALM Services Technology Group,fullstack,Senior,Wrocław,True,b2b,20000.0,34000.0,2026-07-16
F8IPOIPN-2026-08-08,F8IPOIPN,2026-08-08,Full stack (Golang Developer) - Relocation to Singapore ,VIRTUSA,fullstack,Mid,,False,permanent,30000.0,35000.0,2026-08-04
YVXUWCV7-2026-08-08,YVXUWCV7,2026-08-08,Senior Data Engineer (Python / Apache Spark / Azure),Square One Resources,data,Senior,Warszawa,True,b2b,25200.0,28560.0,2026-07-14
MAGHUH5Z-2026-08-08,MAGHUH5Z,2026-08-08,Snowflake Data Engineer (Energy sector project),Link Group,data,Mid,,True,b2b,18480.0,22680.0,2026-08-04
05SAJMZP-2026-08-08,05SAJMZP,2026-08-08,Mid Full Stack Developer (Python/ React),Idego Group Sp. z o.o.,fullstack,Mid,Gdynia,True,b2b,15120.0,20160.0,2026-07-20
Y3D9NBQ3-2026-08-08,Y3D9NBQ3,2026-08-08,Backend Developer (Python/RoR),MindPal Sp. z o. o.,backend,Junior,Gliwice,False,permanent,7000.0,10000.0,2026-08-04
I0PUVXZR-2026-08-08,I0PUVXZR,2026-08-08,ServiceNow Technical Architect - IRM,Spyrosoft,backend,Senior,Wrocław,True,b2b,31920.0,38640.0,2026-08-04
B3JME03H-2026-08-08,B3JME03H,2026-08-08,Head of Delivery,Satisfly Sp. z o.o.,projectManager,Senior,Wrocław,False,b2b,20000.0,24000.0,2026-07-30
LCCBTDPP-2026-08-08,LCCBTDPP,2026-08-08, Senior Cybersecurity Standards & Procedures Officer,Ework Group,security,Senior,Wrocław,False,b2b,23520.0,26880.0,2026-07-20
MKHLPVY0-2026-08-08,MKHLPVY0,2026-08-08,ServiceNow - CSM Architect,Spyrosoft,architecture,Senior,Wrocław,True,b2b,31920.0,38640.0,2026-08-04
D4D2DVFK-2026-08-08,D4D2DVFK,2026-08-08,Cloud & Infrastructure Engineer,Xopero Software,devops,Mid,Warszawa,True,b2b,15120.0,20160.0,2026-07-14
N7QDAQN7-2026-08-08,N7QDAQN7,2026-08-08,Product Owner / Business Analyst,"AVENGA (Agencja Pracy, nr KRAZ: 8448)",businessAnalyst,Senior,,True,b2b,19320.0,21000.0,2026-07-14
SENGZJTQ-2026-08-08,SENGZJTQ,2026-08-08,AWS Data Engineer [M/F],Arche Solutions,data,Mid,,True,b2b,25200.0,31920.0,2026-07-14
VJDLDDFL-2026-08-08,VJDLDDFL,2026-08-08,Senior Test Automation Engineer (Java),"AVENGA (Agencja Pracy, nr KRAZ: 8448)",testing,Senior,Wrocław,False,b2b,21400.0,24400.0,2026-08-04
SCF7N3RC-2026-08-08,SCF7N3RC,2026-08-08,ServiceNow Developer/Consultant,Spyrosoft,backend,Senior,Wrocław,True,b2b,18480.0,23520.0,2026-08-04
K6K9CSPZ-2026-08-08,K6K9CSPZ,2026-08-08,Junior Business Analyst,"AVENGA (Agencja Pracy, nr KRAZ: 8448)",businessAnalyst,Junior,Warszawa,False,b2b,9240.0,10080.0,2026-07-20
G6NMHVKI-2026-08-08,G6NMHVKI,2026-08-08,"Backend Engineer (Java, SpringBoot, Microservices)- Relocation To Singapore",VIRTUSA,backend,Senior,singapore,False,permanent,25000.0,33500.0,2026-08-04
7OXAIIRV-2026-08-08,7OXAIIRV,2026-08-08,Low Code Engineer (SharePoint)- Relocation To Singapore,VIRTUSA,fullstack,Mid,Singapore,False,permanent,25000.0,33000.0,2026-08-04
4TOIKO87-2026-08-08,4TOIKO87,2026-08-08,Solution Architect - DIA R&D,Roche,architecture,Senior,Warszawa,False,permanent,19075.0,35425.0,2026-08-06
CMQTKUIX-2026-08-08,CMQTKUIX,2026-08-08,Senior .NET Developer (praca w godz.14:00-22:00),Angry Nerds,backend,Senior,Wrocław,True,b2b,18500.0,21800.0,2026-08-06
GAAGRER2-2026-08-08,GAAGRER2,2026-08-08,Solution Architect - DIA R&D,Roche,architecture,Mid,Warszawa,False,permanent,14175.0,26325.0,2026-08-06
ONAEYDXW-2026-08-08,ONAEYDXW,2026-08-08,Data Scientist- Relocation To Singapore,VIRTUSA,data,Senior,Singapore,False,permanent,34000.0,46000.0,2026-08-04
UIFUANU3-2026-08-08,UIFUANU3,2026-08-08,Analityk biznesowo-systemowy,PKO Finat Sp. z o.o.,businessAnalyst,Mid,Warszawa,False,b2b,18480.0,24360.0,2026-07-14
HYZUTLSW-2026-08-08,HYZUTLSW,2026-08-08,Business Development Consultant – Strategic Connectivity (remote/onsite),COMVERGA Sp. z o.o.,sales,Mid,Warszawa,False,b2b,10000.0,15000.0,2026-08-04
MKOZWI3C-2026-08-08,MKOZWI3C,2026-08-08,Junior Business Development Consultant – Strategic Connectivity (remote/onsite),COMVERGA Sp. z o.o.,sales,Junior,Warszawa,False,b2b,7000.0,10000.0,2026-08-04
RIE4LDWF-2026-08-08,RIE4LDWF,2026-08-08,Service Now Developer,VIRTUSA,other,Mid,singapore,False,permanent,29000.0,33000.0,2026-08-04
I2RKMO8D-2026-08-08,I2RKMO8D,2026-08-08,Senior Fullstack Engineer (.NET+Typescript) [M/F],Arche Solutions,fullstack,Senior,Katowice,False,b2b,21840.0,26040.0,2026-07-29
DQFJYMCV-2026-08-08,DQFJYMCV,2026-08-08,Fullstack Engineer,Ringier Axel Springer Tech,fullstack,Mid,Warszawa,False,b2b,13000.0,20500.0,2026-07-14
05FYBUPR-2026-08-08,05FYBUPR,2026-08-08,"Software Engineer II, Global Money Movement",Remitly Poland sp. z o.o.,backend,Mid,Kraków,False,permanent,20000.0,23000.0,2026-08-06
YLNKWBUA-2026-08-08,YLNKWBUA,2026-08-08,Salesforce Developer,VIRTUSA,other,Senior,singapore,False,permanent,29000.0,33000.0,2026-08-04
FWFY0LUX-2026-08-08,FWFY0LUX,2026-08-08,Node.js Engineer,Ringier Axel Springer Tech,backend,Mid,Kraków,False,b2b,13000.0,20500.0,2026-07-14
JKOKJ0BW-2026-08-08,JKOKJ0BW,2026-08-08,"Software Engineer II, Global Money Movement",Remitly Poland sp. z o.o.,backend,Mid,Kraków,False,permanent,20000.0,23000.0,2026-08-06
SY4W0YYX-2026-08-08,SY4W0YYX,2026-08-08,ServiceNow HAM Architect,Spyrosoft,architecture,Senior,Wrocław,True,b2b,28560.0,38640.0,2026-08-04
SDUF6TGV-2026-08-08,SDUF6TGV,2026-08-08,SAP FI Record-to-Report (R2R) Senior Consultant,Spyrosoft,erp,Senior,Wrocław,True,b2b,25200.0,33600.0,2026-07-14
WRB4SZRI-2026-08-08,WRB4SZRI,2026-08-08,Salesforce Architect- Relocation To Singapore ,VIRTUSA,architecture,Senior,singapore,False,permanent,30000.0,34000.0,2026-08-04
CCS4BDFO-2026-08-08,CCS4BDFO,2026-08-08,"Software Development Engineer II, Global Money Movement",Remitly Poland sp. z o.o.,backend,Mid,Kraków,False,permanent,20000.0,23000.0,2026-08-06
T79YH1G9-2026-08-08,T79YH1G9,2026-08-08,ServiceNow ITOM Architect,Spyrosoft,architecture,Senior,Wrocław,True,b2b,28560.0,38640.0,2026-08-04
NV0EDBKQ-2026-08-08,NV0EDBKQ,2026-08-08,SAP FI-AA (Asset Accounting) Senior Consultant,Spyrosoft,erp,Senior,Wrocław,True,b2b,25200.0,33600.0,2026-07-14
WURY51DB-2026-08-08,WURY51DB,2026-08-08,Full Stack Engineer (Relocation to Singapore),VIRTUSA,fullstack,Senior,,False,permanent,31000.0,35000.0,2026-08-04
VKW2KHVN-2026-08-08,VKW2KHVN,2026-08-08,Tech Lead / Engineering Lead & Solution Architect (Data Platform / Cloud),ITFS Sp. z o.o.,architecture,Senior,Warszawa,True,b2b,33600.0,36960.0,2026-07-24
3YLLNQDC-2026-08-08,3YLLNQDC,2026-08-08,Senior Project Manager/ Product Owner,Moondigo Sp. z o.o.,projectManager,Senior,Toruń,True,b2b,20160.0,25200.0,2026-07-14
XZQQRBKC-2026-08-08,XZQQRBKC,2026-08-08,Administrator Systemów Linux/BSD (z elementami IT Support) - Warszawa ,Fudo Security,sysAdministrator,Mid,Warszawa,False,b2b,12000.0,16000.0,2026-07-31
RYCWE0DA-2026-08-08,RYCWE0DA,2026-08-08,Global HRIS Operations Senior Specialist,Falck Digital Technology,hr,Senior,Warszawa,False,permanent,15000.0,18000.0,2026-07-31
PF4DQITJ-2026-08-08,PF4DQITJ,2026-08-08,Programista Baz Danych MS SQL (F/M),ASTEK Polska,data,Mid,Warszawa,False,b2b,21000.0,23100.0,2026-07-20
WYE7GU7Q-2026-08-08,WYE7GU7Q,2026-08-08,Magneto Developer,Square One Resources,backend,Senior,Poznań,False,b2b,13440.0,16800.0,2026-07-14
33BAMFNU-2026-08-08,33BAMFNU,2026-08-08,Manual Tester,Scalo,testing,Mid,Warszawa,False,b2b,16800.0,18480.0,2026-07-24
ME3NCBUT-2026-08-08,ME3NCBUT,2026-08-08,Senior .NET / BI Developer,Scalo,backend,Senior,Warszawa,True,b2b,26880.0,28560.0,2026-08-05
BZGPXWLH-2026-08-08,BZGPXWLH,2026-08-08,Senior Full Stack Java Engineer,Mindbox Sp. z o.o.,fullstack,Senior,Kraków,False,b2b,30240.0,36960.0,2026-07-14
MJEUH9IP-2026-08-08,MJEUH9IP,2026-08-08,Technical Project Manager ,ESCOLA,projectManager,Mid,Gdańsk,True,b2b,10000.0,15000.0,2026-07-24
LXLJXMNF-2026-08-08,LXLJXMNF,2026-08-08,ServiceNow - CSM Architect,Spyrosoft,backend,Expert,Wrocław,True,b2b,31920.0,38640.0,2026-08-04
J7IH2FTB-2026-08-08,J7IH2FTB,2026-08-08,ServiceNow Technical Architect - IRM,Spyrosoft,backend,Expert,Wrocław,True,b2b,31920.0,38640.0,2026-08-04
15PDUBD1-2026-08-08,15PDUBD1,2026-08-08,Senior Cloud Consultant,GFT Poland,devops,Senior,Kraków,False,b2b,22680.0,28560.0,2026-07-20
CPLX2FCE-2026-08-08,CPLX2FCE,2026-08-08,Senior ServiceNow Developer,Spyrosoft,backend,Senior,,True,b2b,18480.0,23520.0,2026-08-04
EREOD3BP-2026-08-08,EREOD3BP,2026-08-08,ServiceNow HAM Architect,Spyrosoft,architecture,Expert,Wrocław,True,b2b,28560.0,38640.0,2026-08-04
MNHYSG8A-2026-08-08,MNHYSG8A,2026-08-08,ServiceNow ITOM Architect,Spyrosoft,architecture,Expert,Wrocław,True,b2b,28560.0,38640.0,2026-08-04
0AO1FFXO-2026-08-08,0AO1FFXO,2026-08-08,Snowflake Data Engineer,Link Group,data,Mid,,True,b2b,18480.0,22680.0,2026-08-04
UPHC0ILB-2026-08-08,UPHC0ILB,2026-08-08,Senior Snowflake Data Engineer,Link Group,data,Senior,,True,b2b,23520.0,27720.0,2026-08-04
FLOJPBE6-2026-08-08,FLOJPBE6,2026-08-08,Senior Cloud Engineer,GFT Poland,devops,Senior,Kraków,False,permanent,15900.0,24300.0,2026-07-20
ENAKXCBJ-2026-08-08,ENAKXCBJ,2026-08-08,Consultant/Analytic D365 (Finance and Procurement),Link Group,businessAnalyst,Senior,Warszawa,False,b2b,21840.0,28560.0,2026-08-06
J0FKU6DV-2026-08-08,J0FKU6DV,2026-08-08,Cloud DevOps Engineer,Link Group,devops,Senior,,True,b2b,11760.0,16800.0,2026-08-06
TVLGPXOW-2026-08-08,TVLGPXOW,2026-08-08,Lead Data Architect,Bayer,data,Expert,Warszawa,False,zlecenie,20240.0,25300.0,2026-08-06
WMGT8VU4-2026-08-08,WMGT8VU4,2026-08-08,Azure/Snowflake Security Architect (Qatar project,Link Group,security,Senior,,True,b2b,23520.0,27720.0,2026-08-04
OSKNII3J-2026-08-08,OSKNII3J,2026-08-08,Senior Java Developer with Kotlin,Citi,artificialIntelligence,Senior,Warszawa,False,permanent,22365.0,38084.0,2026-07-31
TCV0QZM5-2026-08-08,TCV0QZM5,2026-08-08,Senior Product Manager,Bayer,productManagement,Senior,Warszawa,True,permanent,20240.0,25300.0,2026-08-06
MCIFUEPT-2026-08-08,MCIFUEPT,2026-08-08,Python Counterparty Credit Risk Senior Developer - VP,Citi,artificialIntelligence,Senior,Warszawa,False,permanent,22365.0,38084.0,2026-07-31
KWYBQMAB-2026-08-08,KWYBQMAB,2026-08-08,IT Auditor,Link Group,security,Mid,Warszawa,False,b2b,14000.0,23000.0,2026-07-20
MAQWAONQ-2026-08-08,MAQWAONQ,2026-08-08,Senior Fullstack Developer,Link Group,fullstack,Senior,Warszawa,False,b2b,21840.0,28560.0,2026-07-20
GYCDAIMP-2026-08-08,GYCDAIMP,2026-08-08,User Acceptance Testing Analyst,Citi,testing,Mid,Warszawa,False,permanent,10016.0,15833.0,2026-07-31
MQ8GIJQE-2026-08-08,MQ8GIJQE,2026-08-08,Content Reviewer-fluent Hungarian,TP Poland Sp. z o.o.,marketing,Junior,Kraków,False,permanent,6500.0,7500.0,2026-07-22
B0ABPVFR-2026-08-08,B0ABPVFR,2026-08-08,Senior Software Engineer,Bayer,backend,Senior,Warszawa,False,permanent,20240.0,25300.0,2026-08-06
T0UCT0EJ-2026-08-08,T0UCT0EJ,2026-08-08,Advertising Campaign Optimiser with Dutch,TP Poland Sp. z o.o.,marketing,Junior,Kraków,False,permanent,6800.0,8800.0,2026-07-23
QLTHONMI-2026-08-08,QLTHONMI,2026-08-08,Enterprise SaaS Platform Engineer ,Square One Resources,sysAdministrator,Senior,,True,b2b,26880.0,33600.0,2026-07-20
RTG0KKV7-2026-08-08,RTG0KKV7,2026-08-08,Privacy Data Analyst with Swedish,TP Poland Sp. z o.o.,customerService,Junior,Kraków,False,permanent,7000.0,8000.0,2026-07-24
TG8DZCBG-2026-08-08,TG8DZCBG,2026-08-08,Junior Card Dispute Specialist with Norwegian,TP Poland Sp. z o.o.,customerService,Junior,Kraków,False,permanent,7800.0,9000.0,2026-07-29
ARLEUQ4G-2026-08-08,ARLEUQ4G,2026-08-08,Business Analyst ,ITFS Sp. z o.o.,businessAnalyst,Mid,Warszawa,True,b2b,21840.0,28560.0,2026-08-07
WDQA5LGG-2026-08-08,WDQA5LGG,2026-08-08,Junior Card Dispute Specialist with Danish,TP Poland Sp. z o.o.,customerService,Junior,Kraków,False,permanent,7800.0,9000.0,2026-07-29
CITI3IEY-2026-08-08,CITI3IEY,2026-08-08,  Production Support Manager (Investment Banking Tech),HSBC Technology Poland,support,Senior,Kraków,False,permanent,25000.0,33000.0,2026-07-02
3XOPDQU0-2026-08-08,3XOPDQU0,2026-08-08,Dutch-speaking Customer Service Consultant,TP Poland Sp. z o.o.,customerService,Junior,Warszawa,False,zlecenie,9408.0,9408.0,2026-07-30
FQGOWOP1-2026-08-08,FQGOWOP1,2026-08-08,Senior Product Analyst,Xebia sp. z o.o.,businessAnalyst,Senior,Warszawa,True,b2b,21840.0,30240.0,2026-07-29
AFEGEJYQ-2026-08-08,AFEGEJYQ,2026-08-08,Senior Data Scientist,Xebia sp. z o.o.,data,Senior,Warszawa,True,b2b,20000.0,30100.0,2026-07-29
1JELW3QX-2026-08-08,1JELW3QX,2026-08-08,Senior Product Manager ,Xebia sp. z o.o.,productManagement,Senior,Warszawa,True,b2b,20160.0,25200.0,2026-07-29
L538EEUJ-2026-08-08,L538EEUJ,2026-08-08,EU Bid Manager,Upvanta,sales,Mid,,True,permanent,21000.0,25200.0,2026-07-16
OJ67TNRZ-2026-08-08,OJ67TNRZ,2026-08-08,Senior Java Developer,j-labs software specialist,backend,Senior,Kraków,False,b2b,23520.0,26880.0,2026-07-14
CNH8VKMV-2026-08-08,CNH8VKMV,2026-08-08,"Senior Product Manager, UX Foundations",Box Inc.,productManagement,Senior,Warszawa,False,permanent,30000.0,39000.0,2026-08-04
PV8BHYK3-2026-08-08,PV8BHYK3,2026-08-08,Senior Product Owner – Enterprise Directory Services (Digital Workplace | Active Directory & Microsoft Entra ID),Square One Resources,productManagement,Senior,Kraków,False,b2b,16800.0,21840.0,2026-07-20
UTYV6L72-2026-08-08,UTYV6L72,2026-08-08,Senior Embedded Software Engineer (Motor Control / Power Electronics),Triol Corporation,embedded,Senior,Ostrówek Węgrowski,False,permanent,15000.0,18000.0,2026-07-09
RVFTUZN7-2026-08-08,RVFTUZN7,2026-08-08,Senior Big Data Engineer (Databricks + AWS),SoftServe,data,Senior,,True,b2b,21000.0,25000.0,2026-07-14
XV0Q5MRE-2026-08-08,XV0Q5MRE,2026-08-08,Lead Java Developer,"AVENGA (Agencja Pracy, nr KRAZ: 8448)",backend,Senior,Kraków,False,b2b,28560.0,30240.0,2026-08-06
WVM8RPSQ-2026-08-08,WVM8RPSQ,2026-08-08,Analityk Biznesowy,Diverse CG Sp. z o.o. Sp.k.,businessAnalyst,Junior,Warszawa,False,b2b,8400.0,10500.0,2026-07-20
9O4WPFS2-2026-08-08,9O4WPFS2,2026-08-08,Senior Cloud Data Engineer (Remote),SOURCE WERBEARTIKEL,data,Senior,,True,b2b,14929.0,17106.0,2026-07-20
KIQNM80S-2026-08-08,KIQNM80S,2026-08-08,Fullstack Engineer (70% Java / 30% React),j-labs software specialist,fullstack,Senior,Kraków,False,b2b,25200.0,30240.0,2026-07-14
DTY5QUKZ-2026-08-08,DTY5QUKZ,2026-08-08,Security Awareness Specialist,Link Group,security,Senior,,True,b2b,16800.0,21840.0,2026-07-20
TVCQH9YD-2026-08-08,TVCQH9YD,2026-08-08,IT ADMINISTRATOR,Respect Energy Fuels Sp zo.o.,sysAdministrator,Mid,Warszawa,False,permanent,12000.0,18000.0,2026-08-07
NUEL04KI-2026-08-08,NUEL04KI,2026-08-08,Senior Linux Consultant,GFT Poland,devops,Senior,Kraków,False,b2b,22680.0,28560.0,2026-07-14
2FOEOW7C-2026-08-08,2FOEOW7C,2026-08-08,Senior Frontend Vue Architect/Tech Lead,BLUEBINARY,frontend,Senior,Wrocław,True,b2b,25000.0,35000.0,2026-07-14
SJMD6QJK-2026-08-08,SJMD6QJK,2026-08-08,Senior Linux Engineer,GFT Poland,devops,Senior,Kraków,False,permanent,15800.0,24300.0,2026-07-14
FBWQERYD-2026-08-08,FBWQERYD,2026-08-08,Trend Researcher \ Badacz Rynku K/M,ASTEK Polska,data,Mid,Warszawa,False,b2b,10500.0,14070.0,2026-07-28
TX2NINKN-2026-08-08,TX2NINKN,2026-08-08,SDET/Java Developer (K/M),ASTEK Polska,testing,Mid,Warszawa,False,b2b,23100.0,25200.0,2026-07-28
LNEDGCEJ-2026-08-08,LNEDGCEJ,2026-08-08,Developer AI,"AVENGA (Agencja Pracy, nr KRAZ: 8448)",artificialIntelligence,Mid,Warszawa,False,b2b,21840.0,24360.0,2026-08-04
IK0XD8DL-2026-08-08,IK0XD8DL,2026-08-08,Development Cyber Security Lead,Volue Sp. z o.o.,security,Mid,Gdańsk,False,b2b,17000.0,18000.0,2026-07-14
60ZH6WTC-2026-08-08,60ZH6WTC,2026-08-08,SQA Test Engineer (onsite from Warsaw),VIRTUSA,testing,Mid,Warszawa,False,b2b,15120.0,18480.0,2026-07-23
TUXRGDOQ-2026-08-08,TUXRGDOQ,2026-08-08,Programista Automatyzacji i Orkiestracji Procesów ,Upvanta,backend,Mid,Wrocław,False,permanent,7350.0,10500.0,2026-07-16
57CW7HC5-2026-08-08,57CW7HC5,2026-08-08,Cloud Governance Manager,HSBC Technology Poland,security,Senior,Kraków,False,permanent,23300.0,28000.0,2026-07-14
SLFQRWB5-2026-08-08,SLFQRWB5,2026-08-08,Senior Solution Architect (PHP),Moondigo Sp. z o.o.,architecture,Senior,Warszawa,True,b2b,25200.0,35280.0,2026-07-14
QPFBWY5M-2026-08-08,QPFBWY5M,2026-08-08,Embedded Linux Engineer,Bioseco,embedded,Senior,Gdańsk,False,b2b,16000.0,22000.0,2026-07-13
C9YSUXG8-2026-08-08,C9YSUXG8,2026-08-08,"Senior Data Engineer – Python, Spark, AWS",Link Group,data,Senior,Warszawa,False,permanent,35000.0,40000.0,2026-07-30
HKNINJSI-2026-08-08,HKNINJSI,2026-08-08,AI Architect,Adtran Networks,artificialIntelligence,Expert,Gdynia,True,permanent,25000.0,33000.0,2026-07-30
D98WIXAA-2026-08-08,D98WIXAA,2026-08-08,Senior Data Scientist - R&D | System ochrony ptaków,Bioseco,data,Senior,Gdańsk,False,b2b,15000.0,22000.0,2026-07-16
WFAGS3QK-2026-08-08,WFAGS3QK,2026-08-08,Business Systems Analyst,Connectis_,businessAnalyst,Mid,Warszawa,False,b2b,18144.0,18480.0,2026-07-14
SBWH1XSP-2026-08-08,SBWH1XSP,2026-08-08,Specjalista / Specjalistka ds. Kadr i Płac,Trustark Human Solutions,hr,Mid,Wrocław,False,permanent,8000.0,12000.0,2026-07-24
EBR3YURE-2026-08-08,EBR3YURE,2026-08-08,HR Specialist,Trustark Human Solutions,hr,Mid,Wrocław,False,permanent,12000.0,12000.0,2026-07-24
ZPK0J4HG-2026-08-08,ZPK0J4HG,2026-08-08,Senior QA Specialist ,Angry Nerds,testing,Senior,Wrocław,True,b2b,11760.0,16800.0,2026-07-14
VN8N8NNV-2026-08-08,VN8N8NNV,2026-08-08,Product Manager,"AVENGA (Agencja Pracy, nr KRAZ: 8448)",productManagement,Senior,Warszawa,True,b2b,23520.0,25200.0,2026-07-14
ZLGUPL9P-2026-08-08,ZLGUPL9P,2026-08-08,DevOps & Technology Controls Engineer,GFT Poland,devops,Senior,Kraków,False,permanent,15800.0,24300.0,2026-08-06
3PJAHX8F-2026-08-08,3PJAHX8F,2026-08-08,Expert Data Consultant,GFT Poland,data,Expert,Kraków,False,b2b,26040.0,34440.0,2026-07-20
GY8LTOM3-2026-08-08,GY8LTOM3,2026-08-08,DevOps & Technology Controls Consultant,GFT Poland,devops,Senior,Kraków,False,b2b,22680.0,28560.0,2026-08-06
E3KZWGH4-2026-08-08,E3KZWGH4,2026-08-08,Expert Data Engineer,GFT Poland,data,Expert,Kraków,False,permanent,17400.0,26700.0,2026-07-20
DTACV6ZF-2026-08-08,DTACV6ZF,2026-08-08,UX/UI Designer Senior,Scalo,ux,Senior,Warszawa,False,b2b,18480.0,20160.0,2026-07-16
DFHPLSUW-2026-08-08,DFHPLSUW,2026-08-08,Fullstack Developer (Java + Angular),Scalo,fullstack,Senior,Warszawa,False,b2b,21840.0,23520.0,2026-07-16
31DMH1J0-2026-08-08,31DMH1J0,2026-08-08,"Senior Software Engineer – Profile Matching, Data & AI Platforms",ALM Services Technology Group,data,Senior,Wrocław,True,b2b,23000.0,35000.0,2026-07-16
IP2VJXPF-2026-08-08,IP2VJXPF,2026-08-08,Senior Data Engineer,GFT Poland,data,Senior,Kraków,False,permanent,14600.0,22300.0,2026-07-20
HXZ0RGMD-2026-08-08,HXZ0RGMD,2026-08-08,Analityk Systemowy,Scalo,businessIntelligence,Mid,Warszawa,False,b2b,19320.0,21000.0,2026-07-16
RA69RLZM-2026-08-08,RA69RLZM,2026-08-08,Senior Data Consultant,GFT Poland,data,Senior,Kraków,False,b2b,21000.0,26880.0,2026-07-20
VFYWMHYM-2026-08-08,VFYWMHYM,2026-08-08,Golang Developer,Scalo,backend,Mid,Wrocław,True,b2b,21840.0,25200.0,2026-07-16
TJP904ED-2026-08-08,TJP904ED,2026-08-08,Data Engineer (Azure / Databricks / Spark),Square One Resources,data,Senior,Warszawa,True,b2b,23520.0,26040.0,2026-07-20
JY2RZPOQ-2026-08-08,JY2RZPOQ,2026-08-08,Senior Java Developer,"AVENGA (Agencja Pracy, nr KRAZ: 8448)",backend,Senior,Warszawa,False,b2b,28560.0,31920.0,2026-08-06
GBWEIXYB-2026-08-08,GBWEIXYB,2026-08-08,Product Compliance Specialist,Scalo,security,Mid,Wrocław,True,b2b,25200.0,30240.0,2026-07-16
CFXIBNEB-2026-08-08,CFXIBNEB,2026-08-08,Data consultant,GFT Poland,data,Mid,Kraków,False,b2b,15960.0,21672.0,2026-07-20
VNOL7SIU-2026-08-08,VNOL7SIU,2026-08-08,Inżynier DevSecOps ,ITFS Sp. z o.o.,devops,Mid,Warszawa,False,b2b,21840.0,25200.0,2026-07-24
09ZGVVWB-2026-08-08,09ZGVVWB,2026-08-08,Business Analyst,Scalo,businessAnalyst,Mid,Wrocław,True,b2b,21840.0,25200.0,2026-07-16
AIOAAQGA-2026-08-08,AIOAAQGA,2026-08-08,DevOps,Scalo,devops,Mid,Wrocław,True,b2b,21840.0,25200.0,2026-07-16
RFXG6OFG-2026-08-08,RFXG6OFG,2026-08-08,QA Automation Engineer,Scalo,testing,Mid,Wrocław,False,b2b,21840.0,25200.0,2026-07-16
GRACDGAN-2026-08-08,GRACDGAN,2026-08-08,Fullstack Developer (.Net + React),Scalo,fullstack,Mid,Warszawa,False,b2b,19320.0,21000.0,2026-07-16
EXR6FLIW-2026-08-08,EXR6FLIW,2026-08-08,Data Scientist [M/F],Arche Solutions,data,Mid,,True,b2b,23520.0,28560.0,2026-07-14
NHNP0XLM-2026-08-08,NHNP0XLM,2026-08-08,C++ Developer/ Embedded Software Engineer,Scalo,embedded,Mid,Wrocław,False,b2b,21840.0,25200.0,2026-07-16
QAUO3GHF-2026-08-08,QAUO3GHF,2026-08-08,Senior Data Scientist,Link Group,data,Senior,,True,b2b,19320.0,25200.0,2026-08-06
GXD1K6JE-2026-08-08,GXD1K6JE,2026-08-08,Data Engineer,GFT Poland,data,Mid,Kraków,False,permanent,11700.0,18700.0,2026-07-20
7W2937BW-2026-08-08,7W2937BW,2026-08-08,PMO (Senior),Scalo,projectManager,Senior,Warszawa,False,b2b,13440.0,15120.0,2026-07-16
Y3QMS4KL-2026-08-08,Y3QMS4KL,2026-08-08,Senior AI Engineer,Scalo,artificialIntelligence,Senior,,True,b2b,25200.0,26880.0,2026-07-16
6QGZIFPZ-2026-08-08,6QGZIFPZ,2026-08-08,Senior Java Developer,Scalo,backend,Senior,,True,b2b,22680.0,24360.0,2026-07-16
0KLX2HAJ-2026-08-08,0KLX2HAJ,2026-08-08,Flutter Developer,Scalo,mobile,Mid,Wrocław,False,b2b,25200.0,25200.0,2026-07-16
YOLUSTH6-2026-08-08,YOLUSTH6,2026-08-08,ServiceNow Analyst [M/F],Arche Solutions,sysAdministrator,Mid,Warszawa,False,b2b,20160.0,26040.0,2026-07-14
G8PJVO4M-2026-08-08,G8PJVO4M,2026-08-08,Application Consultant,GFT Poland,fullstack,Mid,Kraków,False,b2b,16800.0,21840.0,2026-07-14
D9CDP7DC-2026-08-08,D9CDP7DC,2026-08-08,Application Engineer,GFT Poland,fullstack,Mid,Kraków,False,permanent,12800.0,20600.0,2026-07-14
A9HZ7FTA-2026-08-08,A9HZ7FTA,2026-08-08,Java Developer,Scalo,backend,Senior,Katowice,True,b2b,25200.0,26880.0,2026-08-05
7GLKAKC6-2026-08-08,7GLKAKC6,2026-08-08,Manual Tester,Scalo,testing,Mid,Lublin,False,b2b,15792.0,17472.0,2026-08-05
JITD7JWZ-2026-08-08,JITD7JWZ,2026-08-08,Business - System Analyst,Scalo,data,Senior,Warszawa,False,b2b,22680.0,24360.0,2026-07-24
UOQABW1U-2026-08-08,UOQABW1U,2026-08-08,SharePoint Administrator [M/F],Arche Solutions,sysAdministrator,Mid,,True,b2b,21840.0,27720.0,2026-07-14
SBOSWMPU-2026-08-08,SBOSWMPU,2026-08-08,IFRS 18 Subject Matter Expert (Audit Support),DCG,finance,Expert,Warszawa,False,b2b,21840.0,23520.0,2026-07-14
UJHKRLZ1-2026-08-08,UJHKRLZ1,2026-08-08,"Senior AI-Native Software Engineer – Full Stack (React, Next.js, Node.js)",the.good.code;,fullstack,Senior,Gdańsk,True,b2b,23520.0,30240.0,2026-07-24
YE0OLLGM-2026-08-08,YE0OLLGM,2026-08-08,SAP SuccessFactors Enterprise Service Management (ESM) Consultant,1dea,erp,Senior,,True,b2b,33600.0,40320.0,2026-07-14
RKD8ZXNQ-2026-08-08,RKD8ZXNQ,2026-08-08,Remote Senior Cybersecurity Engineer (Security Lead),Sybilla Technologies Sp. z o.o.,security,Senior,,True,b2b,140.0,180.0,2026-07-15
RERLZAFW-2026-08-08,RERLZAFW,2026-08-08,Software Backend Engineer (Java),Branchspace,backend,Mid,Kraków,False,b2b,17000.0,23000.0,2026-08-05
ZYYJTTVV-2026-08-08,ZYYJTTVV,2026-08-08,Senior DevOps Consultant (AWS),GFT Poland,devops,Senior,Kraków,False,b2b,22680.0,28560.0,2026-07-20
RLDBHGQP-2026-08-08,RLDBHGQP,2026-08-08,Senior Software Engineer,Sybilla Technologies Sp. z o.o.,backend,Senior,,True,b2b,23520.0,28560.0,2026-07-16
LYPW8XXE-2026-08-08,LYPW8XXE,2026-08-08,Software Engineer (Java / Angular),Inteca,backend,Senior,Wrocław,True,b2b,20000.0,26000.0,2026-07-20
JCOX7VQM-2026-08-08,JCOX7VQM,2026-08-08,Linux Server Support Specialist,DCG,sysAdministrator,Mid,Warszawa,False,b2b,20160.0,21000.0,2026-07-14
K9DOHFQO-2026-08-08,K9DOHFQO,2026-08-08,Senior DevOps Engineer (AWS),GFT Poland,devops,Senior,Kraków,False,permanent,15870.0,24300.0,2026-07-20
77RYDHG3-2026-08-08,77RYDHG3,2026-08-08,German-speaking PMO,Link Group,projectManager,Senior,,True,b2b,20160.0,26880.0,2026-07-20
84ZYITYC-2026-08-08,84ZYITYC,2026-08-08,Big Data Engineer,Connectis_,data,Senior,Warszawa,False,b2b,28000.0,32000.0,2026-07-14
YD31DFKN-2026-08-08,YD31DFKN,2026-08-08, Customer Support Specialist (German and English-speaking) ,DCG,customerService,Junior,Gdańsk,False,permanent,7560.0,8232.0,2026-07-14
IMBJ0XGS-2026-08-08,IMBJ0XGS,2026-08-08,Cobol Developer,"AVENGA (Agencja Pracy, nr KRAZ: 8448)",backend,Senior,Katowice,False,b2b,25200.0,33600.0,2026-08-04
5ZDCHXER-2026-08-08,5ZDCHXER,2026-08-08,Python+Django Senior Developer,VAN cargo,backend,Senior,Warszawa,False,b2b,23520.0,28560.0,2026-07-24
AQKVXUAM-2026-08-08,AQKVXUAM,2026-08-08,Analityk Biznesowy/Analityczka Biznesowa (Obszar kredytów hipotecznych),DCG,businessAnalyst,Mid,Warszawa,False,b2b,16800.0,21000.0,2026-07-14
BHTO5INZ-2026-08-08,BHTO5INZ,2026-08-08,Senior/Lead Machine Learning Engineer,IFS,artificialIntelligence,Senior,Kraków,False,permanent,20000.0,28333.0,2026-07-13
0811M5AB-2026-08-08,0811M5AB,2026-08-08,Senior .NET Engineer,GFT Poland,backend,Senior,Kraków,False,permanent,14600.0,22300.0,2026-08-06
CHEOSFJU-2026-08-08,CHEOSFJU,2026-08-08,Lead Data Architect - Marketing & Sales,Bayer,data,Expert,Warszawa,False,permanent,25760.0,32300.0,2026-08-04
4HGATD7E-2026-08-08,4HGATD7E,2026-08-08,Senior .NET Consultant,GFT Poland,backend,Senior,Kraków,False,b2b,21000.0,26880.0,2026-08-06
VT6TV7WN-2026-08-08,VT6TV7WN,2026-08-08,Product Manager,Wyden AG,productManagement,Mid,Wrocław,True,b2b,23655.0,29031.0,2026-08-07
SCN1SZML-2026-08-08,SCN1SZML,2026-08-08,Senior Java Developer,Scalo,backend,Senior,Warszawa,True,b2b,22680.0,24360.0,2026-07-16
7IUZMEFA-2026-08-08,7IUZMEFA,2026-08-08,Python - GCP Devops Engineer,Link Group,devops,Senior,,True,b2b,20160.0,21840.0,2026-07-20
XAN1EYFQ-2026-08-08,XAN1EYFQ,2026-08-08,PowerBi SME,Mindbox Sp. z o.o.,backend,Mid,Kraków,False,b2b,23100.0,28560.0,2026-07-20
NULHANNA-2026-08-08,NULHANNA,2026-08-08,DevOps Engineer,Link Group,devops,Senior,,True,b2b,20160.0,22680.0,2026-07-20
DQYRVR7B-2026-08-08,DQYRVR7B,2026-08-08,Księgowy / Księgowa w obszarze AP / AR,Ringier Axel Springer Tech,finance,Senior,Warszawa,False,permanent,5600.0,10300.0,2026-08-06
1CJMMCCB-2026-08-08,1CJMMCCB,2026-08-08,Operations Engineer,Mindbox Sp. z o.o.,sysAdministrator,Mid,Kraków,False,b2b,21000.0,24150.0,2026-07-20
GXUXPSUA-2026-08-08,GXUXPSUA,2026-08-08,Business Analyst,Link Group,businessAnalyst,Senior,,True,b2b,18480.0,21840.0,2026-07-20
YRC1GXHI-2026-08-08,YRC1GXHI,2026-08-08,Valuation Control Project Manager / Analyst,Mindbox Sp. z o.o.,projectManager,Mid,Kraków,False,b2b,23100.0,26250.0,2026-07-20
J7DKFSWW-2026-08-08,J7DKFSWW,2026-08-08,Project Manager and Scrum Master,Link Group,projectManager,Senior,,True,b2b,23520.0,26880.0,2026-07-20
HHK44Y50-2026-08-08,HHK44Y50,2026-08-08,Senior Business Analyst,Mindbox Sp. z o.o.,data,Senior,Kraków,False,b2b,22050.0,25200.0,2026-07-20
8SOEWW8D-2026-08-08,8SOEWW8D,2026-08-08,Data Scientist,Mindbox Sp. z o.o.,artificialIntelligence,Senior,Warszawa,True,b2b,23100.0,26250.0,2026-07-20
L3AHR0T7-2026-08-08,L3AHR0T7,2026-08-08,MFA Project Manager,Mindbox Sp. z o.o.,projectManager,Mid,Kraków,False,b2b,23100.0,26250.0,2026-07-20
5XU1URA0-2026-08-08,5XU1URA0,2026-08-08,AI Engineer 100% REMOTE,DS STREAM,artificialIntelligence,Senior,Warszawa,True,b2b,21840.0,28560.0,2026-07-20
JMOMKUIM-2026-08-08,JMOMKUIM,2026-08-08,Test Automation Engineer,Mindbox Sp. z o.o.,testing,Mid,Kraków,False,b2b,23100.0,27300.0,2026-07-20
ZR6CWOAL-2026-08-08,ZR6CWOAL,2026-08-08,Cloud Engineer,Mindbox Sp. z o.o.,devops,Senior,Kraków,False,b2b,25200.0,33600.0,2026-07-20
U7HBPJHS-2026-08-08,U7HBPJHS,2026-08-08,Business Analyst,Mindbox Sp. z o.o.,data,Senior,Kraków,False,b2b,21000.0,24150.0,2026-07-20
DETSIR7X-2026-08-08,DETSIR7X,2026-08-08,Frontend Developer,Mindbox Sp. z o.o.,frontend,Mid,Kraków,False,b2b,23100.0,27300.0,2026-07-20
CUFRKTXC-2026-08-08,CUFRKTXC,2026-08-08,Java Script/ Mashup Dev,Mindbox Sp. z o.o.,backend,Mid,Kraków,False,b2b,27300.0,30450.0,2026-07-20
U5F9QFDW-2026-08-08,U5F9QFDW,2026-08-08,Power BI / Data Visualization Specialist,Mindbox Sp. z o.o.,businessIntelligence,Senior,Katowice,False,b2b,23100.0,29400.0,2026-07-20
QKD0XRDZ-2026-08-08,QKD0XRDZ,2026-08-08,Production Engineering Specialist,Mindbox Sp. z o.o.,devops,Mid,Kraków,False,b2b,21000.0,25200.0,2026-07-20
DYZDSKOV-2026-08-08,DYZDSKOV,2026-08-08,Test Engineer,Verita HR,testing,Mid,Kraków,False,b2b,28350.0,30450.0,2026-07-20
V3LMDFYU-2026-08-08,V3LMDFYU,2026-08-08,DevSecOps Service Owner,Toyota Digital HUB & SSC (TME NV/SA),devops,Senior,Wrocław,False,permanent,18000.0,25000.0,2026-07-24
VOOEHMKN-2026-08-08,VOOEHMKN,2026-08-08,Senior Oracle Database Administrator,Toyota Digital HUB & SSC (TME NV/SA),data,Senior,Wrocław,False,permanent,18000.0,25000.0,2026-07-24
YNUTYSOC-2026-08-08,YNUTYSOC,2026-08-08,Senior Fullstack Data Scientist,Lingaro,data,Senior,Warszawa,True,b2b,24000.0,31500.0,2026-07-14
4LGNPRFY-2026-08-08,4LGNPRFY,2026-08-08,Fullstack / Integration Engineer,Link Group,fullstack,Senior,Warszawa,False,permanent,30000.0,40000.0,2026-07-20
OLB7CBFI-2026-08-08,OLB7CBFI,2026-08-08,Senior Backend Developer,Devire,backend,Senior,,True,b2b,25200.0,33600.0,2026-07-20
TMVDRHZI-2026-08-08,TMVDRHZI,2026-08-08,Technical Business Analyst,Link Group,businessAnalyst,Mid,Warszawa,True,b2b,20000.0,24000.0,2026-08-06
E35OHHSG-2026-08-08,E35OHHSG,2026-08-08,C# / .NET Developer,Link Group,backend,Senior,Warszawa,False,permanent,37000.0,43000.0,2026-07-20
YUFKZZRG-2026-08-08,YUFKZZRG,2026-08-08,Analityk IT/Systemowy,Devire,businessAnalyst,Mid,,True,b2b,18480.0,21840.0,2026-07-20
RFMVXKA8-2026-08-08,RFMVXKA8,2026-08-08,Financial Analyst,Link Group,finance,Mid,Poznań,True,b2b,13440.0,22680.0,2026-08-06
R5KBILJF-2026-08-08,R5KBILJF,2026-08-08,Ekspert Frontend Developer (Angular),Devire,frontend,Expert,,True,b2b,31080.0,33600.0,2026-07-20
LNYO5FCI-2026-08-08,LNYO5FCI,2026-08-08,Senior AI Software Engineer,Bayer,artificialIntelligence,Senior,Warszawa,False,permanent,20240.0,25300.0,2026-07-20
DEPOP8RH-2026-08-08,DEPOP8RH,2026-08-08,Programista Frontend/ Programistka Frontend (Angular),ASTEK Polska,frontend,Senior,Warszawa,True,b2b,21000.0,25200.0,2026-07-14
HYX49HWY-2026-08-08,HYX49HWY,2026-08-08,Senior Fullstack Developer (Java + Angular),Square One Resources,fullstack,Senior,Warszawa,False,b2b,21840.0,25200.0,2026-07-30
WTCYVPKV-2026-08-08,WTCYVPKV,2026-08-08,Senior Project Manager – Projekty Cloud & Data Transformation,1dea,projectManager,Senior,,True,b2b,26040.0,30240.0,2026-07-14
B1UK08PM-2026-08-08,B1UK08PM,2026-08-08,UX Designer,"AVENGA (Agencja Pracy, nr KRAZ: 8448)",ux,Mid,Warszawa,False,b2b,13440.0,20160.0,2026-08-04
D8Q05VJQ-2026-08-08,D8Q05VJQ,2026-08-08,IFS Cloud / Oracle PL/SQL Developer - Remote Work Type,Directio Sp. z o.o.,erp,Mid,,True,b2b,26000.0,28000.0,2026-07-31
SGNHSZXS-2026-08-08,SGNHSZXS,2026-08-08,Księgowa / Księgowy,Trustark Human Solutions,finance,Mid,Wrocław,False,permanent,8000.0,9000.0,2026-08-07
14HYK7OU-2026-08-08,14HYK7OU,2026-08-08,Optimization Consultant,Link Group,consulting,Mid,Warszawa,True,b2b,10752.0,12472.0,2026-08-04
8DEY6GXC-2026-08-08,8DEY6GXC,2026-08-08,Salesforce Developer,1dea,other,Mid,,True,b2b,25200.0,28560.0,2026-07-20
8CP4BSCO-2026-08-08,8CP4BSCO,2026-08-08,Senior Golang Developer,Transition Technologies PSC,backend,Senior,Łódź,True,b2b,25200.0,33600.0,2026-08-04
KQ0VTRSE-2026-08-08,KQ0VTRSE,2026-08-08,Business Systems Analyst III (Salesforce),Box Inc.,support,Mid,Warszawa,False,permanent,19000.0,19000.0,2026-07-20
5ROSEFTT-2026-08-08,5ROSEFTT,2026-08-08,Senior C# Engineer,Link Group,backend,Senior,Warszawa,False,permanent,32000.0,44000.0,2026-07-20
C2HHJK6D-2026-08-08,C2HHJK6D,2026-08-08,Senior Engineer C++ in investment banking,Link Group,backend,Senior,Warszawa,False,permanent,39000.0,50000.0,2026-07-20
BBTZXP6L-2026-08-08,BBTZXP6L,2026-08-08,Junior Bid Manager,Spyrosoft,consulting,Junior,Wrocław,False,b2b,8400.0,16800.0,2026-07-20
2HKNTD2M-2026-08-08,2HKNTD2M,2026-08-08,Functional Expert – Kondor+,Spyrosoft,erp,Senior,Wrocław,True,b2b,23520.0,42000.0,2026-07-20
RLFMUYTW-2026-08-08,RLFMUYTW,2026-08-08,Technical Expert / Developer – Kondor+,Spyrosoft,erp,Senior,Wrocław,True,b2b,23520.0,42000.0,2026-07-20
NZ6VFUAI-2026-08-08,NZ6VFUAI,2026-08-08,Senior Go Developer,YND Technologies,backend,Senior,Warszawa,True,b2b,25000.0,35000.0,2026-07-20
OOR0I97D-2026-08-08,OOR0I97D,2026-08-08,TVT / Migration Support,Ework Group,testing,Mid,Warszawa,True,b2b,20160.0,23016.0,2026-07-14
3B6FMXCF-2026-08-08,3B6FMXCF,2026-08-08,Data Engineer / Senior Data Engineer (Azure & Snowflake),1dea,data,Mid,Warszawa,True,b2b,26880.0,33600.0,2026-07-28
TQXJCOSQ-2026-08-08,TQXJCOSQ,2026-08-08,Test Lead [M/F],Arche Solutions,testing,Expert,,True,b2b,21840.0,26040.0,2026-07-14
TQOVPCUD-2026-08-08,TQOVPCUD,2026-08-08,Senior React Native Developer,DahliaMatic Sp. z o.o.,mobile,Senior,Warszawa,False,b2b,18000.0,30000.0,2026-07-13
7Y1TCLWP-2026-08-08,7Y1TCLWP,2026-08-08,Senior Machine Learning Engineer (GenAI / GCP),1dea,artificialIntelligence,Senior,Warszawa,True,b2b,26040.0,27720.0,2026-07-28
CPHPMTOX-2026-08-08,CPHPMTOX,2026-08-08,Staff Cloud Security Architect (AI Solutions | Azure | Databricks | Terraform),1dea,security,Senior,Warszawa,True,b2b,31920.0,35280.0,2026-07-28
RAT53NRJ-2026-08-08,RAT53NRJ,2026-08-08,Senior C# Engineer,Link Group,backend,Senior,,True,permanent,32000.0,44000.0,2026-07-30
UUHMNHXC-2026-08-08,UUHMNHXC,2026-08-08,Senior Dev Enablement Engineer ,Accuris,devops,Senior,Gdańsk,False,permanent,26000.0,26000.0,2026-08-06
OOLMYR0O-2026-08-08,OOLMYR0O,2026-08-08,Senior SQA Engineer ,Accuris,testing,Senior,Gdańsk,False,permanent,17500.0,17500.0,2026-08-06
Q83SC8XX-2026-08-08,Q83SC8XX,2026-08-08,Senior Software Engineer ,Accuris,backend,Senior,Gdańsk,False,permanent,25000.0,25000.0,2026-08-06
J1DGQHDD-2026-08-08,J1DGQHDD,2026-08-08,Senior Product Manager ,Accuris,productManagement,Senior,,True,permanent,19000.0,21000.0,2026-08-06
KPALGSQS-2026-08-08,KPALGSQS,2026-08-08,Middle Software Engineer (.NET) ,Accuris,backend,Mid,Gdańsk,False,permanent,18000.0,19000.0,2026-08-06
UDS8VYSB-2026-08-08,UDS8VYSB,2026-08-08,Mobile/Xamarin Developer,Awumba,mobile,Mid,,True,b2b,25032.0,31248.0,2026-07-24
IFTGSSFA-2026-08-08,IFTGSSFA,2026-08-08,Specjalista Techniczno-Handlowy (k/m),Bamo,sales,Mid,Łódź,False,permanent,6000.0,10000.0,2026-08-05
4GCZQ1ZY-2026-08-08,4GCZQ1ZY,2026-08-08,Head of Vendor Management (Cybersecurity),HSBC Technology Poland,security,Senior,Kraków,False,permanent,22000.0,31883.0,2026-07-02
3QAG5SHW-2026-08-08,3QAG5SHW,2026-08-08,Hr & Office Operations Specialist,NFQ Technologies,hr,Mid,Kraków,False,permanent,9500.0,13000.0,2026-07-24
70XDLBOJ-2026-08-08,70XDLBOJ,2026-08-08,Programista / Programistka Android z Kotlin Multiplatform (f/m/x),Sii Polska,mobile,Senior,Warszawa,False,b2b,20000.0,26000.0,2026-07-14
OLTGXALL-2026-08-08,OLTGXALL,2026-08-08,Analityk Biznesowo-Systemowy (Bankowość Elektroniczna),Upvanta,businessAnalyst,Mid,Wrocław,False,permanent,21000.0,25200.0,2026-07-16
MCKGGJVO-2026-08-08,MCKGGJVO,2026-08-08,IT Business Analyst [M/F],Arche Solutions,businessAnalyst,Mid,,True,b2b,15120.0,18480.0,2026-07-20
ZZKPBGEC-2026-08-08,ZZKPBGEC,2026-08-08,Analityk Biznesowo-Systemowy (Bankowość Elektroniczna),Upvanta,businessAnalyst,Mid,Wrocław,True,permanent,21000.0,25200.0,2026-07-16
IZGUO3DZ-2026-08-08,IZGUO3DZ,2026-08-08,SQL Server Migration Specialist,Ework Group,backend,Mid,Gdynia,False,b2b,21840.0,22680.0,2026-07-14
KKWWYIUU-2026-08-08,KKWWYIUU,2026-08-08,Lead Java Engineer,GFT Poland,backend,Expert,Kraków,False,permanent,17400.0,26700.0,2026-08-04
2E43K4G3-2026-08-08,2E43K4G3,2026-08-08,SOC Coordinator,Apius Technologies S.A,security,Mid,Wrocław,False,b2b,14000.0,18000.0,2026-07-14
6Q6VDE6L-2026-08-08,6Q6VDE6L,2026-08-08,Lead Java Consultant,GFT Poland,backend,Expert,Kraków,False,b2b,26040.0,34440.0,2026-08-04
OR2A95TR-2026-08-08,OR2A95TR,2026-08-08,"Senior Software Engineer (Python, Node.js and Go)",GFT Poland,backend,Senior,Kraków,False,permanent,14600.0,22300.0,2026-08-04
68O0OBMR-2026-08-08,68O0OBMR,2026-08-08,Java Cloud Developer (f/m/x),Sii Polska,backend,Mid,Warszawa,False,b2b,20000.0,24000.0,2026-07-14
MZYSIJXZ-2026-08-08,MZYSIJXZ,2026-08-08,"Senior Software Consultant (Python, Node.js and Go)",GFT Poland,backend,Senior,Kraków,False,b2b,21000.0,26880.0,2026-08-04
KSMZEROR-2026-08-08,KSMZEROR,2026-08-08,MLOps Engineer [M/F],Arche Solutions,artificialIntelligence,Mid,,True,b2b,28560.0,33600.0,2026-07-14
1MCBX6R8-2026-08-08,1MCBX6R8,2026-08-08,"Python Engineer, Data Platform",Link Group,data,Senior,Warszawa,False,permanent,27000.0,39000.0,2026-07-30
YNSRWQOT-2026-08-08,YNSRWQOT,2026-08-08,Data Management Specialist / Workday Prism Consultant,Link Group,data,Senior,,True,b2b,24000.0,30000.0,2026-08-06
DWYAPPNF-2026-08-08,DWYAPPNF,2026-08-08,Technolog mebli K/M,MWH Meble,mechanics,Mid,Zator,False,permanent,6850.0,10500.0,2026-07-24
BUHJ2CYK-2026-08-08,BUHJ2CYK,2026-08-08,Technolog mebli K/M,MWH Meble,consulting,Mid,Zator,False,permanent,6850.0,10500.0,2026-07-24
JUV1HIFJ-2026-08-08,JUV1HIFJ,2026-08-08,Growth Marketing Manager Performance,mysite.ai,marketing,Mid,Warszawa,False,zlecenie,13800.0,19000.0,2026-08-01
Z3VZMYGT-2026-08-08,Z3VZMYGT,2026-08-08,Qt/QML Software Engineer with French,Spyrosoft,frontend,Senior,Wrocław,True,b2b,20160.0,29400.0,2026-08-04
GXK7LCFP-2026-08-08,GXK7LCFP,2026-08-08,Analytics Engineer,Box Inc.,data,Mid,Warszawa,False,permanent,16500.0,19000.0,2026-07-20
KGWHW4YI-2026-08-08,KGWHW4YI,2026-08-08,Squad Lead (Engineering Manager),EcoVadis,projectManager,Senior,Warszawa,True,permanent,25000.0,32000.0,2026-07-16
EP6UKU1J-2026-08-08,EP6UKU1J,2026-08-08,Specjalistka/Specjalista ds. Księgowości,Trustark Human Solutions,finance,Mid,Wrocław,False,permanent,8000.0,8500.0,2026-07-16
R3UJXMTI-2026-08-08,R3UJXMTI,2026-08-08,Senior Data Engineer,Forte,data,Senior,Katowice,False,b2b,20160.0,27720.0,2026-07-16
EUHJ8RUD-2026-08-08,EUHJ8RUD,2026-08-08,Data Engineer (Junior/Mid),Falck Digital Technology Poland Sp. z o.o.,data,Mid,Warszawa,False,permanent,12000.0,21000.0,2026-07-14
FYKH6BG8-2026-08-08,FYKH6BG8,2026-08-08,Business Analyst,Scalo,data,Senior,Warszawa,False,b2b,17640.0,19320.0,2026-08-07
QNHPTK3O-2026-08-08,QNHPTK3O,2026-08-08,Cobol Software Engineer,Scalo,backend,Mid,Warszawa,False,b2b,25200.0,26880.0,2026-08-05
EUWTCOSU-2026-08-08,EUWTCOSU,2026-08-08,Software Development Engineer II,Remitly Poland sp. z o.o.,mobile,Mid,Kraków,False,permanent,20000.0,23000.0,2026-08-05
F60FVOS5-2026-08-08,F60FVOS5,2026-08-08,"Software Development Engineer II, Marketing AI ",Remitly Poland sp. z o.o.,artificialIntelligence,Mid,Kraków,False,permanent,20000.0,23000.0,2026-08-05
LRGJIUSY-2026-08-08,LRGJIUSY,2026-08-08,Senior AI Technical Consultant,Spyrosoft,artificialIntelligence,Senior,Wrocław,True,b2b,23520.0,28560.0,2026-08-05
LD6OILGE-2026-08-08,LD6OILGE,2026-08-08,"Software Development Engineer II, RUX",Remitly Poland sp. z o.o.,backend,Mid,Kraków,False,permanent,20000.0,23000.0,2026-08-05
FMFBQKMW-2026-08-08,FMFBQKMW,2026-08-08,Functional Developer,Link Group,backend,Mid,,True,b2b,30240.0,36960.0,2026-08-05
RWCLOQII-2026-08-08,RWCLOQII,2026-08-08,"Software Development Engineer II, MAIT",Remitly Poland sp. z o.o.,backend,Mid,Kraków,False,permanent,20000.0,23000.0,2026-08-05
6D1CSMCC-2026-08-08,6D1CSMCC,2026-08-08,Senior Fullstack Software Engineer (Backend focus),Remitly Poland sp. z o.o.,backend,Senior,Kraków,False,permanent,27000.0,30000.0,2026-08-05
7LNHVVFG-2026-08-08,7LNHVVFG,2026-08-08,DevOps Engineer,Droptica,devops,Mid,Wrocław,False,b2b,14300.0,16200.0,2026-08-05
J3CHVMXI-2026-08-08,J3CHVMXI,2026-08-08,Fullstack Developer (Java+Angular),Scalo,fullstack,Mid,Warszawa,True,b2b,19320.0,21000.0,2026-07-15
UHG8LSZD-2026-08-08,UHG8LSZD,2026-08-08,Senior Power Platform Developer (with Copilot Studio),Spyrosoft,artificialIntelligence,Senior,Wrocław,False,b2b,18480.0,25200.0,2026-08-05
36OUGJQI-2026-08-08,36OUGJQI,2026-08-08,Software Engineer - Customer Experience,Okta,backend,Mid,,True,permanent,13416.0,19666.0,2026-08-05
BYTNXLIJ-2026-08-08,BYTNXLIJ,2026-08-08,Tester automatyzujący (Java) / Testerka automatyzująca (Java),ASTEK Polska,testing,Senior,Gdańsk,False,b2b,21000.0,23415.0,2026-07-31
J6KTUUDH-2026-08-08,J6KTUUDH,2026-08-08,Senior Data Engineer (Python | Databricks | Cloud),1dea,data,Senior,Warszawa,True,b2b,28560.0,31080.0,2026-07-31
JCCTL9WM-2026-08-08,JCCTL9WM,2026-08-08,Tester/ka Automatyczny/a ,"AVENGA (Agencja Pracy, nr KRAZ: 8448)",testing,Mid,Warszawa,False,b2b,20160.0,24360.0,2026-08-05
QS8BB1UJ-2026-08-08,QS8BB1UJ,2026-08-08,"Junior AI -Wrocław (Kubernetes, student)",Upvanta,artificialIntelligence,Junior,Wrocław,False,b2b,6300.0,8400.0,2026-07-31
X3J1WIO7-2026-08-08,X3J1WIO7,2026-08-08,Senior Software Engineer,Okta,backend,Senior,,True,permanent,18750.0,27500.0,2026-08-05
CAPEMEAE-2026-08-08,CAPEMEAE,2026-08-08,Senior ML Engineer (Python/Big Data),VirtusLab,data,Mid,,True,b2b,23520.0,31080.0,2026-07-23
97RHCAFH-2026-08-08,97RHCAFH,2026-08-08,DevOps Engineer,ASTEK Polska,devops,Senior,Warszawa,False,b2b,18900.0,21840.0,2026-07-25
DFF5LQE4-2026-08-08,DFF5LQE4,2026-08-08,Test Automation Engineer with Java and Playwright - banking sector (f/m/x),Sii Polska,testing,Senior,Kraków,True,b2b,15000.0,23000.0,2026-07-25
R4JKRNNW-2026-08-08,R4JKRNNW,2026-08-08,DevOps Engineer,DCG sp. z o.o.,devops,Mid,Gdańsk,False,b2b,20160.0,21840.0,2026-07-25
KWD2VRJH-2026-08-08,KWD2VRJH,2026-08-08,"Senior Test Engineer with German (Java, TypeScript)",Sopra Steria Poland,testing,Senior,Katowice,True,b2b,16800.0,23520.0,2026-07-31
PP22ICC3-2026-08-08,PP22ICC3,2026-08-08,Senior Java Developer ,Upvanta,backend,Senior,,True,b2b,23100.0,25200.0,2026-07-31
TJIEG0HU-2026-08-08,TJIEG0HU,2026-08-08,Koordynator Testów,Scalo,testing,Mid,Warszawa,False,b2b,18480.0,20160.0,2026-07-15
SIO6OGK7-2026-08-08,SIO6OGK7,2026-08-08,Backend Java Developer,Upvanta,backend,Mid,Wrocław,False,b2b,21000.0,23100.0,2026-07-31
YKSL8XDT-2026-08-08,YKSL8XDT,2026-08-08,Senior Fullstack Developer (.NET + Angular),Scalo,fullstack,Senior,Wrocław,True,b2b,22680.0,24360.0,2026-07-15
LBJPBD2N-2026-08-08,LBJPBD2N,2026-08-08,Backend Developer (Java + Quarkus),DCG,backend,Mid,Wrocław,False,b2b,16800.0,21000.0,2026-07-25
EJ5D2GMA-2026-08-08,EJ5D2GMA,2026-08-08,Ślusarz narzędziowy (K/M) ,JOBS LINK,mechanics,Mid,Warszawa,False,permanent,5500.0,6000.0,2026-08-06
IW1K0WXC-2026-08-08,IW1K0WXC,2026-08-08,Lead AI Technical Consultant,Spyrosoft,artificialIntelligence,Senior,Wrocław,True,b2b,26880.0,31920.0,2026-08-05
IRXNWIGA-2026-08-08,IRXNWIGA,2026-08-08,Credit Risk Manager,Link Group,finance,Senior,,True,b2b,20160.0,30240.0,2026-08-01
U2C6RXIX-2026-08-08,U2C6RXIX,2026-08-08,Data Engineer (Mid),Alterdata.io sp. z o.o.,data,Mid,,True,b2b,12600.0,18480.0,2026-08-01
VGLH8KER-2026-08-08,VGLH8KER,2026-08-08,Python Developer,Verita HR,backend,Mid,Kraków,False,b2b,28350.0,30450.0,2026-07-31
CHRBHKM4-2026-08-08,CHRBHKM4,2026-08-08,Data Engineer (Senior),Alterdata.io sp. z o.o.,data,Senior,,True,b2b,19320.0,26880.0,2026-08-01
TZISZZJ9-2026-08-08,TZISZZJ9,2026-08-08,Live Stream Moderator with German,TP Poland Sp. z o.o.,customerService,Junior,Poznań,False,zlecenie,8400.0,8400.0,2026-08-01
BBUZ6UHV-2026-08-08,BBUZ6UHV,2026-08-08,Pega Lead System Architect,DCG,architecture,Expert,Gdynia,False,b2b,28560.0,30240.0,2026-07-31
FKAUHLZW-2026-08-08,FKAUHLZW,2026-08-08,QA Engineer,Quality Minds Sp. z o.o.,testing,Mid,Warszawa,True,b2b,10920.0,13650.0,2026-07-31
EYKFUHGG-2026-08-08,EYKFUHGG,2026-08-08,iOS Developer,Scalo,mobile,Mid,Warszawa,False,b2b,20160.0,21840.0,2026-07-15
0SH2FA9B-2026-08-08,0SH2FA9B,2026-08-08,Devops Engineer,Verita HR,devops,Mid,Kraków,False,b2b,28350.0,30450.0,2026-07-31
OCX0WGFL-2026-08-08,OCX0WGFL,2026-08-08,AI Governance Engineer (Microsoft 365 / Copilot),Verita HR,artificialIntelligence,Mid,Warszawa,True,b2b,3990.0,4200.0,2026-07-31
FIKCXOMZ-2026-08-08,FIKCXOMZ,2026-08-08,Senior Java Full Stack Developer,Antal,fullstack,Senior,Kraków,False,b2b,31920.0,38640.0,2026-07-31
J5KSF7W5-2026-08-08,J5KSF7W5,2026-08-08,Analityk Systemowy,ITFS Sp. z o.o.,businessAnalyst,Mid,Katowice,False,b2b,15120.0,17976.0,2026-08-01
9XEOFCZZ-2026-08-08,9XEOFCZZ,2026-08-08,Junior HR Administration Specialist (with German),Upvanta,hr,Junior,,True,b2b,8400.0,9450.0,2026-07-31
MWIGSNMK-2026-08-08,MWIGSNMK,2026-08-08,Copilot Studio Architect [M/F],Arche Solutions,architecture,Mid,,True,b2b,26880.0,31080.0,2026-07-31
ZKZK52DU-2026-08-08,ZKZK52DU,2026-08-08,Yocto Embedded Developer,BytesBakers,embedded,Senior,,True,b2b,20000.0,32000.0,2026-07-25
1DCOWN67-2026-08-08,1DCOWN67,2026-08-08,System Analyst,Scalo,data,Senior,Wrocław,True,b2b,23520.0,25200.0,2026-08-01
8FK4ZEMS-2026-08-08,8FK4ZEMS,2026-08-08,Magazynier / Operator Wózka Widłowego Wysokiego Składowania,Awaken Realms,logistics,Mid,Wrocław,False,b2b,7800.0,8400.0,2026-07-31
VDTBEV7O-2026-08-08,VDTBEV7O,2026-08-08,Fullstack Developer – AI / GenAI Scope,Reply Polska,artificialIntelligence,Mid,Katowice,False,b2b,15120.0,23520.0,2026-08-01
6PU1LMBL-2026-08-08,6PU1LMBL,2026-08-08,Client Operations Specialist - Afternoon Shift,SpotOn,customerService,Mid,Kraków,False,permanent,7200.0,9000.0,2026-08-01
VQ71KUXW-2026-08-08,VQ71KUXW,2026-08-08,Jira & Confluence Administrator /  Atlassian Administrator (Tech SME),Verita HR,sysAdministrator,Mid,Kraków,False,b2b,24150.0,26250.0,2026-07-31
UXCFEIP2-2026-08-08,UXCFEIP2,2026-08-08,Graduate Programme Recruiter & Talent Partner,Verita HR,hr,Mid,Kraków,False,permanent,9500.0,10000.0,2026-07-31
LPSEKFOM-2026-08-08,LPSEKFOM,2026-08-08,Databricks Data Engineer/Architect,Spyrosoft,data,Senior,Wrocław,True,b2b,23520.0,30240.0,2026-08-01
2WJCS24N-2026-08-08,2WJCS24N,2026-08-08,Specjalista ds. bezpieczeństwa informacji,Akademia Górniczo-Hutnicza,security,Mid,Kraków,False,permanent,8000.0,12000.0,2026-08-05
JAJL1CRS-2026-08-08,JAJL1CRS,2026-08-08,Senior/ Lead Data Engineer with industrial knowledge (Freelancer),Spyrosoft,data,Senior,Wrocław,True,b2b,23520.0,33600.0,2026-08-05
Y8DXD4JU-2026-08-08,Y8DXD4JU,2026-08-08,Data Analyst (Senior),Alterdata.io sp. z o.o.,data,Senior,,True,b2b,19320.0,26880.0,2026-08-01
WX83LD0Q-2026-08-08,WX83LD0Q,2026-08-08,MLOps Engineer,Square One Resources,artificialIntelligence,Senior,Warszawa,True,b2b,23520.0,27720.0,2026-07-31
2JSN2HC1-2026-08-08,2JSN2HC1,2026-08-08,Senior Salesforce Marketing Cloud Architect (f/m/x),Sii Polska,architecture,Senior,Kraków,True,b2b,27000.0,35700.0,2026-07-25
OJOUKGBH-2026-08-08,OJOUKGBH,2026-08-08,Principal Solutions Architect / Pre-Sales Lead: Enterprise Networking,CodiLime,architecture,Senior,Warszawa,True,b2b,27000.0,33000.0,2026-07-25
UVDN4VKH-2026-08-08,UVDN4VKH,2026-08-08,Senior Test Automation Engineer(Java/JS) [M/F],Arche Solutions,testing,Senior,Warszawa,False,b2b,16800.0,20160.0,2026-07-25
SOPOWHBV-2026-08-08,SOPOWHBV,2026-08-08,Principal Solutions Architect / Pre-Sales Lead: Data Center & AI Infrastructure Networking,CodiLime,architecture,Senior,Warszawa,True,b2b,27000.0,33000.0,2026-07-25
JBMPPUV9-2026-08-08,JBMPPUV9,2026-08-08,Senior Business Analyst with SQL,GFT Poland,businessAnalyst,Senior,Łódź,False,permanent,13900.0,21270.0,2026-07-19
RXNUJNLX-2026-08-08,RXNUJNLX,2026-08-08,Project Lead,Reply Polska,productManagement,Senior,Katowice,True,b2b,16800.0,23520.0,2026-08-01
K9WZ3QYA-2026-08-08,K9WZ3QYA,2026-08-08,Lead Java Developer (f/m/x),Sii Polska,backend,Senior,Warszawa,False,b2b,24000.0,26000.0,2026-07-25
TQTEV4AN-2026-08-08,TQTEV4AN,2026-08-08,Senior Software Engineer - Sales Tech,Okta,backend,Senior,,True,permanent,18750.0,27500.0,2026-08-05
GSKDARHJ-2026-08-08,GSKDARHJ,2026-08-08,Back End Engineer (Python & TypeScript)/Fullstack,ITFS Sp. z o.o.,fullstack,Mid,,True,b2b,26880.0,33600.0,2026-08-06
POEFFIH8-2026-08-08,POEFFIH8,2026-08-08,Expert Java Consultant,GFT Poland,backend,Expert,Kraków,False,b2b,26040.0,34944.0,2026-07-25
WX6RPMZL-2026-08-08,WX6RPMZL,2026-08-08,Backend Developer ,Respect Energy Fuels Sp zo.o.,backend,Mid,Warszawa,False,permanent,10000.0,18000.0,2026-08-01
8QLGWZWR-2026-08-08,8QLGWZWR,2026-08-08,Ekspert ds. badań użyteczności (UX Researcher),ITFS Sp. z o.o.,ux,Mid,Warszawa,True,b2b,15120.0,17640.0,2026-08-01
CUJQTKPJ-2026-08-08,CUJQTKPJ,2026-08-08,Security SME - Cloud Security Analyst,Mindbox Sp. z o.o.,data,Senior,Kraków,False,b2b,30450.0,36750.0,2026-07-31
BP5T7EM6-2026-08-08,BP5T7EM6,2026-08-08,"DevOps Engineer (AI, GitLab)",Sopra Steria Poland,devops,Mid,Katowice,False,b2b,16800.0,23520.0,2026-07-31
QL0CPA7B-2026-08-08,QL0CPA7B,2026-08-08,Fullstack JS Developer (Vue/Nuxt & Strapi) – AI-Driven Development,AIRCASHBACK POLAND SPÓŁKA Z OGRANICZONĄ ODPOWIEDZIALNOŚCIĄ,fullstack,Mid,Wrocław,False,b2b,15000.0,18000.0,2026-08-06
ZSZFW6FR-2026-08-08,ZSZFW6FR,2026-08-08,Test Automation Engineer / QA Lead,DCG,testing,Senior,Warszawa,False,b2b,23520.0,26040.0,2026-07-25
WHOG5LVJ-2026-08-08,WHOG5LVJ,2026-08-08,Devops/ Cloud Engineer,Verita HR,devops,Mid,Kraków,False,b2b,1450.0,1550.0,2026-07-31
RSO9W4WW-2026-08-08,RSO9W4WW,2026-08-08,Senior Fullstack Consultant,GFT Poland,fullstack,Senior,Kraków,False,b2b,21000.0,26880.0,2026-07-19
VJ3PRVXS-2026-08-08,VJ3PRVXS,2026-08-08,Senior Kotlin Developer,Infakt Sp. z o.o.,backend,Senior,Kraków,False,b2b,22000.0,26000.0,2026-07-31
XD7LS9YP-2026-08-08,XD7LS9YP,2026-08-08,Senior MS Data Integration Engineer (Copilot | Power Platform),1dea,data,Senior,Warszawa,True,b2b,31920.0,35280.0,2026-07-31
KYGZ2BOC-2026-08-08,KYGZ2BOC,2026-08-08,Senior Fullstack Engineer (Regional Growth team),Remitly Poland sp. z o.o.,backend,Senior,Kraków,False,permanent,27000.0,30000.0,2026-08-05
5VAQZXRH-2026-08-08,5VAQZXRH,2026-08-08,Program Manager,Devire,projectManager,Senior,,True,b2b,20160.0,26880.0,2026-08-01
VMEJHWNZ-2026-08-08,VMEJHWNZ,2026-08-08,Senior Fullstack Software Development Engineer (RUX team),Remitly Poland sp. z o.o.,fullstack,Senior,Kraków,False,permanent,27000.0,30000.0,2026-08-05
3EONKTQH-2026-08-08,3EONKTQH,2026-08-08,Associate AI Engineer,Bayer,artificialIntelligence,Junior,Warszawa,False,permanent,11600.0,14500.0,2026-08-01
TG1WIZAK-2026-08-08,TG1WIZAK,2026-08-08,Key Account Assistant,ITFS Sp. z o.o.,sales,Junior,Warszawa,False,permanent,4810.0,5300.0,2026-07-23
YSI5VLJB-2026-08-08,YSI5VLJB,2026-08-08,Senior Mobile Developer,Bluegeko,mobile,Senior,Warszawa,False,b2b,24260.0,24260.0,2026-08-06
CCKS1J0J-2026-08-08,CCKS1J0J,2026-08-08,Android OSP Developer,DCG,embedded,Mid,Warszawa,True,b2b,21840.0,22680.0,2026-07-31
FMJRLSPX-2026-08-08,FMJRLSPX,2026-08-08,System Analyst,Scalo,data,Senior,Poznań,False,b2b,22680.0,24360.0,2026-08-06
EAHNYG20-2026-08-08,EAHNYG20,2026-08-08,Machine Learning Engineer,Matrix Global Services,artificialIntelligence,Senior,,True,b2b,32257.0,40859.0,2026-07-31
RSQZDSDI-2026-08-08,RSQZDSDI,2026-08-08,Back Office Customer Service English,TP Poland Sp. z o.o.,customerService,Junior,Poznań,False,zlecenie,5275.0,5275.0,2026-08-01
AYTVY5WK-2026-08-08,AYTVY5WK,2026-08-08,Senior Fullstack Developer (Java + Angular),"AVENGA (Agencja Pracy, nr KRAZ: 8448)",fullstack,Senior,Gdańsk,False,b2b,22680.0,25200.0,2026-08-01
JKQDHQD3-2026-08-08,JKQDHQD3,2026-08-08,Senior Java Developer,Verita HR,backend,Senior,Kraków,False,b2b,30450.0,32550.0,2026-07-31
8CUNHVNG-2026-08-08,8CUNHVNG,2026-08-08,Multimedia Data Annotator (AI/ML entertaitment industry),Harvey Nash Technology,data,Mid,,True,b2b,5000.0,7000.0,2026-07-25
RWHLBWTK-2026-08-08,RWHLBWTK,2026-08-08,Lead DevOps Engineer with German,Sopra Steria Poland,devops,Senior,Katowice,True,b2b,22680.0,31920.0,2026-07-31
GIMXEEIS-2026-08-08,GIMXEEIS,2026-08-08,Software Development Engineer II (Frontend focus),Remitly Poland sp. z o.o.,frontend,Mid,Kraków,False,permanent,20000.0,23000.0,2026-08-05
EYHU9FM0-2026-08-08,EYHU9FM0,2026-08-08,Senior Snowflake Engineer/Architect with Data Security,Spyrosoft,data,Senior,Wrocław,True,b2b,21840.0,31080.0,2026-08-01
XQRHXL0N-2026-08-08,XQRHXL0N,2026-08-08,Senior QA Automation Engineer Python,Makeitright Sp. z o.o.,testing,Senior,Warszawa,False,b2b,16800.0,20160.0,2026-08-01
KLFN5CZT-2026-08-08,KLFN5CZT,2026-08-08,Czech-speaking Customer support for a streaming service,TP Poland Sp. z o.o.,customerService,Junior,Poznań,True,zlecenie,8400.0,8400.0,2026-08-01
MKX5K1KP-2026-08-08,MKX5K1KP,2026-08-08,Expert Java Engineer,GFT Poland,backend,Expert,Kraków,False,permanent,17400.0,26700.0,2026-07-25
4HHVFEQX-2026-08-08,4HHVFEQX,2026-08-08,Data Engineer,Link Group,data,Senior,,True,b2b,22680.0,24360.0,2026-08-05
XF3TDLEQ-2026-08-08,XF3TDLEQ,2026-08-08,Data & Business Analytics Consultant (Controlling),Elitmind,data,Mid,Warszawa,True,b2b,16800.0,25200.0,2026-07-23
FVX5SFSF-2026-08-08,FVX5SFSF,2026-08-08,Senior Information Security Analyst,Ringier Axel Springer Tech,security,Senior,Kraków,False,b2b,13000.0,21750.0,2026-07-25
ESKKEZ7X-2026-08-08,ESKKEZ7X,2026-08-08,.NET Developer,Scalo,backend,Mid,Warszawa,False,b2b,18480.0,20160.0,2026-08-06
LPHAJ8O7-2026-08-08,LPHAJ8O7,2026-08-08,Middle/Senior C++ Software Engineer,Upvanta,backend,Mid,,True,b2b,20160.0,25200.0,2026-07-23
S5KFUJUX-2026-08-08,S5KFUJUX,2026-08-08,Kierownik Produkcji (K/M),Antal,logistics,Senior,Poznań,False,permanent,13000.0,15000.0,2026-07-25
AWNPKDBZ-2026-08-08,AWNPKDBZ,2026-08-08,Senior Product Owner with German,Spyrosoft,productManagement,Senior,Wrocław,True,b2b,22512.0,28560.0,2026-07-25
CLMO5ZZ8-2026-08-08,CLMO5ZZ8,2026-08-08,Expert Data Consultant with GCP,GFT Poland,data,Expert,Kraków,False,b2b,26040.0,34944.0,2026-07-25
OWC0ADCO-2026-08-08,OWC0ADCO,2026-08-08,Senior Ruby On Rails Developer,Infakt Sp. z o.o.,backend,Senior,Kraków,False,b2b,21000.0,25000.0,2026-07-31
Z6R3KMSF-2026-08-08,Z6R3KMSF,2026-08-08,Senior Golang Developer,Upvanta,backend,Senior,,True,b2b,25200.0,26880.0,2026-07-23
71EW2GI7-2026-08-08,71EW2GI7,2026-08-08,Senior Java Developer (Java 21 | Spring Boot | PostgreSQL) – 100% zdalnie ,Makeitright Sp. z o.o.,backend,Senior,,True,b2b,21840.0,26880.0,2026-08-01
8VGFA7E1-2026-08-08,8VGFA7E1,2026-08-08,Senior Fullstack Engineer (Java/Kotlin/Python + React),Scalo,fullstack,Senior,Warszawa,True,b2b,23520.0,26880.0,2026-08-01
15U9TJSR-2026-08-08,15U9TJSR,2026-08-08,Tester automatyzujący Java (k/m),Connectis_,testing,Mid,Poznań,True,b2b,17472.0,18816.0,2026-07-25
F9CVGMFX-2026-08-08,F9CVGMFX,2026-08-08,Cash Application Specialist with Spanish (6-month contract),Antal,finance,Mid,Warszawa,False,b2b,14000.0,15000.0,2026-07-25
Z7RSHWBM-2026-08-08,Z7RSHWBM,2026-08-08,Senior Cloud Network Engineer (SDN / OpenStack),Square One Resources,sysAdministrator,Senior,,True,b2b,21840.0,26880.0,2026-07-25
AYE1BTWZ-2026-08-08,AYE1BTWZ,2026-08-08,Product Owner,ITFS Sp. z o.o.,productManagement,Mid,Warszawa,False,b2b,16800.0,23520.0,2026-08-01
U7CLVHFD-2026-08-08,U7CLVHFD,2026-08-08,Senior C++ Developer (Windows & Security),Augmenta,backend,Senior,,True,b2b,30000.0,40000.0,2026-08-01
6I5BKEVK-2026-08-08,6I5BKEVK,2026-08-08,Data Technical Delivery Manager,Alterdata.io sp. z o.o.,projectManager,Senior,,True,b2b,16800.0,26880.0,2026-08-01
0J9UR92Q-2026-08-08,0J9UR92Q,2026-08-08,Data Security Policy Engineer,Antal,security,Senior,Kraków,False,b2b,30240.0,38640.0,2026-07-25
UEY3D4QZ-2026-08-08,UEY3D4QZ,2026-08-08,Java Developer (aplikacje mobilne),UNITY-T GROUP,backend,Mid,Kraków,False,b2b,10000.0,17000.0,2026-07-31
GCPUJWSG-2026-08-08,GCPUJWSG,2026-08-08,RPG/IBMi Developer,"AVENGA (Agencja Pracy, nr KRAZ: 8448)",backend,Senior,Wrocław,False,b2b,26040.0,29400.0,2026-07-25
96Z3WCNY-2026-08-08,96Z3WCNY,2026-08-08,Cloud Data Migration Architect [M/F],Arche Solutions,data,Senior,,True,b2b,27720.0,31080.0,2026-07-31
TFTTBYSB-2026-08-08,TFTTBYSB,2026-08-08,Senior Power Platform & Copilot Studio Expert [M/F],Arche Solutions,artificialIntelligence,Senior,,True,b2b,26880.0,30240.0,2026-07-31
KKXAP6MG-2026-08-08,KKXAP6MG,2026-08-08,Architekt Systemowy/Architektka Systemowa,"AVENGA (Agencja Pracy, nr KRAZ: 8448)",architecture,Mid,Warszawa,False,b2b,26880.0,29400.0,2026-08-01
954AMJ2A-2026-08-08,954AMJ2A,2026-08-08,Senior Controls SME – Cryptography,Antal,security,Senior,Kraków,False,b2b,30240.0,38640.0,2026-07-19
RHUYRB8G-2026-08-08,RHUYRB8G,2026-08-08,Business Analyst,Verita HR,businessAnalyst,Mid,Kraków,False,b2b,24150.0,26250.0,2026-07-31
L0RVCNG1-2026-08-08,L0RVCNG1,2026-08-08,Devops Cloud Engineer,Verita HR,devops,Mid,Kraków,False,b2b,33600.0,36750.0,2026-07-31
DE3KOJQ4-2026-08-08,DE3KOJQ4,2026-08-08,Business & Systems Analyst,PragmaGO.tech Sp. z o.o.,businessAnalyst,Mid,Kraków,False,b2b,10000.0,14500.0,2026-07-25
AM94FAEX-2026-08-08,AM94FAEX,2026-08-08,Analityk / Analityczka ds. raportowania regulacyjnego,DCG,finance,Mid,Warszawa,False,b2b,9240.0,10080.0,2026-07-31
OEQRO3VV-2026-08-08,OEQRO3VV,2026-08-08,.Net Fullstack Engineer,Verita HR,fullstack,Mid,Kraków,False,b2b,26250.0,28350.0,2026-07-31
JGIPX3ZH-2026-08-08,JGIPX3ZH,2026-08-08,Cryptography Control Owner,HSBC Technology Poland,security,Senior,Kraków,False,permanent,23300.0,33475.0,2026-07-19
IPDADNVT-2026-08-08,IPDADNVT,2026-08-08,Senior Unix Server Support Specialist,DCG,support,Senior,Warszawa,False,b2b,18480.0,21840.0,2026-07-25
DMCA8GS4-2026-08-08,DMCA8GS4,2026-08-08,Analityk systemowy / Analityczka systemowa,DCG,businessAnalyst,Mid,Warszawa,False,b2b,16800.0,17640.0,2026-07-25
INOYIQQ4-2026-08-08,INOYIQQ4,2026-08-08,"DevOps Engineer (AWS, Groovy) [M/F]",Arche Solutions,devops,Mid,,True,b2b,16800.0,20160.0,2026-07-31
YADXAJDO-2026-08-08,YADXAJDO,2026-08-08,"Application Support Manager (Support Engineering, L2/L3)",EcoVadis,support,Expert,Warszawa,False,permanent,23000.0,25000.0,2026-07-23
433OOH7L-2026-08-08,433OOH7L,2026-08-08,Payment Specialist (Crypto),LuxoraPay,finance,Mid,,True,b2b,7464.0,8211.0,2026-08-06
SLNHQ7PX-2026-08-08,SLNHQ7PX,2026-08-08,Java Developer,ITFS Sp. z o.o.,backend,Senior,Warszawa,False,b2b,20160.0,23520.0,2026-07-23
30IMFFQR-2026-08-08,30IMFFQR,2026-08-08,Software Development Engineer II (RUX team),Remitly Poland sp. z o.o.,fullstack,Mid,Kraków,False,permanent,20000.0,23000.0,2026-08-05
HZXPT799-2026-08-08,HZXPT799,2026-08-08,AI Delivery Manager,Verita HR,agile,Mid,Kraków,False,b2b,26250.0,28350.0,2026-07-31
MU2PCUGI-2026-08-08,MU2PCUGI,2026-08-08,Atlassian Administrator (Tech SME),Mindbox Sp. z o.o.,agile,Mid,Kraków,False,b2b,20160.0,23520.0,2026-07-31
DJ3B2SDG-2026-08-08,DJ3B2SDG,2026-08-08,Senior Fullstack Engineer,GFT Poland,fullstack,Senior,Kraków,False,permanent,14580.0,22350.0,2026-07-19
8LNIG3KS-2026-08-08,8LNIG3KS,2026-08-08,Manual Tester,Mindbox Sp. z o.o.,testing,Mid,Warszawa,False,b2b,6300.0,7350.0,2026-07-25
EL8GJQ3R-2026-08-08,EL8GJQ3R,2026-08-08,Senior Software Engineer (Regional Growth team),Remitly Poland sp. z o.o.,backend,Senior,Kraków,False,permanent,27000.0,30000.0,2026-08-05
YBMVDTND-2026-08-08,YBMVDTND,2026-08-08,Demand Planning Manager,Antal,logistics,Senior,Kraków,False,permanent,30000.0,35000.0,2026-07-25
SSLLYV3W-2026-08-08,SSLLYV3W,2026-08-08,Senior Java Developer / Tech Lead (praca zdalna),Upvanta,backend,Senior,,True,b2b,23100.0,24150.0,2026-07-31
MFSLVJDX-2026-08-08,MFSLVJDX,2026-08-08,Senior Software Engineer Java/Scala,Makeitright Sp. z o.o.,backend,Mid,,True,b2b,21000.0,21840.0,2026-07-25
VK0U7X4F-2026-08-08,VK0U7X4F,2026-08-08,Creative UX/UI Designer | Exceptional Digital Experiences | Freelance,Polcode,ux,Senior,Warszawa,True,b2b,20160.0,33600.0,2026-07-25
SI3RETDS-2026-08-08,SI3RETDS,2026-08-08,Oracle Ebs Scm Functional Consultantant,Knowit Poland Sp. z o.o.,consulting,Senior,Warszawa,False,b2b,30240.0,36960.0,2026-08-01
UU6QUQOY-2026-08-08,UU6QUQOY,2026-08-08,Python Developer (AI),ASTEK Polska,artificialIntelligence,Senior,Warszawa,False,b2b,21000.0,25200.0,2026-07-25
1N4UYHWG-2026-08-08,1N4UYHWG,2026-08-08,IAM Engineer (Identity and Access Management),Augmenta,security,Senior,,True,b2b,30000.0,35000.0,2026-08-01
VIWVY4TY-2026-08-08,VIWVY4TY,2026-08-08,Fullstack Java Developer,Verita HR,fullstack,Mid,Warszawa,False,b2b,27300.0,30450.0,2026-07-31
9CFC1BEK-2026-08-08,9CFC1BEK,2026-08-08,Senior Cloud Engineer,Spyrosoft,devops,Senior,Wrocław,False,b2b,16800.0,20160.0,2026-08-05
SXSR2VWR-2026-08-08,SXSR2VWR,2026-08-08,AI Engineer,DCG,artificialIntelligence,Senior,Warszawa,True,b2b,25200.0,30240.0,2026-07-25
IEZG5WNY-2026-08-08,IEZG5WNY,2026-08-08,Solution Architect (Python | RAG | LLM),1dea,data,Expert,Warszawa,True,b2b,31080.0,33600.0,2026-07-31
NFTFYNHS-2026-08-08,NFTFYNHS,2026-08-08,SAP EWM Support,Upvanta,support,Mid,Legnica,False,b2b,9450.0,12600.0,2026-07-23
PRBRRQPY-2026-08-08,PRBRRQPY,2026-08-08,IT Project Manager,Antal,projectManager,Senior,Warszawa,False,b2b,16800.0,25200.0,2026-07-25
9GSBOVGZ-2026-08-08,9GSBOVGZ,2026-08-08,Senior AI Engineer,Scalo,artificialIntelligence,Senior,Warszawa,False,b2b,27720.0,29400.0,2026-07-23
KKY6HBS0-2026-08-08,KKY6HBS0,2026-08-08,Tokarz konwencjonalny (K/M) ,JOBS LINK,mechanics,Mid,Warszawa,False,permanent,6600.0,7000.0,2026-08-06
4TVQO2OJ-2026-08-08,4TVQO2OJ,2026-08-08,IT Application Functional Support,Scalo,support,Mid,Warszawa,False,b2b,13440.0,15120.0,2026-07-15
UY04CKVD-2026-08-08,UY04CKVD,2026-08-08,Microsoft Dynamics 365 F&O Functional Consultant (SCM),ITFS Sp. z o.o.,other,Mid,,True,b2b,26880.0,36960.0,2026-07-23
GXL6QY7S-2026-08-08,GXL6QY7S,2026-08-08,DevOps Engineer,Ework Group,devops,Mid,Gdańsk,False,b2b,21840.0,25200.0,2026-07-25
SB65IXKS-2026-08-08,SB65IXKS,2026-08-08,Siemens ALM & PLM Integration Consultant,Scalo,erp,Mid,Wrocław,True,b2b,25200.0,26880.0,2026-08-01
50BALVOE-2026-08-08,50BALVOE,2026-08-08,GCP Data Engineer,Mindbox Sp. z o.o.,data,Mid,Kraków,False,b2b,25200.0,31920.0,2026-07-25
EUFCOGPX-2026-08-08,EUFCOGPX,2026-08-08,Data Analyst (Mid),Alterdata.io sp. z o.o.,data,Mid,,True,b2b,12600.0,18480.0,2026-08-01
TNVDNIEU-2026-08-08,TNVDNIEU,2026-08-08,Model Risk Manager,Mindbox Sp. z o.o.,data,Senior,Kraków,False,b2b,31500.0,37800.0,2026-07-13
DCAZTBJQ-2026-08-08,DCAZTBJQ,2026-08-08,Senior / Lead AI Backend Engineer,1dea,backend,Expert,Warszawa,True,b2b,30240.0,36120.0,2026-07-31
6XQZX1KT-2026-08-08,6XQZX1KT,2026-08-08,Architekt Rozwiązań IT ,ITFS Sp. z o.o.,architecture,Mid,Warszawa,False,b2b,23520.0,28560.0,2026-08-06
QU50MZQS-2026-08-08,QU50MZQS,2026-08-08,Application administrator,Scalo,businessAnalyst,Mid,Warszawa,False,b2b,21000.0,22680.0,2026-07-15
J2BJSHGP-2026-08-08,J2BJSHGP,2026-08-08,Java Developer,DCG,backend,Senior,Warszawa,False,b2b,20160.0,26880.0,2026-07-31
IRRMTNB9-2026-08-08,IRRMTNB9,2026-08-08,Mendix Team Leader,Link Group,projectManager,Senior,,True,b2b,26880.0,30240.0,2026-08-01
T2OO993U-2026-08-08,T2OO993U,2026-08-08,Lead SME – Cryptography,Antal,security,Senior,Kraków,False,b2b,31920.0,36960.0,2026-07-13
VLELA6XZ-2026-08-08,VLELA6XZ,2026-08-08,Senior Fullstack Engineer (Java/Kotlin/Python + React),Scalo,fullstack,Senior,Wrocław,True,b2b,25200.0,26880.0,2026-08-01
X1LJVM8M-2026-08-08,X1LJVM8M,2026-08-08,Senior SAP EWM Consultant,Link Group,erp,Senior,,True,b2b,28560.0,38640.0,2026-08-05
ZYPBG6ZK-2026-08-08,ZYPBG6ZK,2026-08-08,Fullstack Engineer,Mindbox Sp. z o.o.,fullstack,Senior,Kraków,False,b2b,28350.0,30450.0,2026-07-13
IUDI5SVE-2026-08-08,IUDI5SVE,2026-08-08,Aladdin Data Analyst,ITFS Sp. z o.o.,other,Mid,Warszawa,True,b2b,21840.0,25200.0,2026-08-01
1MYCETHV-2026-08-08,1MYCETHV,2026-08-08,Senior Platform Engineer with Python,Link Group,devops,Senior,Warszawa,False,permanent,40000.0,50000.0,2026-08-05
KIPIOBFV-2026-08-08,KIPIOBFV,2026-08-08,Senior Software Engineer,Mindbox Sp. z o.o.,backend,Senior,Kraków,False,b2b,25200.0,31500.0,2026-07-13
HDF7ZLXW-2026-08-08,HDF7ZLXW,2026-08-08,D365 Finance and Operations – Solution Architect,Spyrosoft,architecture,Senior,Wrocław,True,b2b,28560.0,33600.0,2026-08-01
SQA2FAJO-2026-08-08,SQA2FAJO,2026-08-08,Kierownik Utrzymania Ruchu (K/M),Audit HR,logistics,Mid,Gorzów Wielkopolski,False,permanent,14000.0,16000.0,2026-08-01
ZNUQPKQM-2026-08-08,ZNUQPKQM,2026-08-08,AI Agent Developer (Microsoft Copilot Studio),Upvanta,artificialIntelligence,Mid,,True,b2b,25200.0,33600.0,2026-07-23
EY4ZPNMN-2026-08-08,EY4ZPNMN,2026-08-08,Senior Data Engineer (Azure | Databricks),1dea,data,Senior,Wrocław,False,b2b,26040.0,27720.0,2026-07-31
Y18XAPSH-2026-08-08,Y18XAPSH,2026-08-08,UX Designer / Wealth Management,Upvanta,ux,Mid,,True,b2b,18900.0,25200.0,2026-07-23
ANHTNZXM-2026-08-08,ANHTNZXM,2026-08-08,Samodzielna Księgowa / Samodzielny Księgowy,Trustark Human Solutions,finance,Mid,Wrocław,False,permanent,10000.0,15000.0,2026-07-23
HHXYY6TN-2026-08-08,HHXYY6TN,2026-08-08,Senior C++ Developer (Fixed Income Trading / STP),Augmenta,backend,Senior,,True,b2b,47000.0,52000.0,2026-07-25
NEE6T44M-2026-08-08,NEE6T44M,2026-08-08,Senior GCP Data Engineer,Spyrosoft,data,Senior,Wrocław,True,b2b,23520.0,28560.0,2026-08-01
T9D8NSIZ-2026-08-08,T9D8NSIZ,2026-08-08,Senior BI / Data Engineer (Microsoft Fabric),ITFS Sp. z o.o.,data,Senior,Warszawa,True,b2b,26880.0,29400.0,2026-07-23
DWIFHZGS-2026-08-08,DWIFHZGS,2026-08-08,System Analyst – sektor bankowy (f/m/x),Sii Polska,businessAnalyst,Senior,Kraków,True,b2b,18000.0,23000.0,2026-07-25
NOLOTXAL-2026-08-08,NOLOTXAL,2026-08-08,Senior Design Engineer (UI Design+ Frontend),Link Group,fullstack,Senior,,True,b2b,20160.0,26880.0,2026-08-01
TTLDIBW1-2026-08-08,TTLDIBW1,2026-08-08,Azure Cloud & DevOps Consultant / Manager,Spyrosoft,backend,Senior,Wrocław,False,b2b,18480.0,25200.0,2026-08-01
ZFDYBLTL-2026-08-08,ZFDYBLTL,2026-08-08,Expert Data Engineer with GCP,GFT Poland,data,Expert,Kraków,False,permanent,17400.0,26700.0,2026-07-25
GKI3GPQB-2026-08-08,GKI3GPQB,2026-08-08,Senior Data Analyst SQL,Makeitright Sp. z o.o.,businessAnalyst,Senior,Warszawa,False,b2b,23520.0,28560.0,2026-08-01
Q67WF5ZJ-2026-08-08,Q67WF5ZJ,2026-08-08,Content Marketing Analyst,ITFS Sp. z o.o.,marketing,Mid,,True,b2b,10080.0,13440.0,2026-08-06
UMVCE7XY-2026-08-08,UMVCE7XY,2026-08-08,OpenStack Cloud Engineer,Square One Resources,devops,Senior,,True,b2b,21840.0,26880.0,2026-07-25
WNOVHRNC-2026-08-08,WNOVHRNC,2026-08-08,Data and Financial Engineering Analyst,Mindbox Sp. z o.o.,data,Mid,Kraków,False,b2b,16800.0,22680.0,2026-07-13
LAKATZ6M-2026-08-08,LAKATZ6M,2026-08-08,LINUX / WINDOWS SYSTEMS ENGINEER; ON PREMISE; PROXMOX,Tuning-Tec,sysAdministrator,Mid,Niepołomice,False,b2b,19000.0,25000.0,2026-07-23
XSPSDLZP-2026-08-08,XSPSDLZP,2026-08-08,Senior DevOps Engineer,CloudFerro,devops,Senior,Warszawa,False,b2b,21000.0,29000.0,2026-07-19
GO7APCZ8-2026-08-08,GO7APCZ8,2026-08-08,Specjalista ds. Monitoringu i Observability/Grafana,Bioseco,sysAdministrator,Mid,Gdańsk,False,b2b,13000.0,19500.0,2026-07-13
V3FM49DF-2026-08-08,V3FM49DF,2026-08-08,Databricks Data Engineer ,SoftServe,data,Senior,,True,b2b,17000.0,24000.0,2026-07-31
FDUSNF7J-2026-08-08,FDUSNF7J,2026-08-08,"Technical Product Owner (Core Team, AI technologies)",Creatio,productManagement,Mid,Warszawa,True,b2b,18662.0,18662.0,2026-07-13
ZGZMORAN-2026-08-08,ZGZMORAN,2026-08-08,"Engineering Manager II, Kubernetes Platform",Box Inc.,devops,Senior,Warszawa,False,permanent,35000.0,43000.0,2026-07-13
AMLEX19D-2026-08-08,AMLEX19D,2026-08-08,DevOps Engineer,Zowie,devops,Mid,Kraków,True,b2b,18000.0,28000.0,2026-07-13
UNKTXJD7-2026-08-08,UNKTXJD7,2026-08-08,MLOps Engineer,Scalo,artificialIntelligence,Senior,Warszawa,False,b2b,27720.0,29400.0,2026-07-23
QQFQUBWZ-2026-08-08,QQFQUBWZ,2026-08-08,IT Analyst (Ferryt),Scalo,data,Mid,Warszawa,True,b2b,20160.0,21840.0,2026-07-23
KTE8QO71-2026-08-08,KTE8QO71,2026-08-08,Manual Tester (Ferryt),Scalo,testing,Mid,Warszawa,True,b2b,15120.0,16800.0,2026-07-23
OZY9ZPIY-2026-08-08,OZY9ZPIY,2026-08-08,Business Analyst,Scalo,data,Senior,Warszawa,False,b2b,21840.0,23520.0,2026-07-23
UCZI8UHH-2026-08-08,UCZI8UHH,2026-08-08,Senior Machine Learning Engineer (Voice Biometrics),Scalo,artificialIntelligence,Senior,,True,b2b,26880.0,28560.0,2026-07-23
QO8HPW8J-2026-08-08,QO8HPW8J,2026-08-08,Project Manager,Scalo,projectManager,Senior,Warszawa,False,b2b,22680.0,24360.0,2026-07-23
DQL7VKNA-2026-08-08,DQL7VKNA,2026-08-08,Tester Manualny,Scalo,testing,Mid,Warszawa,False,b2b,16800.0,18480.0,2026-07-23
L5AMTKR4-2026-08-08,L5AMTKR4,2026-08-08,Ferryt Configuration Specialist,Scalo,backend,Mid,Łódź,False,b2b,18480.0,20160.0,2026-07-23
CYUWXJ8A-2026-08-08,CYUWXJ8A,2026-08-08,Senior Business-System Analyst,Scalo,data,Senior,Łódź,False,b2b,21840.0,23520.0,2026-07-23
5HURNX5W-2026-08-08,5HURNX5W,2026-08-08,.NET Developer,Scalo,backend,Senior,Warszawa,True,b2b,20160.0,21840.0,2026-07-23
NPXHJQBQ-2026-08-08,NPXHJQBQ,2026-08-08,Senior Android Engineer,Scalo,mobile,Senior,Wrocław,True,b2b,23520.0,25200.0,2026-07-23
THJGG2B6-2026-08-08,THJGG2B6,2026-08-08,System Analyst,Scalo,data,Senior,Poznań,True,b2b,23520.0,25200.0,2026-07-23
BAJTGW3D-2026-08-08,BAJTGW3D,2026-08-08,Eximee Configuration Specialist,Scalo,backend,Junior,Łódź,False,b2b,13440.0,15120.0,2026-07-23
LVOMTZZ2-2026-08-08,LVOMTZZ2,2026-08-08,Senior iOS Engineer,Scalo,mobile,Senior,,True,b2b,23520.0,25200.0,2026-07-23
MGVLWUDV-2026-08-08,MGVLWUDV,2026-08-08,Business Analyst,Scalo,data,Mid,Warszawa,False,b2b,19320.0,21000.0,2026-07-23
YETYCMEP-2026-08-08,YETYCMEP,2026-08-08,System Analyst,Scalo,data,Senior,Warszawa,False,b2b,24360.0,26040.0,2026-07-23
UXJFAGN1-2026-08-08,UXJFAGN1,2026-08-08,Data Engineer,Scalo,data,Senior,Warszawa,False,b2b,24360.0,26040.0,2026-07-23
M58GPNSC-2026-08-08,M58GPNSC,2026-08-08,Senior .NET Developer,Scalo,backend,Senior,Wrocław,True,b2b,22680.0,24360.0,2026-07-23
W6PYSCSO-2026-08-08,W6PYSCSO,2026-08-08,Java Developer,Scalo,backend,Senior,Warszawa,False,b2b,21840.0,23520.0,2026-07-23
1OC2XWUE-2026-08-08,1OC2XWUE,2026-08-08,.NET Developer + Kafka,Scalo,backend,Mid,Warszawa,False,b2b,20160.0,21840.0,2026-07-23
HRAPVT0B-2026-08-08,HRAPVT0B,2026-08-08,Administrator Cybersecurity,Scalo,security,Senior,Warszawa,False,b2b,39480.0,41160.0,2026-07-23
VLNGOIYE-2026-08-08,VLNGOIYE,2026-08-08,QA Automation Tester (Java),Scalo,backend,Senior,Warszawa,True,b2b,19320.0,21000.0,2026-07-23
VXRROVYQ-2026-08-08,VXRROVYQ,2026-08-08,Senior Administrator IT / System Engineer – Infrastruktura i Bezpieczeństwo,Intalio,sysAdministrator,Senior,Poznań,False,permanent,11000.0,13000.0,2026-07-17
BOHRGFXI-2026-08-08,BOHRGFXI,2026-08-08,Workfront Specialist,Square One Resources,projectManager,Senior,,True,b2b,33600.0,40320.0,2026-07-13
RPKTDUHZ-2026-08-08,RPKTDUHZ,2026-08-08,Java Developer,iTeamly,backend,Senior,,True,b2b,13500.0,20500.0,2026-07-15
XEV1IREX-2026-08-08,XEV1IREX,2026-08-08,React Developer,iTeamly,frontend,Mid,Kraków,True,b2b,14500.0,20500.0,2026-07-15
BHJT4I8V-2026-08-08,BHJT4I8V,2026-08-08,Embedded Engineer in test | QA | Hardware | Python | Automation,1dea,testing,Senior,Kraków,False,b2b,30000.0,60000.0,2026-07-31
FUBRYUFW-2026-08-08,FUBRYUFW,2026-08-08,.NET Developer,Margo,backend,Mid,Łódź,True,b2b,20160.0,21840.0,2026-07-13
IRIUXHBS-2026-08-08,IRIUXHBS,2026-08-08,Junior Account Support Specialist (with Russian),Daftcode,customerService,Junior,Warszawa,False,permanent,5000.0,7500.0,2026-08-06
KWJUXOCA-2026-08-08,KWJUXOCA,2026-08-08,AI Agent Engineer,Mindbox Sp. z o.o.,artificialIntelligence,Mid,Kraków,True,b2b,25200.0,31500.0,2026-07-13
WEZFSZDC-2026-08-08,WEZFSZDC,2026-08-08,Blue Yonder WMS Functional Consultant (Junior–Senior),Spyrosoft,erp,Senior,Wrocław,True,b2b,15120.0,30240.0,2026-07-13
ZFLO0AZ7-2026-08-08,ZFLO0AZ7,2026-08-08,Senior ERP Project Manager with Dutch,Spyrosoft,projectManager,Senior,Wrocław,True,b2b,31248.0,46872.0,2026-07-13
JUD9FAA9-2026-08-08,JUD9FAA9,2026-08-08,Golang | Go Developer | Python | Cloud | IoT | security,1dea,backend,Senior,Kraków,False,b2b,30000.0,60000.0,2026-07-31
6IJDBWJN-2026-08-08,6IJDBWJN,2026-08-08,Linux Embedded Developer | Kernel,1dea,embedded,Senior,Kraków,False,b2b,30000.0,60000.0,2026-07-31
FRBLUDZS-2026-08-08,FRBLUDZS,2026-08-08,MLOps Engineer (F/M),ASTEK Polska,artificialIntelligence,Mid,,True,b2b,20160.0,26880.0,2026-07-13
LRNCWH8U-2026-08-08,LRNCWH8U,2026-08-08,PAM Development Team Lead,Antal,security,Senior,Kraków,False,b2b,33600.0,38640.0,2026-07-23
X3IAFJLO-2026-08-08,X3IAFJLO,2026-08-08,Business Development Manager (K/M),Audit HR,sales,Mid,Strzelce Krajeńskie,False,permanent,10000.0,15000.0,2026-07-23
D0EFYOZ7-2026-08-08,D0EFYOZ7,2026-08-08,Elektryk/Automatyk (K/M),Audit HR,automation,Mid,Gorzów Wielkopolski,False,permanent,6000.0,9000.0,2026-07-23
UMBRTIQT-2026-08-08,UMBRTIQT,2026-08-08,Specjalista ds. sprawozdawczości i analiz w grupie kapitałowej (K/M),Audit HR,finance,Mid,Poznań,False,permanent,8000.0,14000.0,2026-07-23
MCXWCSNF-2026-08-08,MCXWCSNF,2026-08-08,QA Specialist,Angry Nerds,testing,Mid,Wrocław,True,b2b,8400.0,11760.0,2026-07-13
OGHJGU0J-2026-08-08,OGHJGU0J,2026-08-08,Inżynier jakości klienta (K/M),Audit HR,logistics,Mid,Kostrzyn nad Odrą,False,permanent,9000.0,14000.0,2026-07-23
VU2NQ8QS-2026-08-08,VU2NQ8QS,2026-08-08,Specjalista ds. Obsługi Projektów,Job Impulse,finance,Mid,Poznań,False,b2b,7800.0,8400.0,2026-08-04
TYTKOCIY-2026-08-08,TYTKOCIY,2026-08-08,Kierownik obszaru produkcji (K/M),Audit HR,logistics,Mid,Gorzów Wielkopolski,False,permanent,9000.0,13000.0,2026-07-23
WRBQ8J2S-2026-08-08,WRBQ8J2S,2026-08-08,Specjalista elektronik - automatyk,Job Impulse,automation,Mid,Luboń,False,permanent,6700.0,7500.0,2026-08-04
HEYVSSJ4-2026-08-08,HEYVSSJ4,2026-08-08,Senior Data Governance Consultant,Square One Resources,data,Senior,,True,b2b,23520.0,28560.0,2026-07-13
HIXGIM3A-2026-08-08,HIXGIM3A,2026-08-08,Focus Factory Manager (K/M),Audit HR,logistics,Mid,Kostrzyn nad Odrą,False,permanent,15000.0,17000.0,2026-07-23
VWKS4VT9-2026-08-08,VWKS4VT9,2026-08-08,System Analyst,Scalo,data,Mid,Warszawa,False,b2b,21840.0,23520.0,2026-07-23
BJLGV82Z-2026-08-08,BJLGV82Z,2026-08-08,Business Analyst (Data Governance),Scalo,data,Senior,Warszawa,True,b2b,19320.0,21000.0,2026-08-04
PPQEM6KB-2026-08-08,PPQEM6KB,2026-08-08,Senior Software Engineer,Mindbox Sp. z o.o.,backend,Senior,Kraków,False,b2b,32550.0,36750.0,2026-07-13
HZPG7WOI-2026-08-08,HZPG7WOI,2026-08-08,Starszy specjalista ds. controllingu (K/M),Audit HR,logistics,Mid,Kostrzyn nad Odrą,False,permanent,12000.0,15000.0,2026-07-23
WYEB3MYN-2026-08-08,WYEB3MYN,2026-08-08,Data Engineer (Java+cloud),j-labs software specialist,data,Senior,Kraków,False,b2b,25200.0,30240.0,2026-07-31
FQI2F7TG-2026-08-08,FQI2F7TG,2026-08-08,Senior Database Administrator,Meniga,data,Senior,Warszawa,False,b2b,22000.0,29000.0,2026-07-31
NKQ7FBTN-2026-08-08,NKQ7FBTN,2026-08-08,UX/UI Designer,ITFS Sp. z o.o.,ux,Senior,Warszawa,True,b2b,16800.0,19320.0,2026-08-04
8PSERTPY-2026-08-08,8PSERTPY,2026-08-08,Koordynator produkcji (K/M),Audit HR,logistics,Mid,Kostrzyn nad Odrą,False,permanent,8500.0,9000.0,2026-07-23
VEPOX1VK-2026-08-08,VEPOX1VK,2026-08-08,Magazynier (K/M),Audit HR,logistics,Mid,Gorzów Wielkopolski,False,permanent,4806.0,4806.0,2026-07-23
1JFJBAKF-2026-08-08,1JFJBAKF,2026-08-08,PMO,ITFS Sp. z o.o.,projectManager,Mid,Warszawa,False,b2b,11760.0,15960.0,2026-07-15
EAVQW4O6-2026-08-08,EAVQW4O6,2026-08-08,Project Manager Strumienia Finansowego,Antal,projectManager,Senior,Warszawa,False,b2b,23520.0,30240.0,2026-07-31
F01ZZJWX-2026-08-08,F01ZZJWX,2026-08-08,Service Operations Specialist,Ework Group,projectManager,Mid,Warszawa,False,b2b,20160.0,23016.0,2026-07-31
AUHNQXHM-2026-08-08,AUHNQXHM,2026-08-08,Software Development Engineer in Test (C++),OpenVPN,testing,Mid,,True,b2b,18662.0,29859.0,2026-07-13
1LXAVNXO-2026-08-08,1LXAVNXO,2026-08-08,Product Lead,Knowit Poland Sp. z o.o.,productManagement,Senior,Warszawa,False,b2b,25200.0,30240.0,2026-08-04
OPXLAPPA-2026-08-08,OPXLAPPA,2026-08-08,Senior Full Stack Developer with AI,Idego Group Sp. z o.o.,fullstack,Senior,,True,b2b,23520.0,28560.0,2026-07-13
6QDRFD0V-2026-08-08,6QDRFD0V,2026-08-08,DevOps Engineer (IVR/contact center),Unisystech Consulting Inc.,devops,Mid,Warszawa,True,b2b,17472.0,20664.0,2026-07-13
ORDDXKDU-2026-08-08,ORDDXKDU,2026-08-08,Młodszy/a Specjalista/ka ds. Sprzedaży,Infakt Sp. z o.o.,sales,Junior,Kraków,False,permanent,5406.0,6858.0,2026-07-13
DRR5GMIN-2026-08-08,DRR5GMIN,2026-08-08,Architekt Systemowy ,ITFS Sp. z o.o.,architecture,Mid,Warszawa,False,b2b,25200.0,35280.0,2026-07-23
CLBIUXZS-2026-08-08,CLBIUXZS,2026-08-08,Księgowy (K/M),Audit HR,finance,Mid,Gorzów Wielkopolski,False,permanent,6500.0,7500.0,2026-07-15
DJFSTXY9-2026-08-08,DJFSTXY9,2026-08-08,Technik utrzymania ruchu (K/M),Audit HR,mechanics,Mid,Międzyrzecz,False,permanent,6200.0,7200.0,2026-07-15
NHEIUOUI-2026-08-08,NHEIUOUI,2026-08-08,Senior Data Engineer (Azure Data Factory),Addepto,data,Senior,Warszawa,True,b2b,21000.0,28560.0,2026-07-31
UYHANPTP-2026-08-08,UYHANPTP,2026-08-08,Data Engineer (Azure Data Factory),Addepto,data,Mid,Warszawa,True,b2b,12600.0,21000.0,2026-07-31
WCVYQNXM-2026-08-08,WCVYQNXM,2026-08-08,Kierownik produkcji (K/M),Audit HR,logistics,Mid,Gorzów Wielkopolski,False,permanent,12000.0,12000.0,2026-07-15
MGEQM9MA-2026-08-08,MGEQM9MA,2026-08-08,Specjalista ds. logistyki (K/M),Audit HR,logistics,Mid,Kostrzyn nad Odrą,False,permanent,6500.0,8000.0,2026-07-15
IZCIDNLG-2026-08-08,IZCIDNLG,2026-08-08,Specjalista ds. transportu (K/M),Audit HR,logistics,Mid,Kostrzyn nad Odrą,False,permanent,6500.0,8000.0,2026-07-15
1KES5H5F-2026-08-08,1KES5H5F,2026-08-08,Senior Data Engineer (Databricks),Addepto,data,Senior,Warszawa,True,b2b,21000.0,28560.0,2026-07-31
JGNCHJS6-2026-08-08,JGNCHJS6,2026-08-08,Data Engineer (Databricks),Addepto,data,Mid,Warszawa,True,b2b,15120.0,21000.0,2026-07-31
AV2JLWWC-2026-08-08,AV2JLWWC,2026-08-08,SDN Network Engineer,ITFS Sp. z o.o.,other,Mid,Warszawa,True,b2b,20160.0,25200.0,2026-07-15
FFAMDBQY-2026-08-08,FFAMDBQY,2026-08-08,Senior IT Project / Product Manager (Client Ownership & Delivery),Polcode,projectManager,Senior,Warszawa,True,b2b,14000.0,20000.0,2026-07-31
BU12UKKE-2026-08-08,BU12UKKE,2026-08-08,Senior IT Product Owner ,"AVENGA (Agencja Pracy, nr KRAZ: 8448)",productManagement,Senior,,True,b2b,25200.0,26880.0,2026-07-13
DPXGG5TP-2026-08-08,DPXGG5TP,2026-08-08,Android BSP Developer,Square One Resources,sysAdministrator,Senior,Warszawa,True,b2b,20160.0,23520.0,2026-07-13
NZAIMQEL-2026-08-08,NZAIMQEL,2026-08-08,Technical Artist,Winged IT,gameDev,Mid,Warszawa,True,b2b,16343.0,22365.0,2026-07-13
X5EZ7HE3-2026-08-08,X5EZ7HE3,2026-08-08,Windows Automation Engineer,Motorola Solutions Systems Polska,devops,Mid,Kraków,False,permanent,11000.0,15000.0,2026-07-31
11BCLWSE-2026-08-08,11BCLWSE,2026-08-08,"Continuous Integration, Test and Deployment Engineer - TETRA/Dimetra",Motorola Solutions Systems Polska,testing,Mid,Kraków,False,permanent,12000.0,15000.0,2026-07-31
LLMZHHNV-2026-08-08,LLMZHHNV,2026-08-08,Technolog ds. Jakości (K/M),JOBS LINK,automation,Mid,Chojnice,False,permanent,9000.0,11000.0,2026-07-15
U4BSLAYQ-2026-08-08,U4BSLAYQ,2026-08-08,Senior Linux Platform Engineer,Motorola Solutions Systems Polska,devops,Senior,Kraków,False,permanent,14000.0,19500.0,2026-07-31
TZEZQUEB-2026-08-08,TZEZQUEB,2026-08-08,Product Owner,Antal,productManagement,Senior,Warszawa,False,b2b,21840.0,26880.0,2026-07-31
ZKEHWZIV-2026-08-08,ZKEHWZIV,2026-08-08,Koordynator projektów IT,ASTEK Polska,projectManager,Mid,Warszawa,False,b2b,12390.0,13230.0,2026-07-13
MJEYPDXV-2026-08-08,MJEYPDXV,2026-08-08,Fullstack (.NET and React),ITFS Sp. z o.o.,fullstack,Mid,Warszawa,False,b2b,13440.0,16800.0,2026-07-15
FZJ6WD75-2026-08-08,FZJ6WD75,2026-08-08,Koordynator projektów IT (Bankowość) / Koordynatorka projektów IT (Bankowość),ASTEK Polska,projectManager,Mid,Warszawa,False,b2b,10500.0,12390.0,2026-07-13
CZE9NQTN-2026-08-08,CZE9NQTN,2026-08-08,Mobile App Engineer (Mid),Motorola Solutions Systems Polska,mobile,Mid,Kraków,False,permanent,12500.0,16500.0,2026-07-31
ZOZXRJV1-2026-08-08,ZOZXRJV1,2026-08-08,Linux Platform Engineer,Motorola Solutions Systems Polska,devops,Mid,Kraków,False,permanent,10500.0,15000.0,2026-07-31
6ILGWNXY-2026-08-08,6ILGWNXY,2026-08-08,Specjalista/ka z Obsługi Klientów ds. Sprzedaży z j. niemieckim,Tor - industries,sales,Mid,Gdańsk,False,b2b,5000.0,7000.0,2026-07-23
RPWZOTTH-2026-08-08,RPWZOTTH,2026-08-08,Specjalista/ka z Obsługi Klientów ds. Sprzedaży z j. francuskim,Tor - industries,sales,Mid,Gdańsk,False,b2b,5000.0,7000.0,2026-07-23
CANJ4MOX-2026-08-08,CANJ4MOX,2026-08-08,Specjalista/ka z Obsługi Klientów ds. Sprzedaży z j. angielskim,Tor - industries,sales,Mid,Gdańsk,False,b2b,5000.0,7000.0,2026-07-23
PVUE2SUG-2026-08-08,PVUE2SUG,2026-08-08,"Serwisant/Konserwator wózków widłowych, wciągarek elektrycznych",Tor - industries,mechanics,Mid,Gdańsk,False,b2b,7500.0,10000.0,2026-07-23
KGXGLE2K-2026-08-08,KGXGLE2K,2026-08-08,Analityk Biznesowy bankowość,PKO Finat Sp. z o.o.,businessAnalyst,Mid,Warszawa,False,b2b,18480.0,25200.0,2026-07-13
EWQWASBA-2026-08-08,EWQWASBA,2026-08-08,Mobile Architect (Android/Kotlin),Upvanta,mobile,Mid,,True,b2b,26880.0,30240.0,2026-07-31
BCXOROJF-2026-08-08,BCXOROJF,2026-08-08,"Software Engineer III, Core Data",Box Inc.,backend,Mid,Warszawa,False,permanent,21000.0,29000.0,2026-07-13
HWI2HIB3-2026-08-08,HWI2HIB3,2026-08-08,Senior Fullstack Software Engineer – .NET + Angular/React,Accuris,fullstack,Senior,Gdańsk,False,permanent,19000.0,23000.0,2026-07-13
NYBRUEXS-2026-08-08,NYBRUEXS,2026-08-08,Manual Tester,Scalo,testing,Senior,Warszawa,False,b2b,16800.0,18480.0,2026-07-15
XYVVE3PV-2026-08-08,XYVVE3PV,2026-08-08,Senior AI Engineer (Mobile – iOS / Android),Scalo,mobile,Senior,Kraków,True,b2b,26880.0,28560.0,2026-07-15
ORFSR1Q8-2026-08-08,ORFSR1Q8,2026-08-08,Dyrektor ds. Marketingu (CMO),BLUEBINARY,marketing,Expert,Wrocław,True,b2b,22000.0,32000.0,2026-07-13
V0EYUS3N-2026-08-08,V0EYUS3N,2026-08-08,Data/BI Engineer,"AVENGA (Agencja Pracy, nr KRAZ: 8448)",data,Mid,,True,b2b,16800.0,21840.0,2026-07-13
K039WKJ2-2026-08-08,K039WKJ2,2026-08-08, Architekt Danych / Tech Lead,ITFS Sp. z o.o.,data,Senior,Warszawa,False,b2b,30240.0,36120.0,2026-08-04
OVUBLJPS-2026-08-08,OVUBLJPS,2026-08-08,Workday Configuration Engineer,Upvanta,erp,Mid,,True,b2b,24150.0,24150.0,2026-07-31
XZIWJ2JK-2026-08-08,XZIWJ2JK,2026-08-08,Mobile Software Engineer 2 (iOS),Allegro sp. z o.o.,mobile,Mid,Warszawa,False,permanent,14600.0,20825.0,2026-07-31
P9FX0U9M-2026-08-08,P9FX0U9M,2026-08-08,"Senior Fullstack Engineer - Node, React, Typescript",Link Group,fullstack,Senior,,True,permanent,25000.0,37000.0,2026-07-13
H1SG7EUV-2026-08-08,H1SG7EUV,2026-08-08,Technical Product Owner,Connectis_,productManagement,Mid,Warszawa,True,b2b,25000.0,29000.0,2026-07-13
N3HFNBNT-2026-08-08,N3HFNBNT,2026-08-08,Specjalistka / Specjalista ds. Bankowości,Infakt Sp. z o.o.,customerService,Mid,Kraków,True,b2b,7000.0,10000.0,2026-07-13
KR2UWB0U-2026-08-08,KR2UWB0U,2026-08-08,SAP Billing Application Support Consultant (ASU),1dea,erp,Senior,,True,b2b,27720.0,36792.0,2026-07-13
BUVU3N4W-2026-08-08,BUVU3N4W,2026-08-08,Senior Software Engineer (Scala & Python),Square One Resources,backend,Senior,,True,b2b,25200.0,30240.0,2026-07-13
KEUD9G7L-2026-08-08,KEUD9G7L,2026-08-08,Credit Risk Team Member with German - Develop Cutting-Edge Risk Methodologies,Belvedere Recruitment,finance,Mid,Warszawa,False,permanent,15000.0,20000.0,2026-08-04
EJS86YRJ-2026-08-08,EJS86YRJ,2026-08-08,Risk & Capital Management with German FS Consulting,Belvedere Recruitment,finance,Mid,Warszawa,False,permanent,15000.0,20000.0,2026-08-04
BE1GQCOM-2026-08-08,BE1GQCOM,2026-08-08,Senior Transition Manager - Finance Credit,Belvedere Recruitment,finance,Senior,Poznań,False,permanent,25000.0,25000.0,2026-08-04
P2TB4YNT-2026-08-08,P2TB4YNT,2026-08-08,Specjalistka / Specjalista ds. Księgowości (Dział Obsługi Klienta),Infakt Sp. z o.o.,customerService,Mid,Kraków,True,b2b,7000.0,10000.0,2026-07-13
OM78K6AE-2026-08-08,OM78K6AE,2026-08-08,Senior SOC Analyst,Apius Technologies S.A,security,Senior,Wrocław,False,b2b,17000.0,21000.0,2026-07-13
QQKEYRCI-2026-08-08,QQKEYRCI,2026-08-08,SAP Retail Application Support Consultant (ASU),1dea,support,Senior,,True,b2b,27720.0,35280.0,2026-07-13
UPQHPCEJ-2026-08-08,UPQHPCEJ,2026-08-08,Specjalista ds. dokumentów technicznych,Tor - industries,mechanics,Mid,Gdańsk,False,b2b,6500.0,8000.0,2026-07-23
TLJC3Z5W-2026-08-08,TLJC3Z5W,2026-08-08,Specjalista ds. rekrutacji/Manager HR,Tor - industries,hr,Mid,Gdańsk,False,permanent,6500.0,10000.0,2026-07-23
YQHRMXAR-2026-08-08,YQHRMXAR,2026-08-08,Senior Fullstack Developer - .NET/React,Link Group,fullstack,Senior,Warszawa,False,permanent,30000.0,42000.0,2026-07-30
5MEKPGQ8-2026-08-08,5MEKPGQ8,2026-08-08,Director – Global Business Services & Transformation,Belvedere Recruitment,consulting,Expert,Warszawa,True,permanent,20000.0,27000.0,2026-08-04
PFYZTISW-2026-08-08,PFYZTISW,2026-08-08,Market Risk & Treasury Team Member with German - Leading Financial Services Consultancy,Belvedere Recruitment,finance,Mid,Warszawa,True,permanent,15000.0,20000.0,2026-08-04
P77YUGZB-2026-08-08,P77YUGZB,2026-08-08,Capital Markets & Accounting Advisory Services Team Member - IFRS and German GAAP Expertise,Belvedere Recruitment,consulting,Mid,Warszawa,False,permanent,15000.0,20000.0,2026-08-04
1VH3I81E-2026-08-08,1VH3I81E,2026-08-08,DevOps Engineer,Link Group,devops,Mid,Warszawa,True,b2b,13440.0,16800.0,2026-07-30
E22WV4RQ-2026-08-08,E22WV4RQ,2026-08-08,Senior Mechatronics Engineer [M/F],Arche Solutions,mechanics,Senior,,True,b2b,21840.0,25200.0,2026-07-31
QRWMNF7B-2026-08-08,QRWMNF7B,2026-08-08,Senior Software & Robotics Engineer [M/F],Arche Solutions,automation,Senior,,True,b2b,21840.0,26880.0,2026-07-31
MTK3DHCO-2026-08-08,MTK3DHCO,2026-08-08,ServiceNow IT Project Manager,Square One Resources,projectManager,Senior,Kraków,False,b2b,20160.0,25200.0,2026-07-13
615TVCHT-2026-08-08,615TVCHT,2026-08-08,Tech Lead Software & Robotics [M/F],Arche Solutions,automation,Mid,Warszawa,True,b2b,21840.0,26880.0,2026-07-31
2GJ8KHZC-2026-08-08,2GJ8KHZC,2026-08-08,Data Engineer (Azure),Connectis_,data,Mid,Warszawa,True,b2b,23856.0,26040.0,2026-07-13
ODABMWS6-2026-08-08,ODABMWS6,2026-08-08,Senior/Mid Dynamics 365 Business Central Consultant,ITFS Sp. z o.o.,erp,Senior,Katowice,True,b2b,24360.0,26880.0,2026-07-15
ZOUG3YKU-2026-08-08,ZOUG3YKU,2026-08-08, Software Engineer Mid (Java),Motorola Solutions Systems Polska,backend,Mid,Kraków,False,permanent,12500.0,15000.0,2026-07-15
9VWAKHGI-2026-08-08,9VWAKHGI,2026-08-08,Senior Data Modeller,GFT Poland,data,Senior,,True,b2b,26040.0,34440.0,2026-07-10
2HYDJKDY-2026-08-08,2HYDJKDY,2026-08-08,Integrations Developer / System Integrator,Strategix Sp. z o.o.,fullstack,Mid,Katowice,False,permanent,12000.0,16000.0,2026-08-06
SBGUBIHX-2026-08-08,SBGUBIHX,2026-08-08,Data Engineer III,Box Inc.,data,Mid,Warszawa,False,permanent,21000.0,26500.0,2026-07-13
WVV7VETR-2026-08-08,WVV7VETR,2026-08-08,Senior Fullstack Developer (FM) – Java + React,drEryk,fullstack,Senior,,True,permanent,18000.0,24000.0,2026-07-16
WOFOJ60E-2026-08-08,WOFOJ60E,2026-08-08,Domain Product Owner (Healthcare),drEryk,productManagement,Senior,Kraków,True,permanent,12000.0,16000.0,2026-07-17
CXV7D7D1-2026-08-08,CXV7D7D1,2026-08-08,Domain Product Owner (Healthcare),drEryk,businessAnalyst,Senior,Kraków,True,permanent,12000.0,16000.0,2026-07-17
PBBITBF2-2026-08-08,PBBITBF2,2026-08-08, Regulatory Data Analyst,Diverse CG Sp. z o.o. Sp.k.,data,Mid,Łódź,False,b2b,16800.0,18480.0,2026-07-31
BRQEF1JK-2026-08-08,BRQEF1JK,2026-08-08,Mobile Architect (Android/Kotlin) start ASAP,Upvanta,mobile,Mid,,True,b2b,25200.0,29400.0,2026-07-31
ZWPAOFDO-2026-08-08,ZWPAOFDO,2026-08-08,Fullstack Developer,Scalo,fullstack,Mid,,True,b2b,21000.0,22680.0,2026-08-04
3R4HJBG8-2026-08-08,3R4HJBG8,2026-08-08,Senior Java Developer,Scalo,backend,Senior,,True,b2b,23520.0,25200.0,2026-07-15
QWKWRCPZ-2026-08-08,QWKWRCPZ,2026-08-08,Senior Automation Test Engineer,Mindbox Sp. z o.o.,testing,Senior,Kraków,False,b2b,32550.0,35700.0,2026-07-31
WERDHLPW-2026-08-08,WERDHLPW,2026-08-08,Java Developer K/M,ASTEK Polska,backend,Mid,Warszawa,False,b2b,21000.0,27300.0,2026-07-31
WYOTKDOA-2026-08-08,WYOTKDOA,2026-08-08,Full stack Developer,Mindbox Sp. z o.o.,fullstack,Mid,Kraków,False,b2b,29400.0,33600.0,2026-07-31
JV3BKHIN-2026-08-08,JV3BKHIN,2026-08-08,GCP DevSecOps Engineer,Mindbox Sp. z o.o.,devops,Mid,Kraków,False,b2b,27300.0,33600.0,2026-07-31
W9GJFPKL-2026-08-08,W9GJFPKL,2026-08-08,Senior Quality Assurance Engineer  ,Branchspace,testing,Senior,Kraków,False,b2b,21000.0,24150.0,2026-07-15
N9KUTXTL-2026-08-08,N9KUTXTL,2026-08-08,Senior Analytics Engineer,Asana,data,Senior,Warszawa,False,permanent,20833.0,23700.0,2026-07-31
PBJMDZ3P-2026-08-08,PBJMDZ3P,2026-08-08,"Senior Manager, ERM Risk Steward HCIB and CIB",HSBC Technology Poland,other,Senior,Kraków,False,permanent,21258.0,29000.0,2026-07-31
E5UOLADE-2026-08-08,E5UOLADE,2026-08-08,Software Engineer 2 (Java / Kotlin) - Allegro Merchant AI Assistant,Allegro sp. z o.o.,artificialIntelligence,Mid,Poznań,False,permanent,14600.0,20825.0,2026-07-31
A02F4OEZ-2026-08-08,A02F4OEZ,2026-08-08,Technical Program Manager,Link Group,projectManager,Senior,,True,b2b,20160.0,24864.0,2026-07-13
HCRB6WMC-2026-08-08,HCRB6WMC,2026-08-08,Sr. Data Engineer - backend oriented (Java/Python/Go),Link Group,data,Senior,Warszawa,False,permanent,30000.0,40000.0,2026-07-13
K08NDOLN-2026-08-08,K08NDOLN,2026-08-08,Software Engineer 2 (.NET/C#) - Logistics team,Allegro sp. z o.o.,logistics,Mid,Warszawa,False,permanent,14600.0,20825.0,2026-07-31
5BTVGNXZ-2026-08-08,5BTVGNXZ,2026-08-08,Automation Tester,Mindbox Sp. z o.o.,testing,Junior,Warszawa,False,b2b,7350.0,9030.0,2026-07-13
1TVMXLRH-2026-08-08,1TVMXLRH,2026-08-08,Fullstack Developer (Java +  Angular),Mindbox Sp. z o.o.,fullstack,Mid,Warszawa,False,b2b,23100.0,26250.0,2026-07-13
M5WK62OC-2026-08-08,M5WK62OC,2026-08-08,Senior Full Stack Engineer,Mindbox Sp. z o.o.,fullstack,Senior,Kraków,False,b2b,33600.0,37800.0,2026-07-13
PTX3GHGL-2026-08-08,PTX3GHGL,2026-08-08,"DevOps/Platform Engineer (HashiCorp Vault, PAM)",Mindbox Sp. z o.o.,devops,Mid,Kraków,False,b2b,32550.0,36750.0,2026-07-13
RQYBFW3F-2026-08-08,RQYBFW3F,2026-08-08,Lead Power Platforms Developer,Mindbox Sp. z o.o.,backend,Senior,Kraków,False,b2b,31500.0,35700.0,2026-07-13
KBNITFLU-2026-08-08,KBNITFLU,2026-08-08,Frontend Developer,Mindbox Sp. z o.o.,frontend,Mid,Kraków,False,b2b,25200.0,29400.0,2026-07-13
R70EUGIT-2026-08-08,R70EUGIT,2026-08-08,Software Engineer (Production Support),Mindbox Sp. z o.o.,support,Mid,Kraków,False,b2b,27300.0,33600.0,2026-07-13
KULR0UUD-2026-08-08,KULR0UUD,2026-08-08,CCaaS Functional Consultant,Upvanta,erp,Mid,,True,b2b,16800.0,18900.0,2026-07-31
AIYWWOYJ-2026-08-08,AIYWWOYJ,2026-08-08,Frontend Engineer (Web Engineer),Mindbox Sp. z o.o.,frontend,Senior,Warszawa,False,b2b,28350.0,32550.0,2026-07-13
FRJ9XDWZ-2026-08-08,FRJ9XDWZ,2026-08-08,Policy Engineer,Mindbox Sp. z o.o.,testing,Senior,Kraków,False,b2b,29400.0,33600.0,2026-07-13
BGMHZNME-2026-08-08,BGMHZNME,2026-08-08,AI Software Developer,Mindbox Sp. z o.o.,fullstack,Senior,Kraków,False,b2b,30450.0,34650.0,2026-07-13
CSHTOEL5-2026-08-08,CSHTOEL5,2026-08-08,Data Analyst,Mindbox Sp. z o.o.,data,Mid,Kraków,False,b2b,21000.0,26880.0,2026-07-13
XONEJOC1-2026-08-08,XONEJOC1,2026-08-08,Tester AI,Mindbox Sp. z o.o.,testing,Senior,Kraków,False,b2b,27300.0,29400.0,2026-07-13
GH54BYOV-2026-08-08,GH54BYOV,2026-08-08,AI Developer,Mindbox Sp. z o.o.,artificialIntelligence,Senior,Kraków,False,b2b,27300.0,35700.0,2026-07-13
0S6TRKZ7-2026-08-08,0S6TRKZ7,2026-08-08,Cloud Infrastructure Engineer (Elasticsearch),Shiji Poland,devops,Mid,Katowice,False,permanent,9000.0,16000.0,2026-07-23
FQBS4FZX-2026-08-08,FQBS4FZX,2026-08-08,Senior Analytical Engineer,Asana,data,Senior,Warszawa,False,permanent,20833.0,23700.0,2026-07-31
LKIURI5Q-2026-08-08,LKIURI5Q,2026-08-08,Cloud Infrastructure Engineer,Shiji Poland,devops,Mid,Katowice,False,permanent,9000.0,16000.0,2026-07-23
1HVYTEGL-2026-08-08,1HVYTEGL,2026-08-08,IT Business Analyst,Eversis,businessAnalyst,Senior,Warszawa,True,b2b,19000.0,21000.0,2026-07-31
42RY70EB-2026-08-08,42RY70EB,2026-08-08,Power Platform Developer,ITFS Sp. z o.o.,data,Senior,Gdynia,True,b2b,20160.0,25200.0,2026-08-04
NRRXMNJE-2026-08-08,NRRXMNJE,2026-08-08,Salesforce Marketing Cloud Engagement Senior Developer ,ITFS Sp. z o.o.,sales,Senior,,True,b2b,21840.0,23520.0,2026-08-04
HBKZQIWI-2026-08-08,HBKZQIWI,2026-08-08,Golang Software Engineer with experience in Python/C,CodiLime,backend,Senior,Warszawa,True,b2b,18000.0,22000.0,2026-07-23
GFSSTPIP-2026-08-08,GFSSTPIP,2026-08-08,Snowflake Architect,ITFS Sp. z o.o.,architecture,Mid,,True,b2b,30240.0,36960.0,2026-08-04
K10T1Q2Z-2026-08-08,K10T1Q2Z,2026-08-08,.NET Developer (f/m),Netcompany Poland,backend,Mid,Warszawa,False,b2b,9600.0,13100.0,2026-07-13
MURLISOU-2026-08-08,MURLISOU,2026-08-08,Principal Solution Architect (CCaaS) – Cloud Contact Centre Transformation,Upvanta,architecture,Mid,,True,b2b,29400.0,31500.0,2026-07-31
I5DBPSI4-2026-08-08,I5DBPSI4,2026-08-08,Senior WFM Consultant,Upvanta,erp,Senior,,True,b2b,16000.0,18000.0,2026-07-31
K95YU3KJ-2026-08-08,K95YU3KJ,2026-08-08,Test Manager / QA Lead,Upvanta,testing,Mid,,True,b2b,16800.0,17850.0,2026-07-31
R9VYSQSA-2026-08-08,R9VYSQSA,2026-08-08,Senior SAP MM Consultant (Retail / Master Data),1dea,erp,Senior,,True,b2b,36960.0,43680.0,2026-07-13
GIAALOPM-2026-08-08,GIAALOPM,2026-08-08,MS Dynamics 365 CE / Power Apps Architect,Spyrosoft,architecture,Senior,Wrocław,True,b2b,30240.0,31920.0,2026-07-13
BCUJNRFT-2026-08-08,BCUJNRFT,2026-08-08,AI/ML Engineer,Spyrosoft,artificialIntelligence,Senior,Wrocław,False,b2b,18480.0,25200.0,2026-07-13
ST3YWMQ7-2026-08-08,ST3YWMQ7,2026-08-08,Classified Systems Specialist (Defence & Security),Spyrosoft,security,Senior,Wrocław,False,permanent,15000.0,20000.0,2026-07-13
P2AZCMXQ-2026-08-08,P2AZCMXQ,2026-08-08,Enterprise Architect (Defence & Security),Spyrosoft,architecture,Senior,Wrocław,False,permanent,13000.0,20000.0,2026-07-13
1EJITXEG-2026-08-08,1EJITXEG,2026-08-08,Senior Fullstack Developer (Angular + Django),KOIA,fullstack,Senior,Gdańsk,True,b2b,20160.0,25872.0,2026-07-31
ANP4ZBW6-2026-08-08,ANP4ZBW6,2026-08-08,Senior Software Engineer - Local Server Systems,Kontakt.io,backend,Senior,Kraków,False,b2b,26880.0,31920.0,2026-08-04
WP6M0ZEU-2026-08-08,WP6M0ZEU,2026-08-08,Junior .NET Developer (f/m),Netcompany Poland,backend,Junior,Warszawa,False,b2b,8700.0,9600.0,2026-07-13
HOM7QDYN-2026-08-08,HOM7QDYN,2026-08-08,Księgowy inFakt — Pełna Księgowość (B2B),Infakt Sp. z o.o.,finance,Mid,Kraków,True,b2b,9500.0,19000.0,2026-07-13
VUPXELA2-2026-08-08,VUPXELA2,2026-08-08,Windows Automation Engineer,Motorola Solutions Systems Polska,sysAdministrator,Mid,Kraków,False,permanent,11000.0,15000.0,2026-07-15
YHXNBSGL-2026-08-08,YHXNBSGL,2026-08-08,Młodszy Księgowy inFakt — Uproszczona Księgowość (B2B),Infakt Sp. z o.o.,finance,Mid,Kraków,True,b2b,5000.0,10000.0,2026-07-13
2VWEGYOE-2026-08-08,2VWEGYOE,2026-08-08,Regulatory Reporting Specialist,Link Group,finance,Mid,Warszawa,False,permanent,14000.0,17000.0,2026-07-13
VBTRAL4O-2026-08-08,VBTRAL4O,2026-08-08,[Remote] Senior Data Scientist,DS STREAM,data,Senior,Warszawa,True,b2b,25200.0,29400.0,2026-07-30
V1JL50Q0-2026-08-08,V1JL50Q0,2026-08-08,Cybersecurity Vulnerability Analyst,ITFS Sp. z o.o.,security,Senior,Warszawa,False,b2b,28560.0,35280.0,2026-08-04
7TXQTTTT-2026-08-08,7TXQTTTT,2026-08-08,Młodszy Księgowy inFakt — Pełna Księgowość (B2B),Infakt Sp. z o.o.,finance,Mid,Kraków,True,b2b,6500.0,13000.0,2026-07-13
QMB1LWXH-2026-08-08,QMB1LWXH,2026-08-08,Księgowy inFakt — Uproszczona Księgowość (B2B),Infakt Sp. z o.o.,finance,Mid,Kraków,True,b2b,7000.0,14000.0,2026-07-13
AVXQ8LFP-2026-08-08,AVXQ8LFP,2026-08-08,Senior Data Architect,Verita HR,data,Senior,Kraków,False,b2b,30450.0,32550.0,2026-07-13
AB5ZRPYG-2026-08-08,AB5ZRPYG,2026-08-08,Project Manager,Branchspace,projectManager,Senior,Kraków,False,b2b,20000.0,27000.0,2026-07-15
YCBXPDKF-2026-08-08,YCBXPDKF,2026-08-08,IT Support Engineer,iTeamly,support,Junior,Kraków,False,b2b,8000.0,16000.0,2026-07-31
7YAIUF0K-2026-08-08,7YAIUF0K,2026-08-08,Senior Embedded Engineer,Matrix Global Services,embedded,Senior,,True,b2b,26666.0,32257.0,2026-07-31
K6NDDSIC-2026-08-08,K6NDDSIC,2026-08-08,Senior Software Java Engineer,Branchspace,backend,Senior,Kraków,False,b2b,24000.0,30000.0,2026-07-15
TLB403QO-2026-08-08,TLB403QO,2026-08-08,Infrastructure Engineer (VMware & Hyper-V) with German,Moondigo Sp. z o.o.,sysAdministrator,Senior,,True,b2b,20800.0,28000.0,2026-07-13
ZZGKIRFC-2026-08-08,ZZGKIRFC,2026-08-08,"Senior C++ Developer (Core Trading Systems, 100% Remote)",Augmenta,backend,Senior,,True,b2b,30000.0,40000.0,2026-07-13
OFHUJL40-2026-08-08,OFHUJL40,2026-08-08,Data Base Administrator,Antal,data,Senior,Kraków,False,b2b,23520.0,26880.0,2026-07-18
VJ75ESG9-2026-08-08,VJ75ESG9,2026-08-08,AI Solution Architect,Scalo,artificialIntelligence,Expert,Wrocław,True,b2b,35280.0,36960.0,2026-07-22
NEJOBZOJ-2026-08-08,NEJOBZOJ,2026-08-08,Scrum Master,Mindbox Sp. z o.o.,projectManager,Senior,Warszawa,False,b2b,17115.0,18270.0,2026-07-18
V3PB9EUY-2026-08-08,V3PB9EUY,2026-08-08,PMO Lead,Scalo,projectManager,Senior,Warszawa,False,b2b,23520.0,25200.0,2026-07-22
FVNNPKLN-2026-08-08,FVNNPKLN,2026-08-08,Business Analyst,Scalo,businessAnalyst,Mid,Warszawa,False,b2b,18480.0,20160.0,2026-07-22
AFBIUN8D-2026-08-08,AFBIUN8D,2026-08-08,Inżynier/ka ds. jakości,Antal,electricalEng,Expert,Poznań,False,permanent,9000.0,11000.0,2026-07-18
ZEPFZXFW-2026-08-08,ZEPFZXFW,2026-08-08,Automatyk PLC – Allen-Bradley (K/M),JOBS LINK,automation,Senior,Ostrów Mazowiecka,False,permanent,15000.0,20000.0,2026-07-31
8XU8OHPL-2026-08-08,8XU8OHPL,2026-08-08,Golang/Vue.js Regular Developer,Spyrosoft,backend,Mid,Białystok,False,b2b,18480.0,25200.0,2026-07-31
TT2AMJN3-2026-08-08,TT2AMJN3,2026-08-08,Analityk Biznesowo-Systemowy,"AVENGA (Agencja Pracy, nr KRAZ: 8448)",businessAnalyst,Mid,Warszawa,False,b2b,16800.0,23520.0,2026-07-31
OXTQJNV2-2026-08-08,OXTQJNV2,2026-08-08,Frontend Developer,Persooa,frontend,Mid,Warszawa,True,b2b,10000.0,14000.0,2026-08-05
8CHRRZNB-2026-08-08,8CHRRZNB,2026-08-08,Fullstack Developer (Java/React/TS),SPEEDNET SP. Z O.O.,fullstack,Senior,Gdańsk,True,b2b,20160.0,26880.0,2026-07-24
Y2XKOLUP-2026-08-08,Y2XKOLUP,2026-08-08,Senior Backend Developer,teems.it sp. z o.o.,backend,Senior,Kraków,True,b2b,22400.0,26500.0,2026-07-24
Y8JLMUJR-2026-08-08,Y8JLMUJR,2026-08-08,Sr Data Architect - Commercial ,Bayer,data,Senior,Warszawa,False,permanent,25300.0,27830.0,2026-07-31
MRLSU4PY-2026-08-08,MRLSU4PY,2026-08-08,Senior API Gateway / Linux Engineer (L2/L3 Support),Antal,support,Senior,Warszawa,False,b2b,25200.0,30240.0,2026-07-18
SQPZZOYH-2026-08-08,SQPZZOYH,2026-08-08,Kierownik/Kierowniczka produktu (Inwestycje/Wealth Management),DCG,finance,Mid,Warszawa,False,b2b,13440.0,21000.0,2026-07-24
UJHGUQRA-2026-08-08,UJHGUQRA,2026-08-08,System Analyst,Scalo,data,Mid,Warszawa,False,b2b,16800.0,18480.0,2026-07-22
WB7T0BQU-2026-08-08,WB7T0BQU,2026-08-08,Senior System Architect,Antal,architecture,Senior,Warszawa,False,b2b,30240.0,33600.0,2026-07-18
MZ64KRJE-2026-08-08,MZ64KRJE,2026-08-08,Business Analyst ,"AVENGA (Agencja Pracy, nr KRAZ: 8448)",businessAnalyst,Mid,Warszawa,False,b2b,23520.0,26880.0,2026-07-24
J0VAY8DL-2026-08-08,J0VAY8DL,2026-08-08,Python / AI Developer,apreel Sp. z o.o.,backend,Mid,Warszawa,False,b2b,26040.0,29400.0,2026-07-30
YKSIYB4M-2026-08-08,YKSIYB4M,2026-08-08,Specjalista / Specjalistka ds. sprzedaży rozwiązań IT,NEOPOS SPÓŁKA Z OGRANICZONĄ ODPOWIEDZIALNOŚCIĄ,sales,Mid,Bielsko-Biała,False,b2b,8000.0,10000.0,2026-08-02
6TGQJREX-2026-08-08,6TGQJREX,2026-08-08,Senior .Net Developer,1dea,backend,Senior,,True,b2b,23520.0,27720.0,2026-07-30
IM1XSAD1-2026-08-08,IM1XSAD1,2026-08-08,Solution Architect Consultant with Cloud (Azure),GFT Poland,architecture,Expert,Łódź,False,b2b,28224.0,35280.0,2026-07-31
EEAC6VA6-2026-08-08,EEAC6VA6,2026-08-08,Senior Fullstack Developer,Kodify Media Group,fullstack,Senior,,True,b2b,23297.0,28673.0,2026-07-30
O4IKSL4Q-2026-08-08,O4IKSL4Q,2026-08-08,Senior React Frontend Developer,Vistulo (for a major N. American bank),frontend,Senior,Kraków,True,b2b,33600.0,38640.0,2026-07-24
ZIVH97Y5-2026-08-08,ZIVH97Y5,2026-08-08,Data Engineer (Databricks),Ework Group,data,Senior,,True,b2b,25200.0,28560.0,2026-07-24
QVFCIMCX-2026-08-08,QVFCIMCX,2026-08-08,Senior IT Infrastructure Specialist,DCG,backend,Senior,Warszawa,False,b2b,20160.0,21000.0,2026-07-24
3597EBWH-2026-08-08,3597EBWH,2026-08-08,Developer Platform Engineer with API management,teems.it sp. z o.o.,devops,Senior,Kraków,True,b2b,22400.0,26500.0,2026-07-24
RFHUMF1K-2026-08-08,RFHUMF1K,2026-08-08,Guidewire Developer,Antal,backend,Senior,Warszawa,False,b2b,33600.0,42000.0,2026-07-24
HI9RHHCX-2026-08-08,HI9RHHCX,2026-08-08,Senior Java Developer (with German),Link Group,backend,Senior,Poznań,False,permanent,16000.0,24000.0,2026-07-18
6KJPY4GE-2026-08-08,6KJPY4GE,2026-08-08,Senior Golang Developer,Square One Resources,backend,Senior,Warszawa,True,b2b,21840.0,25200.0,2026-07-24
2URDZCYP-2026-08-08,2URDZCYP,2026-08-08,Senior Java Developer,Mindbox Sp. z o.o.,backend,Senior,Kraków,False,b2b,32550.0,35700.0,2026-07-30
GWB8JEEC-2026-08-08,GWB8JEEC,2026-08-08,Platform Engineer (Stateful),Mindbox Sp. z o.o.,devops,Mid,Warszawa,False,b2b,35700.0,39900.0,2026-07-30
WPJAIDNM-2026-08-08,WPJAIDNM,2026-08-08,Analytics Engineer,"AVENGA (Agencja Pracy, nr KRAZ: 8448)",data,Mid,,True,b2b,16800.0,23520.0,2026-07-31
YBFIQKWT-2026-08-08,YBFIQKWT,2026-08-08,Automation Tester,Scalo,testing,Mid,Warszawa,False,b2b,18480.0,20160.0,2026-07-22
QHY1RS6J-2026-08-08,QHY1RS6J,2026-08-08,Software Engineer,VGW,backend,Mid,Kraków,False,b2b,22000.0,25000.0,2026-07-31
K3DGLDW2-2026-08-08,K3DGLDW2,2026-08-08,Junior Frontend Developer,Persooa,frontend,Junior,Warszawa,True,b2b,5000.0,7000.0,2026-08-05
EOC6FATQ-2026-08-08,EOC6FATQ,2026-08-08,Java Developer,Scalo,backend,Mid,Kraków,False,b2b,18480.0,20160.0,2026-07-31
UCE9XBLH-2026-08-08,UCE9XBLH,2026-08-08,Middle Office Analyst,Harvey Nash Technology,finance,Mid,Warszawa,False,b2b,15120.0,18480.0,2026-07-24
SYOCIPA7-2026-08-08,SYOCIPA7,2026-08-08,ICT Governance Specialist,XTB,sysAdministrator,Mid,Warszawa,True,permanent,16000.0,18000.0,2026-07-24
MXDSRUUW-2026-08-08,MXDSRUUW,2026-08-08,Cybersecurity DLP Engineer,Mindbox Sp. z o.o.,security,Senior,Kraków,False,b2b,29400.0,35700.0,2026-07-12
ZP4BLYK9-2026-08-08,ZP4BLYK9,2026-08-08,Cybersecurity Data Security Engineering SME,Mindbox Sp. z o.o.,data,Senior,Kraków,False,b2b,27300.0,30450.0,2026-07-30
Z463GSW2-2026-08-08,Z463GSW2,2026-08-08,DevSecOps with AI,Acaisoft,security,Senior,Warszawa,True,b2b,26880.0,31920.0,2026-07-24
LDOM7C9N-2026-08-08,LDOM7C9N,2026-08-08,Java Developer,Citi,backend,Mid,Warszawa,False,permanent,15805.0,26911.0,2026-07-30
AXQTA5A6-2026-08-08,AXQTA5A6,2026-08-08,  Software & AI Engineer,HSBC Technology Poland,artificialIntelligence,Senior,Kraków,False,permanent,15025.0,22533.0,2026-07-12
4Z6HDV0H-2026-08-08,4Z6HDV0H,2026-08-08,Fullstack Engineer (Java/Kotlin/Angular) remote from Kraków,VIRTUSA,fullstack,Senior,Kraków,False,b2b,24360.0,26880.0,2026-07-24
PGBZ8SFJ-2026-08-08,PGBZ8SFJ,2026-08-08,Technical Support Engineer (m/k/d) z perspektywą rozwoju (język polski i niemiecki),Translogica Polska Sp.z.o.o.,support,Mid,Warszawa,False,permanent,10000.0,12000.0,2026-08-02
QWUHSVBF-2026-08-08,QWUHSVBF,2026-08-08,Senior Test Automation Engineer (Java),DCG,testing,Senior,Gdańsk,False,b2b,20160.0,22680.0,2026-07-30
I1SVQODY-2026-08-08,I1SVQODY,2026-08-08,Senior Scala Developer,j-labs software specialist,backend,Senior,Kraków,False,b2b,29400.0,33432.0,2026-07-24
PBBWALLG-2026-08-08,PBBWALLG,2026-08-08,"Architekt Rozwiązań– aplikacje mobilne, bankowość",Upvanta,architecture,Mid,Wrocław,True,b2b,21000.0,27300.0,2026-07-30
D70MOPUL-2026-08-08,D70MOPUL,2026-08-08,Full Stack Developer (Python),FINANTEQ SA,fullstack,Mid,Lublin,True,b2b,19320.0,20832.0,2026-07-24
IFRHSH2V-2026-08-08,IFRHSH2V,2026-08-08,Senior UX/UI Designer,Xopero Software,ux,Senior,Warszawa,True,b2b,15960.0,20160.0,2026-07-30
NPFDU9P8-2026-08-08,NPFDU9P8,2026-08-08,Expert DevOps Engineer,ING BANK ŚLĄSKI SPÓŁKA AKCYJNA,devops,Expert,Katowice,False,permanent,12000.0,16000.0,2026-07-24
SWIHMFJW-2026-08-08,SWIHMFJW,2026-08-08,Marketing Project Specialist,1dea,marketing,Senior,,True,b2b,20160.0,23520.0,2026-07-30
ITF7YN0H-2026-08-08,ITF7YN0H,2026-08-08,API Developer,Mindbox Sp. z o.o.,backend,Senior,Kraków,False,b2b,28350.0,34650.0,2026-07-12
W3XRVCWA-2026-08-08,W3XRVCWA,2026-08-08,Student Assistant - Office Administration,Falck Digital Technology,officeAdministration,Trainee,Warszawa,False,zlecenie,5880.0,6720.0,2026-07-24
1MLOMYRW-2026-08-08,1MLOMYRW,2026-08-08,SAP ABAP Developer [M/F],Arche Solutions,erp,Mid,,True,b2b,30240.0,42000.0,2026-07-30
6THTTF41-2026-08-08,6THTTF41,2026-08-08,Software Factory Architect (SOFA ARCH),DCG,architecture,Senior,Warszawa,False,b2b,35280.0,36960.0,2026-07-30
Q4LILXZ8-2026-08-08,Q4LILXZ8,2026-08-08,Senior Business Analyst (Praca hybrydowa – Warszawa) ,IT TALENTO,businessAnalyst,Senior,Warszawa,False,permanent,13800.0,21200.0,2026-07-24
MMJSMLO4-2026-08-08,MMJSMLO4,2026-08-08,Senior .NET Developer,Upvanta,backend,Senior,,True,b2b,18900.0,23100.0,2026-07-30
MFCKPOS3-2026-08-08,MFCKPOS3,2026-08-08,Senior Full-Stack developer - Java/JavaScript,Citi,fullstack,Senior,Warszawa,False,permanent,22365.0,38084.0,2026-07-30
N39GVRK5-2026-08-08,N39GVRK5,2026-08-08,IT Analyst (Italian speaking),Reply Polska,support,Junior,Katowice,False,permanent,5000.0,9000.0,2026-07-24
7AEMNF6S-2026-08-08,7AEMNF6S,2026-08-08,Senior Software Developer (AI),CDQ Poland,backend,Senior,Wrocław,True,b2b,18816.0,24360.0,2026-07-30
TABLLBVR-2026-08-08,TABLLBVR,2026-08-08,Java Developer,apreel Sp. z o.o.,backend,Mid,Warszawa,False,b2b,20160.0,29400.0,2026-07-30
QJQQ1MZC-2026-08-08,QJQQ1MZC,2026-08-08,SAP FICO Consultant [M/F],Arche Solutions,erp,Mid,,True,b2b,30240.0,36960.0,2026-07-30
EOQQ5TUE-2026-08-08,EOQQ5TUE,2026-08-08,PMO Analyst,Scalo,businessAnalyst,Mid,Warszawa,False,b2b,21840.0,23520.0,2026-07-22
AHGEJGHM-2026-08-08,AHGEJGHM,2026-08-08,Tech SME - System Admin Oracle DB,Mindbox Sp. z o.o.,sysAdministrator,Senior,Kraków,False,b2b,23100.0,29400.0,2026-07-18
SLYLWKSA-2026-08-08,SLYLWKSA,2026-08-08,Software Engineer (.NET / Middleware),Falck Digital Technology,backend,Mid,Warszawa,False,permanent,18000.0,21000.0,2026-07-31
AGUQXTUG-2026-08-08,AGUQXTUG,2026-08-08, Tech Lead (LP),HSBC Technology Poland,backend,Senior,Kraków,False,permanent,28000.0,32000.0,2026-07-18
F7BA3NXB-2026-08-08,F7BA3NXB,2026-08-08,Software Security Backend Engineer (Node.js and/or Python),Antal,backend,Senior,Kraków,False,b2b,16800.0,31920.0,2026-07-12
N3UG4EGA-2026-08-08,N3UG4EGA,2026-08-08,Senior Java Developer with Kotlin,Citi,backend,Senior,Warszawa,False,permanent,22365.0,38084.0,2026-07-30
WRBJWAA2-2026-08-08,WRBJWAA2,2026-08-08,GCP DevOps Engineer,Mindbox Sp. z o.o.,devops,Senior,Kraków,False,b2b,30450.0,34650.0,2026-07-24
3ZXVT3KE-2026-08-08,3ZXVT3KE,2026-08-08,Oracle / Unix Infrastructure Lead,Verita HR,other,Senior,Kraków,False,b2b,26000.0,32000.0,2026-07-30
H9OZ0BNV-2026-08-08,H9OZ0BNV,2026-08-08,Fullstack .NET Application Developer (Praca hybrydowa - Wrocław) ,IT TALENTO,fullstack,Mid,Wrocław,False,b2b,18480.0,23520.0,2026-07-24
UKFZ4ISD-2026-08-08,UKFZ4ISD,2026-08-08,Service Delivery Lead – Application & Service Management,Falck Digital Technology,sysAdministrator,Senior,Warszawa,False,permanent,25000.0,30000.0,2026-07-24
QCMZMYSC-2026-08-08,QCMZMYSC,2026-08-08,Software Engineering - Compass Dev,Mindbox Sp. z o.o.,backend,Senior,Kraków,False,b2b,25200.0,29400.0,2026-07-12
59NHAB40-2026-08-08,59NHAB40,2026-08-08,DORA Specialist,Ework Group,projectManager,Senior,Warszawa,False,b2b,21840.0,26040.0,2026-07-30
PMNMQLZ2-2026-08-08,PMNMQLZ2,2026-08-08,Senior Android Developer,Antal,mobile,Senior,Warszawa,True,b2b,23520.0,28560.0,2026-07-18
UXYJUPYP-2026-08-08,UXYJUPYP,2026-08-08,Senior SAP S/4HANA Indirect Tax (SD/MM/FI) Functional Consultant,Square One Resources,erp,Senior,Warszawa,True,b2b,29400.0,32760.0,2026-07-30
EM4AFDW5-2026-08-08,EM4AFDW5,2026-08-08,Senior Software Engineer,Mindbox Sp. z o.o.,backend,Senior,Kraków,False,b2b,29400.0,35700.0,2026-07-12
SGRCPIZ9-2026-08-08,SGRCPIZ9,2026-08-08,Senior IT Architect / Azure Solution Architect,DCG,architecture,Senior,Gdańsk,True,b2b,28560.0,30240.0,2026-07-12
HOIN9VFR-2026-08-08,HOIN9VFR,2026-08-08,Senior Software Engineer - Distributed Infrastructure (Warsaw),Mr Wolf Sp. z o.o.,embedded,Senior,Warszawa,False,permanent,30000.0,60000.0,2026-07-18
OHH4XBVO-2026-08-08,OHH4XBVO,2026-08-08,Software Development Engineer in Test,Kodify Media Group,testing,Mid,,True,b2b,16128.0,21505.0,2026-07-30
U0FYLYQL-2026-08-08,U0FYLYQL,2026-08-08,CTS Analyst,"AVENGA (Agencja Pracy, nr KRAZ: 8448)",businessAnalyst,Senior,Warszawa,False,b2b,21840.0,30240.0,2026-07-24
DMQJKZ4A-2026-08-08,DMQJKZ4A,2026-08-08,Mid Back-End Java Developer,Cognitran,backend,Mid,Szczecin,True,permanent,12000.0,16000.0,2026-07-31
JNYVVUTV-2026-08-08,JNYVVUTV,2026-08-08,DORA Consultant,DCG,finance,Mid,Warszawa,False,b2b,22680.0,24360.0,2026-07-30
0V41K4PH-2026-08-08,0V41K4PH,2026-08-08,Architect/ Senior Data Engineer,Scalo,data,Senior,Warszawa,False,b2b,26544.0,28224.0,2026-07-14
0CENMHZD-2026-08-08,0CENMHZD,2026-08-08,Operator/ Operatorka wózka jezdniowego,Job Impulse,logistics,Senior,Łódź,False,permanent,6300.0,7000.0,2026-08-03
0FBXM7UP-2026-08-08,0FBXM7UP,2026-08-08,Dynamics 365 CRM Developer,1dea,erp,Senior,,True,b2b,27720.0,33600.0,2026-07-30
FPRAZOUA-2026-08-08,FPRAZOUA,2026-08-08,"Frontend Engineer | Kraków, hybryda",Antal,frontend,Senior,Kraków,False,b2b,30240.0,36960.0,2026-07-18
E4CYVWRB-2026-08-08,E4CYVWRB,2026-08-08,UX/UI Designer (dla branży inwestycyjnej),1dea,ux,Senior,Warszawa,True,b2b,22680.0,24360.0,2026-07-24
YPMRXER8-2026-08-08,YPMRXER8,2026-08-08,Full stack developer,Mindbox Sp. z o.o.,fullstack,Mid,Kraków,False,b2b,31500.0,34650.0,2026-07-24
7QWKLMFY-2026-08-08,7QWKLMFY,2026-08-08,Senior Fullstack Developer (Typescript),Square One Resources,fullstack,Senior,Warszawa,True,b2b,22680.0,26040.0,2026-07-30
RZXKJYGN-2026-08-08,RZXKJYGN,2026-08-08,XML/XSLT Template Developer,Scalo,ux,Mid,Warszawa,False,b2b,12600.0,14280.0,2026-07-22
OFRCEZWJ-2026-08-08,OFRCEZWJ,2026-08-08,Business Analyst,Scalo,businessAnalyst,Senior,Warszawa,True,b2b,19320.0,21000.0,2026-07-22
0PYH4WD9-2026-08-08,0PYH4WD9,2026-08-08,SAP Fiori Developer [M/F],Arche Solutions,erp,Mid,,True,b2b,30240.0,43680.0,2026-07-30
EGRBWOHO-2026-08-08,EGRBWOHO,2026-08-08,Junior DevOps/AI (student),Upvanta,devops,Junior,Wrocław,False,b2b,6300.0,8400.0,2026-07-30
K9BCJOPA-2026-08-08,K9BCJOPA,2026-08-08,Data Analyst - Afternoon shift,SpotOn,data,Mid,Kraków,False,permanent,12500.0,15700.0,2026-07-31
8I75CNBQ-2026-08-08,8I75CNBQ,2026-08-08,Cloud Security Assessment Specialist,Mindbox Sp. z o.o.,devops,Senior,Kraków,False,b2b,26880.0,30240.0,2026-07-12
J8XBXJ8Z-2026-08-08,J8XBXJ8Z,2026-08-08,Senior Oracle Fusion Reporting Consultant,Upvanta,erp,Senior,,True,b2b,29400.0,31500.0,2026-07-30
G2R57SQM-2026-08-08,G2R57SQM,2026-08-08,Senior QA (Manual),Scalo,testing,Senior,Warszawa,False,b2b,18480.0,20160.0,2026-07-14
K55IZVZQ-2026-08-08,K55IZVZQ,2026-08-08,TMS & DMS Consultant / Trainer m/w/d,Translogica Polska sp. z o.o.,logistics,Mid,Warszawa,False,permanent,10000.0,12000.0,2026-08-02
NEB4WBIM-2026-08-08,NEB4WBIM,2026-08-08,Solution Architect with Cloud (Azure),GFT Poland,architecture,Expert,Kraków,False,permanent,18850.0,28500.0,2026-07-31
DDCCQ5QZ-2026-08-08,DDCCQ5QZ,2026-08-08,FX Trading Systems Engineer (Java Backend),Vistulo (for a major N. American bank),backend,Senior,Kraków,True,b2b,45360.0,50400.0,2026-07-24
KR17CHEX-2026-08-08,KR17CHEX,2026-08-08,Junior DevOps Engineer,EndySoft,devops,Junior,Katowice,False,b2b,5600.0,8800.0,2026-07-24
PUPRWEQT-2026-08-08,PUPRWEQT,2026-08-08,Quality Assurance Engineer,Precursive Ltd,testing,Mid,,True,b2b,9000.0,11000.0,2026-08-05
VVVNHQV2-2026-08-08,VVVNHQV2,2026-08-08,Analityk Biznesowy,Scalo,businessAnalyst,Mid,Warszawa,False,b2b,16800.0,18480.0,2026-07-22
JFQDDU2M-2026-08-08,JFQDDU2M,2026-08-08,Scala Spark Engineer,Antal,data,Senior,Kraków,False,b2b,30240.0,36960.0,2026-07-24
CDR1FAJD-2026-08-08,CDR1FAJD,2026-08-08,Manual Tester,Scalo,testing,Mid,Warszawa,False,b2b,11760.0,13440.0,2026-07-22
CLFWCGPT-2026-08-08,CLFWCGPT,2026-08-08,DevOps Engineer,Scalo,devops,Mid,Warszawa,False,b2b,22680.0,24360.0,2026-07-22
JW4ZWM5P-2026-08-08,JW4ZWM5P,2026-08-08,AI Coach Tester,Scalo,testing,Senior,Warszawa,False,b2b,20160.0,24360.0,2026-07-31
RMGMOLRP-2026-08-08,RMGMOLRP,2026-08-08,Azure Active Directory Engineer,Citi,sysAdministrator,Senior,,False,permanent,16787.0,28146.0,2026-07-30
KWKAGWVM-2026-08-08,KWKAGWVM,2026-08-08,Product Designer,Keepit,ux,Mid,Kraków,False,permanent,13000.0,17000.0,2026-07-24
FX3LKHD1-2026-08-08,FX3LKHD1,2026-08-08,Szybki start | Praca na magazynie na jedną zmianę | Umowa o pracę + premie + dojazd,Job Impulse,logistics,Mid,Łódź,False,permanent,4800.0,5500.0,2026-08-03
HS1IDEHQ-2026-08-08,HS1IDEHQ,2026-08-08,Senior Automation Tester,Scalo,testing,Senior,Łódź,False,b2b,20160.0,21840.0,2026-07-31
NQCPQX38-2026-08-08,NQCPQX38,2026-08-08,Senior Dynamics 365 Developer,Antal,backend,Senior,Kraków,False,b2b,33600.0,40320.0,2026-07-30
T4VLLARJ-2026-08-08,T4VLLARJ,2026-08-08,Senior Asset & Lifecycle Lead (12 months),Falck Digital Technology Poland Sp. z o.o.,support,Senior,Warszawa,False,b2b,26880.0,33600.0,2026-07-24
DCQOMVFX-2026-08-08,DCQOMVFX,2026-08-08,Lead SME - Cryptography,Mindbox Sp. z o.o.,security,Senior,Kraków,False,b2b,27300.0,34650.0,2026-07-12
MDSSGVQD-2026-08-08,MDSSGVQD,2026-08-08,Analityk Biznesowy Bankowy,PKO Finat Sp. z o.o.,businessAnalyst,Mid,Warszawa,False,b2b,16800.0,23520.0,2026-07-24
KYSQV03J-2026-08-08,KYSQV03J,2026-08-08,Księgowa / Księgowy | Praca w biurze rachunkowym,Job Impulse,finance,Mid,Poznań,False,permanent,6900.0,7600.0,2026-08-03
R0HO4W0K-2026-08-08,R0HO4W0K,2026-08-08,Koordynator testów,ITFS Sp. z o.o.,testing,Mid,Warszawa,False,b2b,11760.0,15120.0,2026-08-03
BU3NSSZP-2026-08-08,BU3NSSZP,2026-08-08,Frontend Engineer,Ework Group,frontend,Senior,Warszawa,True,b2b,30240.0,32424.0,2026-07-24
8JGPPKF8-2026-08-08,8JGPPKF8,2026-08-08,Software Engineer (AI/ML),Mindbox Sp. z o.o.,backend,Mid,Kraków,False,b2b,31500.0,35700.0,2026-07-24
DKROVIUW-2026-08-08,DKROVIUW,2026-08-08,Senior Python Developer,DCG,backend,Senior,Gdańsk,False,b2b,20160.0,21840.0,2026-07-24
GPX0YNTD-2026-08-08,GPX0YNTD,2026-08-08,HR Process Transformation Manager,Square One Resources,sysAdministrator,Senior,,True,b2b,30240.0,38640.0,2026-07-24
JQUKKJ23-2026-08-08,JQUKKJ23,2026-08-08,Azure DevOps Engineer,Square One Resources,devops,Senior,Warszawa,True,b2b,21840.0,26880.0,2026-07-30
BFEKJBVP-2026-08-08,BFEKJBVP,2026-08-08,Web Developer,KAHOOT! POLAND SPÓŁKA Z OGRANICZONĄ ODPOWIEDZIALNOŚCIĄ,frontend,Mid,Wrocław,True,b2b,20160.0,22680.0,2026-07-30
TFLTLOLK-2026-08-08,TFLTLOLK,2026-08-08,Specjalista ds. Wsparcia Systemów Medycznych ,Conetso Group Sp. z o.o.,sysAdministrator,Mid,Lublin,False,b2b,6500.0,10000.0,2026-07-14
4ZBN4VEN-2026-08-08,4ZBN4VEN,2026-08-08,Business Analyst - Murex,Vistulo (for a major N. American bank),productManagement,Senior,Kraków,True,b2b,33600.0,40320.0,2026-07-31
J8Z13CFX-2026-08-08,J8Z13CFX,2026-08-08,"AVP, REGULATION MANAGEMENT COE",HSBC Technology Poland,consulting,Senior,Kraków,False,permanent,12975.0,17500.0,2026-07-24
2CE6JJIO-2026-08-08,2CE6JJIO,2026-08-08,Senior Product Engineer,CouponFollow,backend,Expert,,True,b2b,26880.0,33600.0,2026-07-31
15FFNYJG-2026-08-08,15FFNYJG,2026-08-08,Mid-level Full Stack Developer,Link Group,fullstack,Mid,Warszawa,False,b2b,18480.0,23520.0,2026-07-24
JBXXCQXM-2026-08-08,JBXXCQXM,2026-08-08,Senior Frontend Developer (Angular),Link Group,frontend,Senior,Warszawa,False,b2b,21840.0,26880.0,2026-07-24
FUSG85W8-2026-08-08,FUSG85W8,2026-08-08,Senior Java Developer,Link Group,backend,Senior,Warszawa,False,b2b,21840.0,26880.0,2026-07-24
SOKKWHLQ-2026-08-08,SOKKWHLQ,2026-08-08,Mid Java Developer,Link Group,backend,Mid,Warszawa,False,b2b,16800.0,23520.0,2026-07-24
0IMQVG9Q-2026-08-08,0IMQVG9Q,2026-08-08,Software Developer (Python),Embevity Sp. z o.o.,fullstack,Senior,Gliwice,False,permanent,13500.0,18000.0,2026-07-22
5PFUAP1N-2026-08-08,5PFUAP1N,2026-08-08,Release Manager,Ework Group,projectManager,Senior,Warszawa,False,b2b,23520.0,26880.0,2026-07-24
JVJ6ZST4-2026-08-08,JVJ6ZST4,2026-08-08,Software Engineer,Guidewire Software,frontend,Mid,Kraków,False,permanent,14000.0,15500.0,2026-07-24
4SZDRYVR-2026-08-08,4SZDRYVR,2026-08-08,Support Admin - Global Help Desk,Guidewire Software,support,Senior,Kraków,False,permanent,8000.0,11500.0,2026-07-24
7CUIA9IQ-2026-08-08,7CUIA9IQ,2026-08-08,"Platform Support Engineer, Team Lead (German speaking)",Guidewire Software,devops,Senior,Kraków,False,permanent,16000.0,18000.0,2026-07-24
3UPQ5NZV-2026-08-08,3UPQ5NZV,2026-08-08,Site Reliability Engineer II (SRE) - Guidewire Cloud Platform (Application),Guidewire Software,devops,Mid,Kraków,False,permanent,12000.0,14000.0,2026-07-24
KWD71VVL-2026-08-08,KWD71VVL,2026-08-08,Mid Software Engineer - Python,Guidewire Software,fullstack,Mid,Kraków,True,permanent,17000.0,19000.0,2026-07-24
E542KRGL-2026-08-08,E542KRGL,2026-08-08,Senior Software Engineer - Python,Guidewire Software,fullstack,Senior,Kraków,False,permanent,20000.0,24000.0,2026-07-24
NB8613UO-2026-08-08,NB8613UO,2026-08-08,Senior SAP SD Business Analyst,iTeamly,erp,Senior,Warszawa,False,b2b,35000.0,45000.0,2026-07-14
XWA3U4J0-2026-08-08,XWA3U4J0,2026-08-08,System Administrator (Linux/Unix),Scalo,sysAdministrator,Mid,Warszawa,False,b2b,16800.0,18480.0,2026-07-14
S9TLTTXD-2026-08-08,S9TLTTXD,2026-08-08,Quant Developer (Excel / Pricing Models) - Hybrid,Cantor Fitzgerald,finance,Mid,Warszawa,False,permanent,40000.0,40000.0,2026-07-31
URLBAZ5S-2026-08-08,URLBAZ5S,2026-08-08,BeyondTrust PAM & Privileged Access SME,Devire,security,Senior,,True,b2b,26880.0,31920.0,2026-07-24
TYCYH6CL-2026-08-08,TYCYH6CL,2026-08-08,DevOps Engineer (AWS/Kubernetes/ML Platform),Acaisoft Poland Sp. z o.o.,devops,Senior,Warszawa,True,b2b,28560.0,36960.0,2026-07-24
RCXUKMRF-2026-08-08,RCXUKMRF,2026-08-08,Analityk biznesowy Calypso,PKO Finat Sp. z o.o.,businessAnalyst,Mid,Warszawa,False,b2b,18480.0,23520.0,2026-07-24
ZUAVPC5A-2026-08-08,ZUAVPC5A,2026-08-08,Cobol Software Engineer,Devire,backend,Senior,Warszawa,False,b2b,26880.0,31920.0,2026-07-31
YR79YDSC-2026-08-08,YR79YDSC,2026-08-08,Cloud Fullstack Developer,Ework Group,fullstack,Senior,Kraków,False,b2b,25200.0,30240.0,2026-07-24
5BHJTS6R-2026-08-08,5BHJTS6R,2026-08-08,Cybersecurity Architect (AWS Cloud),1dea,security,Senior,Warszawa,True,b2b,28560.0,31080.0,2026-07-24
VA4UYMD3-2026-08-08,VA4UYMD3,2026-08-08,Cybersecurity Architect (MS Azure Cloud),1dea,security,Senior,Warszawa,True,b2b,28560.0,31080.0,2026-07-24
BIGSKIRV-2026-08-08,BIGSKIRV,2026-08-08,Senior PHP Software Engineer (Pimcore),Branchspace sp. z o.o.,backend,Senior,Kraków,False,b2b,18000.0,25000.0,2026-07-22
YOKONU8X-2026-08-08,YOKONU8X,2026-08-08,Senior Cybersecurity Engineer / SRE,1dea,security,Senior,Warszawa,True,b2b,24360.0,26040.0,2026-07-24
HVRSEFW6-2026-08-08,HVRSEFW6,2026-08-08,Senior Backend Engineer ,iTeamly,backend,Senior,Kraków,True,permanent,21500.0,26500.0,2026-07-14
SRYCKHMJ-2026-08-08,SRYCKHMJ,2026-08-08,Java FullStack Developer,GoPOS Sp. z o.o.,fullstack,Senior,Kraków,False,b2b,24000.0,28000.0,2026-07-30
BDLBFJ28-2026-08-08,BDLBFJ28,2026-08-08,Senior Azure Engineer,Square One Resources,mobile,Senior,,True,b2b,16800.0,20160.0,2026-07-24
K1FEC842-2026-08-08,K1FEC842,2026-08-08,Embedded Linux / CODESYS Control Developer ,Square One Resources,embedded,Senior,,True,b2b,20160.0,25200.0,2026-07-24
UPYZV8FZ-2026-08-08,UPYZV8FZ,2026-08-08,Senior Electronics Engineer,Autonomy Now Sp.Z.o.o.,electricalEng,Senior,Warszawa,False,b2b,18000.0,22000.0,2026-07-14
HJZNHPTO-2026-08-08,HJZNHPTO,2026-08-08,"Senior/Lead Developer (React, Java)",iTeamly,fullstack,Senior,,True,b2b,13000.0,22500.0,2026-07-22
XBQY67BC-2026-08-08,XBQY67BC,2026-08-08,QA Architect,Devire,testing,Senior,,True,b2b,22680.0,25200.0,2026-07-31
CMESNRRH-2026-08-08,CMESNRRH,2026-08-08,Senior QA Automation Engineer (K/M),ASTEK Polska,testing,Senior,Warszawa,True,b2b,18900.0,23100.0,2026-07-18
VXZ9X9XV-2026-08-08,VXZ9X9XV,2026-08-08,Senior MS SQL DBA/Database Engineer,Devire,data,Senior,,True,b2b,25200.0,28560.0,2026-07-31
NOYDVODW-2026-08-08,NOYDVODW,2026-08-08,Frontend Developer (React),MindPal Sp. z o. o.,frontend,Mid,Gliwice,False,b2b,10000.0,12000.0,2026-07-24
ZP2SOHZU-2026-08-08,ZP2SOHZU,2026-08-08,Software Engineer with Python,Link Group,architecture,Senior,Warszawa,False,permanent,33000.0,42000.0,2026-07-31
RMSFNGED-2026-08-08,RMSFNGED,2026-08-08,Oracle Developer,Ework Group,backend,Senior,Warszawa,False,b2b,21840.0,29400.0,2026-07-30
RKP5ZRF4-2026-08-08,RKP5ZRF4,2026-08-08,Remote iOS Developer - IoT and BLE,Mood Up,mobile,Mid,Poznań,True,b2b,14000.0,21000.0,2026-07-31
DC6MG4ZU-2026-08-08,DC6MG4ZU,2026-08-08,Java Senior Developer,Radbrackets Sp. z o.o.,backend,Senior,,True,b2b,23520.0,30240.0,2026-07-14
3JEJZI17-2026-08-08,3JEJZI17,2026-08-08,Specjalista/ka ds. administracji,Consdata,officeAdministration,Mid,Poznań,False,permanent,6000.0,8000.0,2026-07-31
HJK3LAFK-2026-08-08,HJK3LAFK,2026-08-08,Head of business operations / Dyrektor/ka ds. operacji biznesowych ,Consdata,finance,Senior,Poznań,False,b2b,13000.0,19800.0,2026-07-31
X2LL67IE-2026-08-08,X2LL67IE,2026-08-08,Engineering Lead/Solution Architect,Square One Resources,architecture,Senior,,True,b2b,30240.0,36960.0,2026-07-24
YOPIHWUP-2026-08-08,YOPIHWUP,2026-08-08,Specjalista_ka ds. Kadr i Płac,Polska Akcja Humanitarna,hr,Mid,Warszawa,False,permanent,8500.0,9500.0,2026-07-09
Y7STNNLG-2026-08-08,Y7STNNLG,2026-08-08,Backend Developer / API Engineer,ITFS Sp. z o.o.,backend,Senior,Warszawa,True,b2b,25200.0,30240.0,2026-07-31
FJ5MQZFY-2026-08-08,FJ5MQZFY,2026-08-08,Senior Machine Learning Engineer,Air Space Intelligence,artificialIntelligence,Senior,Gdańsk,False,b2b,35100.0,46800.0,2026-07-24
RDYNGLJN-2026-08-08,RDYNGLJN,2026-08-08,Senior Frontend Developer,Air Space Intelligence,frontend,Senior,Gdańsk,False,b2b,35100.0,35100.0,2026-07-24
AEJMMCHI-2026-08-08,AEJMMCHI,2026-08-08,Senior Software Engineer,Air Space Intelligence,backend,Senior,Gdańsk,False,b2b,35100.0,46800.0,2026-07-24
XDER6APH-2026-08-08,XDER6APH,2026-08-08,Senior Cloud Platform Engineer,Air Space Intelligence,devops,Senior,Gdańsk,False,b2b,35100.0,46800.0,2026-07-24
1JKQSSFM-2026-08-08,1JKQSSFM,2026-08-08,Staff Engineer,Air Space Intelligence,backend,Expert,Gdańsk,False,b2b,46800.0,46800.0,2026-07-24
WSDWJ49Y-2026-08-08,WSDWJ49Y,2026-08-08,Implementation Analyst (Payments / Acceptance Solutions),Michael Page,businessAnalyst,Mid,Warszawa,False,permanent,14000.0,16000.0,2026-07-30
OYU7GL2I-2026-08-08,OYU7GL2I,2026-08-08,Azure Virtual Desktop (AVD) Engineer,Michael Page,devops,Mid,Gdańsk,False,permanent,24000.0,32000.0,2026-07-30
OIONEKLY-2026-08-08,OIONEKLY,2026-08-08,Analityk Biznesowy,Connectis_,businessAnalyst,Senior,Warszawa,False,b2b,21000.0,25000.0,2026-07-24
12GOPT76-2026-08-08,12GOPT76,2026-08-08,"Tech Lead (AWS, Python) - IT Contracting",Michael Page,backend,Expert,Warszawa,True,b2b,28560.0,33600.0,2026-07-30
0NNRTE5Z-2026-08-08,0NNRTE5Z,2026-08-08,Senior Product Manager,Michael Page,productManagement,Senior,International,True,b2b,20000.0,25000.0,2026-07-30
PV5VWOYT-2026-08-08,PV5VWOYT,2026-08-08,Senior Fullstack Developer (Greenfield & AI),j-labs software specialist,fullstack,Senior,Kraków,False,b2b,25200.0,30240.0,2026-07-30
EYGYRVKW-2026-08-08,EYGYRVKW,2026-08-08,Devops Engineer,Connectis_,devops,Mid,Warszawa,True,b2b,23520.0,26040.0,2026-07-24
OCLSLDLD-2026-08-08,OCLSLDLD,2026-08-08,C Software Engineer with experience in Python,CodiLime,backend,Senior,Warszawa,True,b2b,18000.0,22000.0,2026-07-24
CMQW7KNX-2026-08-08,CMQW7KNX,2026-08-08,DevOps Engineer (Disaster Recovery & Automation),Upvanta,devops,Mid,,True,b2b,23100.0,30450.0,2026-07-22
GYI5SR3P-2026-08-08,GYI5SR3P,2026-08-08,Python Developer,Connectis_,backend,Mid,,True,b2b,25200.0,26040.0,2026-07-24
LKGSXJ5H-2026-08-08,LKGSXJ5H,2026-08-08,Technical Product Manager,CKSource,productManagement,Mid,Poznań,True,b2b,22000.0,28000.0,2026-07-24
IH3WZ2GH-2026-08-08,IH3WZ2GH,2026-08-08,Frontend Developer (React),MindPal Sp. z o. o.,frontend,Junior,Gliwice,False,b2b,8000.0,11000.0,2026-07-24
NYFTTTVD-2026-08-08,NYFTTTVD,2026-08-08,Sales Manager,Sopra Steria Poland,sales,Mid,Katowice,True,permanent,15000.0,16000.0,2026-07-14
OMOCLZOM-2026-08-08,OMOCLZOM,2026-08-08,Senior ERP Project Manager,Sopra Steria Poland,erp,Senior,Katowice,False,b2b,20160.0,30240.0,2026-07-14
9YGRPD8X-2026-08-08,9YGRPD8X,2026-08-08,Lider Techniczny / System Architect,Pragmile,backend,Expert,Warszawa,False,b2b,33600.0,36960.0,2026-07-22
T4WRANDS-2026-08-08,T4WRANDS,2026-08-08,Android Developer,XTB,mobile,Mid,Warszawa,True,permanent,15300.0,19400.0,2026-07-30
HSYDGODH-2026-08-08,HSYDGODH,2026-08-08,Senior Full-Stack Developer (React Native & Node.js) | Short-Term B2B Freelance,STX Next,fullstack,Senior,,True,b2b,15120.0,25200.0,2026-07-24
8OLTWYCY-2026-08-08,8OLTWYCY,2026-08-08,Business Analyst,Square One Resources,businessAnalyst,Mid,Warszawa,True,b2b,15120.0,20160.0,2026-07-30
C9AD8JTT-2026-08-08,C9AD8JTT,2026-08-08,Vendor Manager Analyst,Mindbox Sp. z o.o.,data,Senior,Kraków,False,b2b,17850.0,21000.0,2026-07-30
QTNKRAPJ-2026-08-08,QTNKRAPJ,2026-08-08,Project Manager,Mindbox Sp. z o.o.,projectManager,Senior,Kraków,False,b2b,21000.0,27300.0,2026-07-30
MXNW1T8R-2026-08-08,MXNW1T8R,2026-08-08,Senior Software Engineer (Level 5),Software Mansion,mobile,Senior,Kraków,False,b2b,24000.0,31500.0,2026-07-22
MDK1NI2R-2026-08-08,MDK1NI2R,2026-08-08,Senior Fullstack Developer,Diverse CG Sp. z o.o. Sp.k.,fullstack,Senior,Warszawa,True,b2b,25200.0,27720.0,2026-07-30
NKL3SQIH-2026-08-08,NKL3SQIH,2026-08-08,Software Golang Engineer (Kubernetes),Gcore,backend,Senior,Kraków,True,permanent,16500.0,16500.0,2026-07-22
JB7RRPDS-2026-08-08,JB7RRPDS,2026-08-08,Lider zmiany (K/M),Audit HR,logistics,Mid,Międzyrzecz,False,permanent,9000.0,11000.0,2026-07-31
KSXCD7QZ-2026-08-08,KSXCD7QZ,2026-08-08,Ślusarz narzędziowy (K/M),Audit HR,mechanics,Mid,Kostrzyn nad Odrą,False,permanent,9000.0,15000.0,2026-07-31
FHZQNY5S-2026-08-08,FHZQNY5S,2026-08-08,Business Analyst,"AVENGA (Agencja Pracy, nr KRAZ: 8448)",businessAnalyst,Mid,,True,b2b,18480.0,20160.0,2026-07-31
NX1AQHRX-2026-08-08,NX1AQHRX,2026-08-08,Tooling Engineer (K/M),Audit HR,mechanics,Mid,Gorzów Wielkopolski,False,permanent,8000.0,11000.0,2026-07-31
VZCP80K4-2026-08-08,VZCP80K4,2026-08-08,Specjalista ds. Utrzymania Systemów,Programa Software House sp. z o.o.,support,Mid,Poznań,False,permanent,10000.0,12000.0,2026-07-22
7CRPSIRY-2026-08-08,7CRPSIRY,2026-08-08,Quantum PMO Lead,Mindbox Sp. z o.o.,projectManager,Expert,Kraków,False,b2b,25200.0,32550.0,2026-07-24
BQNTSHDP-2026-08-08,BQNTSHDP,2026-08-08,Android Developer,Mindbox Sp. z o.o.,mobile,Senior,Kraków,False,b2b,29400.0,34650.0,2026-07-24
XKMS8BCH-2026-08-08,XKMS8BCH,2026-08-08,Tech Lead DevOps (Cloud),GFT Poland,devops,Expert,Kraków,False,permanent,18900.0,28900.0,2026-07-24
CMAY9M0G-2026-08-08,CMAY9M0G,2026-08-08,Architekt Systemowy,apreel Sp. z o.o.,architecture,Mid,Warszawa,False,b2b,27720.0,31080.0,2026-07-24
QISTKXFY-2026-08-08,QISTKXFY,2026-08-08,Senior Android Developera (Kotlin) – Start ASAP!,Upvanta,mobile,Senior,,True,b2b,23520.0,26880.0,2026-07-30
XKC29VUP-2026-08-08,XKC29VUP,2026-08-08,Junior Software Engineer – Data & Profile Integration (m/f/d),ALM Services Technology Group,data,Junior,Wrocław,True,b2b,7000.0,11000.0,2026-07-22
28TXPSSK-2026-08-08,28TXPSSK,2026-08-08,Key User Microsoft Dynamics 365,Michael Page,support,Mid,Warszawa,True,b2b,15120.0,17640.0,2026-07-30
D90S0CQ4-2026-08-08,D90S0CQ4,2026-08-08,Lead Data Engineer (GCP / PySpark),Michael Page,data,Expert,Warszawa,True,b2b,28560.0,31920.0,2026-07-30
3P8MOGGS-2026-08-08,3P8MOGGS,2026-08-08,Security Analyst - Incident Response & Threat Intelligence,Michael Page,security,Mid,Warszawa,True,b2b,13440.0,18984.0,2026-07-30
TMROSTVK-2026-08-08,TMROSTVK,2026-08-08,Senior Threat Intelligence & Incident Response Analyst,Michael Page,security,Senior,Warszawa,False,b2b,20160.0,25200.0,2026-07-30
U7G0OI8Y-2026-08-08,U7G0OI8Y,2026-08-08,ServiceNow Platform Architect - IT Contracting,Michael Page,architecture,Expert,Warszawa,True,b2b,28560.0,36960.0,2026-07-30
FPCYOCVW-2026-08-08,FPCYOCVW,2026-08-08,GCP Data Engineer (m/k) - IT Contracting,Michael Page,data,Senior,Warszawa,True,b2b,20160.0,24360.0,2026-07-30
CARVDNKO-2026-08-08,CARVDNKO,2026-08-08,Architect MS Dynamics 365 (m/k) - IT Contracting,Michael Page,architecture,Expert,Warszawa,True,b2b,28560.0,30240.0,2026-07-30
TTEQIUNX-2026-08-08,TTEQIUNX,2026-08-08,Automation Development Engineer (m/k) - IT Contracting,Michael Page,sysAdministrator,Senior,Warszawa,False,b2b,15120.0,18480.0,2026-07-30
5QJ1JC1L-2026-08-08,5QJ1JC1L,2026-08-08,Data Protection & Privacy Manager,Michael Page,security,Senior,Warszawa,True,b2b,26880.0,32760.0,2026-07-30
SSMLRGEO-2026-08-08,SSMLRGEO,2026-08-08,Salesforce Functional Consultant (m/k) - IT Contracting,Michael Page,erp,Mid,Warszawa,True,b2b,23520.0,30240.0,2026-07-30
DEEWYYH0-2026-08-08,DEEWYYH0,2026-08-08,Business Analyst,Michael Page,businessAnalyst,Mid,Warszawa,True,b2b,28560.0,32760.0,2026-07-30
WBMR46OH-2026-08-08,WBMR46OH,2026-08-08,Third Party Risk Assessor,Michael Page,security,Mid,Warszawa,True,b2b,23520.0,27720.0,2026-07-30
JKAQBEJC-2026-08-08,JKAQBEJC,2026-08-08,AI Engineer,Michael Page,artificialIntelligence,Mid,Warszawa,True,b2b,20160.0,24864.0,2026-07-30
ZRSY46ZN-2026-08-08,ZRSY46ZN,2026-08-08,AI Production Process Engineer - IT Contracting,Michael Page,backend,Senior,Warszawa,True,b2b,20160.0,25200.0,2026-07-30
BASWEDZ9-2026-08-08,BASWEDZ9,2026-08-08,Senior Software Architect,Michael Page,architecture,Senior,Katowice,False,b2b,28000.0,35000.0,2026-07-30
CMYNWTCE-2026-08-08,CMYNWTCE,2026-08-08,Mid/Senior Kubernetes Engineer,Michael Page,devops,Mid,Wrocław,False,permanent,15000.0,23500.0,2026-07-30
ELU9S9YT-2026-08-08,ELU9S9YT,2026-08-08,SAP Basis Administrator with German (Part-time),Michael Page,erp,Senior,Wrocław,True,b2b,33600.0,42000.0,2026-07-30
ZJTRZVMG-2026-08-08,ZJTRZVMG,2026-08-08,Platform Engineer - IT Contracting,Michael Page,devops,Mid,Warszawa,False,b2b,21000.0,24360.0,2026-07-30
RU9TLYSG-2026-08-08,RU9TLYSG,2026-08-08,Tableau Visualisation Engineer - IT Contracting,Michael Page,businessIntelligence,Mid,International,False,b2b,20160.0,23520.0,2026-07-30
75QB9MWP-2026-08-08,75QB9MWP,2026-08-08,Adobe Analytics Specialist - IT Contracting,Michael Page,data,Mid,International,False,b2b,18480.0,22680.0,2026-07-30
60U2WXDD-2026-08-08,60U2WXDD,2026-08-08,Senior Project Manager (General & Administrative),Michael Page,projectManager,Senior,Warszawa,False,b2b,23520.0,30240.0,2026-07-30
EH3OVCNK-2026-08-08,EH3OVCNK,2026-08-08,QA with Retail Marketing / Commerce experience,Michael Page,testing,Mid,Warszawa,True,b2b,16800.0,23520.0,2026-07-30
UXUT3A41-2026-08-08,UXUT3A41,2026-08-08,Python Test Architecture Engineer - IT Contracting,Michael Page,testing,Senior,International,False,b2b,18480.0,25200.0,2026-07-30
I2PLLZXU-2026-08-08,I2PLLZXU,2026-08-08,Observability Engineer - IT Contracting,Michael Page,backend,Mid,Warszawa,False,b2b,21000.0,24360.0,2026-07-30
YRJNXMCX-2026-08-08,YRJNXMCX,2026-08-08,EUC (End User Computing) Engineer,Michael Page,support,Mid,Gdańsk,True,permanent,16000.0,21000.0,2026-07-30
JLQQUR1Y-2026-08-08,JLQQUR1Y,2026-08-08,SAP EWM Consultant - IT Contracting,Michael Page,erp,Senior,Warszawa,True,b2b,23520.0,27720.0,2026-07-30
GHOZ9PUQ-2026-08-08,GHOZ9PUQ,2026-08-08,Salesforce Admin CPQ - IT Contracting,Michael Page,sysAdministrator,Senior,International,False,b2b,25200.0,33600.0,2026-07-30
RNJT1ZG8-2026-08-08,RNJT1ZG8,2026-08-08,Service Desk Agent with German,Michael Page,support,Junior,Warszawa,False,b2b,15120.0,20160.0,2026-07-30
H1RMKTIN-2026-08-08,H1RMKTIN,2026-08-08,Zendesk Architect - IT Contracting,Michael Page,architecture,Expert,International,False,b2b,28560.0,47040.0,2026-07-30
QYAK6LOQ-2026-08-08,QYAK6LOQ,2026-08-08,SAP FI Product Owner (I2P - Invoice to Pay),Michael Page,erp,Senior,Warszawa,True,permanent,22000.0,28000.0,2026-07-30
1ESOW9UB-2026-08-08,1ESOW9UB,2026-08-08,Backup Architect - Rubrik,Michael Page,architecture,Expert,Warszawa,False,b2b,40320.0,45360.0,2026-07-30
P92UIEH0-2026-08-08,P92UIEH0,2026-08-08,SAP HCM / HXM Business Analyst,Michael Page,businessAnalyst,Senior,Warszawa,True,b2b,28560.0,32760.0,2026-07-30
JOU1PSNV-2026-08-08,JOU1PSNV,2026-08-08,Tech Lead - IT Contracting,Michael Page,backend,Expert,Warszawa,True,b2b,28560.0,31920.0,2026-07-30
NUXLJXK4-2026-08-08,NUXLJXK4,2026-08-08,Senior Embedded Developer - IT Contracting,Michael Page,embedded,Senior,International,False,b2b,23520.0,27720.0,2026-07-30
D5XIVGMV-2026-08-08,D5XIVGMV,2026-08-08,Guidewire PolicyCenter Developer - IT Contracting,Michael Page,backend,Senior,Warszawa,True,b2b,20160.0,26880.0,2026-07-30
EX0JN1CJ-2026-08-08,EX0JN1CJ,2026-08-08,QA Automation Specialist - IT Contracting,Michael Page,testing,Senior,Warszawa,True,b2b,16800.0,26040.0,2026-07-30
TS9VB7XQ-2026-08-08,TS9VB7XQ,2026-08-08,DORA Consultant - IT Consulting,Michael Page,security,Senior,Warszawa,True,b2b,23520.0,31920.0,2026-07-30
4OQFLA2E-2026-08-08,4OQFLA2E,2026-08-08,(Senior) Snowflake Data Engineer - IT Contracting,Michael Page,data,Senior,Warszawa,True,b2b,21840.0,31920.0,2026-07-30
OTNPJD7D-2026-08-08,OTNPJD7D,2026-08-08,Salesforce Engineer - IT Contracting,Michael Page,backend,Senior,Warszawa,True,b2b,23520.0,26880.0,2026-07-30
AQS2ZTYG-2026-08-08,AQS2ZTYG,2026-08-08,AI Engineer - IT Contracting,Michael Page,artificialIntelligence,Senior,Warszawa,False,b2b,21840.0,26880.0,2026-07-30
NCDZRZQP-2026-08-08,NCDZRZQP,2026-08-08,Python Developer ,DCG,backend,Senior,Warszawa,False,b2b,23520.0,26040.0,2026-07-30
1UXNOHS0-2026-08-08,1UXNOHS0,2026-08-08,"Embedded Firmware Engineer (Wrocław) (m,k,n)",Upvanta,embedded,Mid,Wrocław,False,b2b,19320.0,21840.0,2026-07-22
LB5FC3GU-2026-08-08,LB5FC3GU,2026-08-08,Specjalista_ka ds. Kadr i Płac,Polska Akcja Humanitarna,finance,Mid,Warszawa,False,permanent,8500.0,9500.0,2026-07-14
BTMFFUKQ-2026-08-08,BTMFFUKQ,2026-08-08,Performance Marketing Specialist,Xopero Software,marketing,Mid,Gorzów Wielkopolski,True,b2b,10920.0,14952.0,2026-07-24
TOJLFZGR-2026-08-08,TOJLFZGR,2026-08-08,Junior/Regular Test Automation Engineer - Talent Pool,Transition Technologies PSC,testing,Mid,Wrocław,True,b2b,10920.0,15120.0,2026-07-31
J8HAPZ8Y-2026-08-08,J8HAPZ8Y,2026-08-08,Java Solution Architect (Bloomreach),1dea,fullstack,Expert,,True,b2b,30240.0,36960.0,2026-07-30
KA95LK1X-2026-08-08,KA95LK1X,2026-08-08,Senior DevOps / Integration Engineer,Square One Resources,devops,Senior,Warszawa,True,b2b,27720.0,29400.0,2026-07-24
DOTCKBP1-2026-08-08,DOTCKBP1,2026-08-08,Business - System Analyst,Scalo,data,Mid,,True,b2b,18480.0,20160.0,2026-07-31
6IEZXVMR-2026-08-08,6IEZXVMR,2026-08-08,Data Engineer,Scalo,data,Senior,Warszawa,False,b2b,23520.0,25200.0,2026-07-31
NNEYDHIR-2026-08-08,NNEYDHIR,2026-08-08,QA Automation Tester (Java),Scalo,backend,Mid,Poznań,True,b2b,15120.0,16800.0,2026-07-14
XFF4RRUA-2026-08-08,XFF4RRUA,2026-08-08,Procurement Senior Analyst,Mindbox Sp. z o.o.,data,Senior,Warszawa,False,b2b,21000.0,24150.0,2026-07-24
QEHDKOXR-2026-08-08,QEHDKOXR,2026-08-08,Frontend Developer (React),Kalamba Games,frontend,Mid,Kraków,False,permanent,8000.0,12000.0,2026-07-22
AKTGLIDS-2026-08-08,AKTGLIDS,2026-08-08,Senior Experience Designer,Motorola Solutions Systems Polska,ux,Senior,Kraków,False,permanent,13000.0,15000.0,2026-07-14
LPAECBL3-2026-08-08,LPAECBL3,2026-08-08,Receptionist,Lingaro,officeAdministration,Junior,Warszawa,False,permanent,5700.0,6500.0,2026-07-24
LKIHV2Z2-2026-08-08,LKIHV2Z2,2026-08-08,Mid | Senior DevOps Engineer,1dea,devops,Senior,Warszawa,True,permanent,25000.0,30000.0,2026-07-24
Z081SRRR-2026-08-08,Z081SRRR,2026-08-08,Product Owner (AI),Sopra Steria Poland,productManagement,Senior,Katowice,False,b2b,22680.0,31920.0,2026-07-22
5O0PWFWW-2026-08-08,5O0PWFWW,2026-08-08,Automation Software Tester ,ista Technologies Poland,testing,Mid,Gliwice,False,permanent,12000.0,16000.0,2026-07-24
00CBYJBM-2026-08-08,00CBYJBM,2026-08-08,Sales Director,Verita HR Polska Sp. z o.o.,sales,Senior,Warszawa,False,permanent,25000.0,30000.0,2026-07-30
JVGUFDAQ-2026-08-08,JVGUFDAQ,2026-08-08,Backed Developer PL/SQL,ista Technologies Poland,backend,Mid,Gliwice,False,permanent,17000.0,21000.0,2026-07-24
0JQYXOC9-2026-08-08,0JQYXOC9,2026-08-08,SRE Senior Engineer,Motorola Solutions Systems Polska,devops,Senior,Kraków,False,permanent,17000.0,20000.0,2026-07-30
QJKKXBKV-2026-08-08,QJKKXBKV,2026-08-08,"Senior Data Engineer (Data, Analytics & AI)","AVENGA (Agencja Pracy, nr KRAZ: 8448)",data,Senior,,True,b2b,25200.0,27720.0,2026-07-24
DSMYZFY7-2026-08-08,DSMYZFY7,2026-08-08,Senior Information Security Engineer,SmartRecruiters Inc.,security,Senior,Kraków,True,permanent,13300.0,20000.0,2026-07-14
BDKLU7WM-2026-08-08,BDKLU7WM,2026-08-08,Senior AI/ML Python Engineer,j-labs software specialist,backend,Expert,Kraków,False,b2b,31920.0,35280.0,2026-07-30
4KJN45ZA-2026-08-08,4KJN45ZA,2026-08-08,Data & Agile Delivery Analyst,Ework Group,data,Mid,Wrocław,False,b2b,18480.0,22680.0,2026-07-30
YLYOP8FS-2026-08-08,YLYOP8FS,2026-08-08,Senior Python ETL Developer,Devire,data,Senior,,True,b2b,21000.0,25200.0,2026-07-31
KRHPISHX-2026-08-08,KRHPISHX,2026-08-08,"Software Development Engineer II, UFA",Remitly Poland sp. z o.o.,backend,Mid,Kraków,False,permanent,20000.0,23000.0,2026-07-31
RSS69NE3-2026-08-08,RSS69NE3,2026-08-08,Mid DevOps Engineer (AWS),Acaisoft,devops,Mid,Warszawa,True,b2b,11760.0,15120.0,2026-07-31
LTBPNU3K-2026-08-08,LTBPNU3K,2026-08-08,"Software Development Engineer II, UFA",Remitly Poland sp. z o.o.,backend,Mid,Kraków,False,permanent,20000.0,23000.0,2026-07-31
NTB8URQD-2026-08-08,NTB8URQD,2026-08-08,IT Delivery Lead,Devire,projectManager,Senior,,True,b2b,25200.0,33600.0,2026-07-31
4USEQUVQ-2026-08-08,4USEQUVQ,2026-08-08,Senior Java Engineer,1dea,backend,Senior,Kraków,False,b2b,30000.0,42000.0,2026-07-24
VNXPMMZO-2026-08-08,VNXPMMZO,2026-08-08,MES - Deweloper K/M,ASTEK Polska,backend,Mid,Warszawa,False,b2b,21840.0,23520.0,2026-07-30
4JWBCUZ4-2026-08-08,4JWBCUZ4,2026-08-08,Team Leader for Cybersecurity,Link Group,security,Senior,Kraków,False,permanent,20000.0,23000.0,2026-07-24
TBN6QWNR-2026-08-08,TBN6QWNR,2026-08-08,Tech Lead Java&Angular,Link Group,fullstack,Senior,Warszawa,False,permanent,24000.0,30000.0,2026-07-24
9W4QBGGG-2026-08-08,9W4QBGGG,2026-08-08,Software Developer (Java & Angular),Link Group,fullstack,Senior,Warszawa,False,b2b,20160.0,26880.0,2026-07-24
LUALUJLZ-2026-08-08,LUALUJLZ,2026-08-08,Global Penetration Testing Manager,Link Group,security,Senior,Kraków,False,permanent,26000.0,33000.0,2026-07-24
KMQXHTMV-2026-08-08,KMQXHTMV,2026-08-08,Java Architect / Tech Lead,Ework Group,architecture,Senior,Warszawa,False,b2b,28560.0,33600.0,2026-07-24
KNRGCYHQ-2026-08-08,KNRGCYHQ,2026-08-08,Content Marketing Analyst,ITFS Sp. z o.o.,marketing,Mid,,True,b2b,6720.0,9240.0,2026-07-22
STNUAGHC-2026-08-08,STNUAGHC,2026-08-08,Senior Java Developer,Devire,backend,Senior,Warszawa,False,b2b,30240.0,36960.0,2026-07-31
SITKPVSL-2026-08-08,SITKPVSL,2026-08-08,Design Engineer,Sybilla Technologies Sp. z o.o.,ux,Mid,Zielonka,False,permanent,8000.0,14000.0,2026-07-22
CX5UWLLO-2026-08-08,CX5UWLLO,2026-08-08,Senior Project Manager,Square One Resources,projectManager,Expert,Warszawa,True,b2b,23520.0,26040.0,2026-07-24
BORWXQI1-2026-08-08,BORWXQI1,2026-08-08,Python Developer/Quantitative Developer,Link Group,data,Senior,Warszawa,False,permanent,22000.0,30000.0,2026-07-30
5SSCWHWZ-2026-08-08,5SSCWHWZ,2026-08-08,Mainframe Support Engineer,Ework Group,support,Mid,Gdańsk,False,b2b,16800.0,22680.0,2026-07-24
2Y7RFAYF-2026-08-08,2Y7RFAYF,2026-08-08,QA and SDLC Control Analyst,Mindbox Sp. z o.o.,businessAnalyst,Senior,Kraków,False,b2b,23100.0,29400.0,2026-07-30
G7DFYGFQ-2026-08-08,G7DFYGFQ,2026-08-08,TPSA Senior Consultant,Mindbox Sp. z o.o.,security,Senior,Kraków,False,b2b,29400.0,34650.0,2026-07-30
DFR9DBSD-2026-08-08,DFR9DBSD,2026-08-08,Juniopr Backend Developer,Kalamba Games,backend,Junior,Kraków,False,permanent,6000.0,10000.0,2026-07-22
9G8IAAKB-2026-08-08,9G8IAAKB,2026-08-08,Senior .NET Full Stack Developer,1dea,fullstack,Senior,Warszawa,False,permanent,20000.0,28000.0,2026-07-30
EWFGGJQD-2026-08-08,EWFGGJQD,2026-08-08,CyberSecurity Vulnerability Analyst,ITFS Sp. z o.o.,security,Senior,Warszawa,False,b2b,31920.0,35280.0,2026-07-31
TUE3PLVR-2026-08-08,TUE3PLVR,2026-08-08,Delivery Manager in Data&AI,Elitmind,artificialIntelligence,Mid,Warszawa,True,b2b,25200.0,33600.0,2026-07-22
FX0R0HZV-2026-08-08,FX0R0HZV,2026-08-08,Senior IT Procurement Manager (Network and Telecom),Link Group,other,Senior,,True,b2b,26880.0,31920.0,2026-07-24
RSRKVXZU-2026-08-08,RSRKVXZU,2026-08-08,"Remote Video Editor for FB/Meta, YT & Social Ads - TY Media",Blisso Pet,marketing,Mid,,True,permanent,7464.0,9331.0,2026-07-22
IFFD3FBP-2026-08-08,IFFD3FBP,2026-08-08,Remote Leader for Premium Remote Work + Travel Community (global travel required),WiFi Tribe,marketing,Mid,,True,permanent,5598.0,5598.0,2026-07-22
DJKETDK4-2026-08-08,DJKETDK4,2026-08-08,Remote Head of Design,Garden3d,ux,Mid,,True,permanent,68880.0,68880.0,2026-07-22
3MGC0CFL-2026-08-08,3MGC0CFL,2026-08-08,IAM Project Manager,Link Group,projectManager,Senior,,True,b2b,25200.0,27720.0,2026-07-24
9YYIFKHP-2026-08-08,9YYIFKHP,2026-08-08,Remote Head of Marketing & Communications,Garden3d,marketing,Mid,,True,permanent,46872.0,75096.0,2026-07-22
KBDL3VEO-2026-08-08,KBDL3VEO,2026-08-08,Senior Product Owner,Shiji Poland,productManagement,Senior,Katowice,False,permanent,18000.0,22000.0,2026-07-31
YI2DCWOM-2026-08-08,YI2DCWOM,2026-08-08,Sales Engineer with German ,DCG,sales,Mid,,True,b2b,18000.0,22000.0,2026-07-24
IEQGS66P-2026-08-08,IEQGS66P,2026-08-08,Senior Software Developer,Shiji Poland,fullstack,Senior,Katowice,False,permanent,16500.0,21000.0,2026-07-31
LDE2UQYW-2026-08-08,LDE2UQYW,2026-08-08,IT Recruitment & Delivery Partner,iTeamly,hr,Mid,Kraków,True,b2b,5000.0,9000.0,2026-07-14
KOJULIL2-2026-08-08,KOJULIL2,2026-08-08,Senior Product Manager - Identity Security (m/f/n),ESET,productManagement,Senior,Kraków,False,permanent,25000.0,30000.0,2026-07-31
PLKIXNZG-2026-08-08,PLKIXNZG,2026-08-08,Java Developer,Scalo,backend,Mid,Warszawa,False,b2b,23520.0,25200.0,2026-07-31
IQ9DC3SK-2026-08-08,IQ9DC3SK,2026-08-08,System Analyst,Scalo,data,Senior,Poznań,False,b2b,21840.0,23520.0,2026-07-14
ZPW0IH9S-2026-08-08,ZPW0IH9S,2026-08-08,Influencer Marketing Manager,BLUEBINARY,marketing,Mid,Wrocław,True,b2b,10000.0,13000.0,2026-07-29
D5SYB3DB-2026-08-08,D5SYB3DB,2026-08-08,Product Growth Manager,BLUEBINARY,productManagement,Senior,Wrocław,True,b2b,16000.0,22000.0,2026-07-29
DQKCGABJ-2026-08-08,DQKCGABJ,2026-08-08,Dataflow Engineer,Mindbox Sp. z o.o.,data,Mid,Kraków,False,b2b,24150.0,27300.0,2026-07-29
HPURQSSK-2026-08-08,HPURQSSK,2026-08-08,Software Engineer,Mindbox Sp. z o.o.,backend,Mid,Kraków,False,b2b,23100.0,27930.0,2026-07-29
66T4AGEF-2026-08-08,66T4AGEF,2026-08-08,Senior AI Platform Engineer,XTB,artificialIntelligence,Senior,Warszawa,True,permanent,20400.0,25900.0,2026-07-29
JHJ1SBN5-2026-08-08,JHJ1SBN5,2026-08-08,Program Test Director – SAP | UAT | Remote,Upvanta,testing,Senior,,True,b2b,38000.0,44000.0,2026-07-29
UDYTPJAE-2026-08-08,UDYTPJAE,2026-08-08,Konsultant/ka ds. systemów ERP (Mid/ Senior),Bidfood Farutex,erp,Mid,Wrocław,False,permanent,10000.0,20000.0,2026-07-11
RP18TW1P-2026-08-08,RP18TW1P,2026-08-08,Frontend Developer (Angular),Upvanta,frontend,Senior,Wrocław,False,b2b,21000.0,23100.0,2026-07-29
07CAAPQG-2026-08-08,07CAAPQG,2026-08-08,Python/ AI Developer,apreel Sp. z o.o.,backend,Mid,Warszawa,False,b2b,20160.0,23520.0,2026-07-29
81SDVLPY-2026-08-08,81SDVLPY,2026-08-08,Game Economy Designer,BLUEBINARY,ux,Senior,Wrocław,True,b2b,16000.0,26000.0,2026-07-29
62WSLC5N-2026-08-08,62WSLC5N,2026-08-08,"Specjalista ds. bezpieczeństwa Cloudflare (K,M,N)",BLUEBINARY,security,Mid,Wrocław,True,b2b,29400.0,42000.0,2026-07-29
KDY8W6XY-2026-08-08,KDY8W6XY,2026-08-08,Senior Data Engineer (Python / Apache Spark / Azure),Square One Resources,data,Senior,Warszawa,True,b2b,25200.0,28560.0,2026-07-29
HDA4IFOY-2026-08-08,HDA4IFOY,2026-08-08,Senior DevOps Engineer – API Management Platform,DCG sp. z o.o.,devops,Senior,Gdańsk,False,b2b,21840.0,30240.0,2026-07-11
KRBPGRO9-2026-08-08,KRBPGRO9,2026-08-08,Fullstack Developer,Antal,fullstack,Senior,Kraków,False,b2b,26880.0,35280.0,2026-07-29
KNHRCCQT-2026-08-08,KNHRCCQT,2026-08-08,"AVP, Senior Engineer - AI & Data Science",HSBC Technology Poland,artificialIntelligence,Senior,Kraków,False,permanent,15025.0,22500.0,2026-07-11
AS3PYWFS-2026-08-08,AS3PYWFS,2026-08-08,Senior Data Engineer (Databricks),CLOUDFIDE SP. Z.O.O,data,Senior,Warszawa,True,b2b,23520.0,30240.0,2026-07-11
IOMF50FJ-2026-08-08,IOMF50FJ,2026-08-08,Business Development Manager - Cloudboostr,Grape Up,sales,Senior,Kraków,True,b2b,18000.0,20000.0,2026-07-29
DLYRS7YT-2026-08-08,DLYRS7YT,2026-08-08,"Senior Data Engineer (DBT, Airflow, Snowflake)",Vecten,data,Senior,Warszawa,True,b2b,28000.0,38000.0,2026-07-29
6JU3PAWA-2026-08-08,6JU3PAWA,2026-08-08,Senior Full-Stack Engineer (Kotlin & TS),Vecten,fullstack,Senior,Warszawa,True,b2b,28000.0,38000.0,2026-07-29
OW3WVUAB-2026-08-08,OW3WVUAB,2026-08-08, IT Service Manager,HSBC Technology Poland,other,Mid,Kraków,False,permanent,15025.0,19000.0,2026-07-11
OYWKVTWF-2026-08-08,OYWKVTWF,2026-08-08,Business Operations Analyst - RDT EPIE,Roche,businessAnalyst,Mid,Warszawa,False,permanent,14175.0,26325.0,2026-07-23
LAQJYWZH-2026-08-08,LAQJYWZH,2026-08-08,Senior Consultant – AI Transformation & Decision Intelligence,Spyrosoft,artificialIntelligence,Senior,Wrocław,True,b2b,18480.0,25200.0,2026-07-23
FMVO3ISD-2026-08-08,FMVO3ISD,2026-08-08,QA Engineer,Connectis_,testing,Senior,Warszawa,False,b2b,17000.0,21000.0,2026-07-23
B3FNMXPE-2026-08-08,B3FNMXPE,2026-08-08,Senior Project Management Officer (PMO),Antal,projectManager,Senior,Kraków,False,b2b,21840.0,25200.0,2026-07-23
B0SALVIC-2026-08-08,B0SALVIC,2026-08-08,Tester Manualny,BLUEBINARY,testing,Mid,Wrocław,True,b2b,7000.0,11000.0,2026-07-29
WKHWLWTC-2026-08-08,WKHWLWTC,2026-08-08,Full Stack .NET Developer ,Verita HR,fullstack,Mid,Kraków,False,b2b,28350.0,30450.0,2026-07-29
XLSNO1IE-2026-08-08,XLSNO1IE,2026-08-08,Junior Social Media Specialist,BLUEBINARY,marketing,Junior,Wrocław,True,zlecenie,5500.0,7000.0,2026-07-29
IB77UGDB-2026-08-08,IB77UGDB,2026-08-08, NVIDIA Edge AI / Real-Time Data Specialist,Upvanta,data,Senior,,True,b2b,29400.0,31500.0,2026-07-29
BA5TTCBS-2026-08-08,BA5TTCBS,2026-08-08,Data Governance Specialist,Mindbox Sp. z o.o.,data,Senior,Warszawa,False,b2b,25200.0,28350.0,2026-07-29
T685WMUM-2026-08-08,T685WMUM,2026-08-08,Senior Java Engineer (Trading Systems),Vistulo (for a major N. American bank),backend,Senior,Kraków,True,b2b,45360.0,50400.0,2026-07-30
PLJOWD1Y-2026-08-08,PLJOWD1Y,2026-08-08,Platform Engineering Team Leader,XTB,architecture,Expert,Warszawa,True,permanent,27200.0,34600.0,2026-07-29
ONBBERTO-2026-08-08,ONBBERTO,2026-08-08,Manual Tester,Scalo,testing,Mid,Katowice,False,b2b,13440.0,15120.0,2026-07-30
UAJQFXDQ-2026-08-08,UAJQFXDQ,2026-08-08,Senior Automation & SCADA Developer,Ework Group,automation,Senior,Wrocław,True,b2b,21672.0,27384.0,2026-07-29
MSULXIRD-2026-08-08,MSULXIRD,2026-08-08,Automation Tester/QA (Java),Scalo,backend,Senior,Katowice,True,b2b,21000.0,22680.0,2026-07-30
WO27XZVK-2026-08-08,WO27XZVK,2026-08-08,New Business Manager - Praca zdalna,DIGITALK,sales,Mid,,True,b2b,6500.0,9500.0,2026-07-30
GY1XSMEM-2026-08-08,GY1XSMEM,2026-08-08,QA Engineer,VIRTUSA,testing,Mid,Warszawa,False,b2b,14280.0,17640.0,2026-07-30
V6GA65LY-2026-08-08,V6GA65LY,2026-08-08,Lead Data Architect - Product Supply ,Bayer,architecture,Expert,Warszawa,False,permanent,25760.0,32300.0,2026-07-30
A1ELT0B5-2026-08-08,A1ELT0B5,2026-08-08,Mid Supplier Mananger (Maternity-leave replacement),Ework Group,hr,Mid,Warszawa,False,b2b,11760.0,14280.0,2026-07-29
UO5P96HV-2026-08-08,UO5P96HV,2026-08-08,Middle Office Operations Analyst,Harvey Nash Technology,businessAnalyst,Junior,Warszawa,False,b2b,6720.0,8400.0,2026-07-29
Q1PZDVMP-2026-08-08,Q1PZDVMP,2026-08-08,Automation Specialist (No-Code & AI) K/M,DIGITALK,marketing,Mid,,True,b2b,10000.0,14000.0,2026-07-30
9WWGQFL7-2026-08-08,9WWGQFL7,2026-08-08,BI / Data Engineer,Spyrosoft,data,Senior,Wrocław,True,b2b,16800.0,26880.0,2026-07-23
BEMEPNTR-2026-08-08,BEMEPNTR,2026-08-08,Business Analyst,Antal,businessAnalyst,Senior,Kraków,False,b2b,25200.0,28560.0,2026-07-17
YGQSRG8H-2026-08-08,YGQSRG8H,2026-08-08,Senior AI Engineer,SmartRecruiters Inc.,artificialIntelligence,Senior,Kraków,True,permanent,21000.0,36000.0,2026-07-29
STYGCJCJ-2026-08-08,STYGCJCJ,2026-08-08,Senior QA Engineer (Robot Framework),Ework Group,testing,Senior,Warszawa,False,b2b,23520.0,26880.0,2026-07-29
XGXEMXRG-2026-08-08,XGXEMXRG,2026-08-08,Senior Full Stack JS Engineer,nCube,fullstack,Senior,,True,b2b,17204.0,27956.0,2026-07-23
HNLGJ92J-2026-08-08,HNLGJ92J,2026-08-08,Junior AI Administrator / AI DevOps Engineer (hybryda | Wrocław),Upvanta,artificialIntelligence,Junior,Wrocław,False,b2b,6300.0,8400.0,2026-07-29
DBJTI2IC-2026-08-08,DBJTI2IC,2026-08-08,Solutions Architect,MasterBorn,architecture,Senior,Wrocław,True,b2b,20000.0,30000.0,2026-07-23
Q9HGTYUI-2026-08-08,Q9HGTYUI,2026-08-08,Senior Java Developer,Matrix Global Services,backend,Senior,,True,b2b,31900.0,33200.0,2026-07-23
QACQQS6I-2026-08-08,QACQQS6I,2026-08-08,Data/Information Architect - Data Platforms,Roche,data,Mid,Warszawa,False,permanent,19000.0,35400.0,2026-07-23
T1VXIYWY-2026-08-08,T1VXIYWY,2026-08-08,Senior Python Developer,Scalo,backend,Senior,Warszawa,True,b2b,23520.0,26880.0,2026-07-30
JVBUYOUH-2026-08-08,JVBUYOUH,2026-08-08,Solution Architect - TechOps Quality (Lab Execution & Connectivity),Roche,architecture,Mid,Warszawa,False,permanent,19075.0,35425.0,2026-07-23
7UDNO6GX-2026-08-08,7UDNO6GX,2026-08-08,ERP Solution Architect,Roche,erp,Mid,Warszawa,False,permanent,14175.0,26325.0,2026-07-23
XDLDOOQV-2026-08-08,XDLDOOQV,2026-08-08,Senior Site Reliability Engineer (DevOps + Java),Square One Resources,backend,Senior,,True,b2b,23520.0,28560.0,2026-07-29
BTBLRF9F-2026-08-08,BTBLRF9F,2026-08-08,Appian Process Transformation (M&E Domain),Spyrosoft,businessAnalyst,Mid,Wrocław,True,b2b,18480.0,25200.0,2026-07-23
L4E6MWWH-2026-08-08,L4E6MWWH,2026-08-08,SharePoint & Visual Design Lead,"AVENGA (Agencja Pracy, nr KRAZ: 8448)",other,Mid,,True,b2b,16800.0,23520.0,2026-07-30
WBRBEKXZ-2026-08-08,WBRBEKXZ,2026-08-08,Analityk Biznesowy,Square One Resources,finance,Mid,Warszawa,True,b2b,21840.0,31920.0,2026-07-29
SI7WHTAC-2026-08-08,SI7WHTAC,2026-08-08,Senior Data Engineer (LLM),Vecten,data,Senior,Warszawa,True,b2b,35000.0,55000.0,2026-07-29
9WWY07OP-2026-08-08,9WWY07OP,2026-08-08,Junior Test Automation Engineer,Grupa Allegro Sp. z o. o.,testing,Junior,Poznań,False,permanent,11200.0,15250.0,2026-07-23
FNP9EH1Q-2026-08-08,FNP9EH1Q,2026-08-08,Business Analyst,Verita HR,businessAnalyst,Senior,Kraków,False,b2b,24000.0,27000.0,2026-07-23
DVXSVY0E-2026-08-08,DVXSVY0E,2026-08-08,Accounts Payable Senior Specialist with French,Verita HR,finance,Senior,Kraków,False,permanent,8500.0,13500.0,2026-07-29
ZKG7BR7H-2026-08-08,ZKG7BR7H,2026-08-08,Python Engineer,Harvey Nash Technology,artificialIntelligence,Mid,Warszawa,False,permanent,15000.0,19000.0,2026-07-29
VK1QNPM4-2026-08-08,VK1QNPM4,2026-08-08,Software Engineer,CloudFerro,backend,Mid,Warszawa,False,b2b,12000.0,19000.0,2026-07-30
M96FKH1J-2026-08-08,M96FKH1J,2026-08-08,PowerBI Specialist,Verita HR,data,Mid,Kraków,False,b2b,24150.0,29400.0,2026-07-23
PEG2NZOF-2026-08-08,PEG2NZOF,2026-08-08,Senior Machine Learning Engineer (LLMs),deepsense.ai Sp. z o.o.,artificialIntelligence,Senior,Bydgoszcz,True,b2b,19000.0,28000.0,2026-07-23
PCEXP50O-2026-08-08,PCEXP50O,2026-08-08,Kierownik ds. mediów,Hire Folks Spółka z o.o.,marketing,Senior,Warszawa,False,b2b,12000.0,14000.0,2026-07-30
NCGFLZIB-2026-08-08,NCGFLZIB,2026-08-08,AI/ MLOps Engineer,DCG,artificialIntelligence,Senior,Warszawa,False,b2b,26880.0,27720.0,2026-07-23
SYZG3EOE-2026-08-08,SYZG3EOE,2026-08-08,Senior Infrastructure Specialist,Ework Group,sysAdministrator,Senior,Gdańsk,False,b2b,18480.0,22680.0,2026-07-23
V8TXYADT-2026-08-08,V8TXYADT,2026-08-08,Senior Java Developer,Antal,backend,Senior,,True,b2b,23520.0,28560.0,2026-07-17
XXQZRXYA-2026-08-08,XXQZRXYA,2026-08-08,Java Developer,DCG,backend,Mid,Warszawa,False,b2b,21000.0,22680.0,2026-07-23
RSZHRGIB-2026-08-08,RSZHRGIB,2026-08-08,Engineering Manager,Mindbox Sp. z o.o.,backend,Senior,Warszawa,False,b2b,29400.0,37800.0,2026-07-17
0ON6HIOP-2026-08-08,0ON6HIOP,2026-08-08,ERP Solution Consultant - SAP Intercompany,Roche,erp,Mid,Warszawa,False,permanent,14175.0,26325.0,2026-07-23
MZCCGFGZ-2026-08-08,MZCCGFGZ,2026-08-08,Senior MLOps Engineer (AWS / GenAI),Ework Group,artificialIntelligence,Senior,Warszawa,False,b2b,28560.0,32760.0,2026-07-23
TGV5RZEV-2026-08-08,TGV5RZEV,2026-08-08,Snowflake Engineer (Azure Data Room Setup – M&A Support),Square One Resources,data,Senior,,True,b2b,16800.0,23520.0,2026-07-23
XRPX8SF1-2026-08-08,XRPX8SF1,2026-08-08,SAP Business Technology Platform (BTP),Square One Resources,erp,Senior,,True,b2b,30240.0,35280.0,2026-07-23
FBZGLJQJ-2026-08-08,FBZGLJQJ,2026-08-08,Data Engineer,Mindbox Sp. z o.o.,data,Senior,Kraków,False,b2b,23100.0,27300.0,2026-07-29
QE55T0IA-2026-08-08,QE55T0IA,2026-08-08,Tester/ -ka Oprogramowania _ Junior,Mindbox Sp. z o.o.,testing,Junior,Warszawa,False,b2b,6174.0,8610.0,2026-07-23
546KSGOY-2026-08-08,546KSGOY,2026-08-08,Lead Software Engineer (AI),HSBC Technology Poland,artificialIntelligence,Expert,Kraków,False,permanent,20242.0,24841.0,2026-07-23
JYVFNRDA-2026-08-08,JYVFNRDA,2026-08-08,Social Media Graphic Designer ,BLUEBINARY,marketing,Mid,Wrocław,True,b2b,6000.0,7500.0,2026-07-29
DEHBGPXL-2026-08-08,DEHBGPXL,2026-08-08,System Analyst,Scalo,data,Junior,Poznań,True,b2b,16800.0,18480.0,2026-07-30
PZEGMQMH-2026-08-08,PZEGMQMH,2026-08-08,Business Analyst,Antal,businessAnalyst,Senior,Kraków,False,b2b,23520.0,30240.0,2026-07-29
HLLQJDY9-2026-08-08,HLLQJDY9,2026-08-08,GeoAI Architect/GeoAI Lead,Spyrosoft,data,Senior,Wrocław,True,b2b,23520.0,31920.0,2026-07-23
NZLDBWMU-2026-08-08,NZLDBWMU,2026-08-08,Software Developer (.NET),ista Technologies Poland,backend,Mid,Gliwice,False,permanent,18000.0,22000.0,2026-07-29
IVZO8LXC-2026-08-08,IVZO8LXC,2026-08-08,Russian & English Interpreter,TP Poland Sp. z o.o.,customerService,Junior,Warszawa,True,zlecenie,6048.0,7728.0,2026-07-30
WZIBN1TD-2026-08-08,WZIBN1TD,2026-08-08,.NET Developer,Mindbox Sp. z o.o.,backend,Senior,Kraków,False,b2b,23100.0,27300.0,2026-07-29
WNF8HWJS-2026-08-08,WNF8HWJS,2026-08-08,Senior Finance Operations Analyst (French) ,Verita HR,finance,Senior,Kraków,False,permanent,8500.0,14000.0,2026-07-29
TKLRV9NR-2026-08-08,TKLRV9NR,2026-08-08,Production Engineering Specialist (SRE),Antal,devops,Mid,Kraków,False,b2b,13440.0,21840.0,2026-07-23
2IDUJDVT-2026-08-08,2IDUJDVT,2026-08-08,Java Test Engineer (f/m/x),Sii Polska,testing,Mid,Kraków,False,b2b,14700.0,21000.0,2026-07-23
WP8FPBTL-2026-08-08,WP8FPBTL,2026-08-08,Senior Dynamics CRM Consultant,GFT Poland,erp,Senior,Kraków,False,b2b,22848.0,28560.0,2026-07-30
JT7GCVPN-2026-08-08,JT7GCVPN,2026-08-08,Data Scientist,Antal,data,Senior,Warszawa,False,b2b,18000.0,22000.0,2026-07-23
AHUQXQN0-2026-08-08,AHUQXQN0,2026-08-08,Senior Dynamics CRM Engineer,GFT Poland,erp,Senior,Kraków,False,permanent,15900.0,24300.0,2026-07-30
2GKXQIKN-2026-08-08,2GKXQIKN,2026-08-08,Senior Data Platform Engineer (Python/GCP),Square One Resources,data,Senior,,True,b2b,30240.0,33600.0,2026-07-29
MUNMJVYO-2026-08-08,MUNMJVYO,2026-08-08,Software Team Leader (Python),Scalo,backend,Senior,Wrocław,True,b2b,28560.0,30240.0,2026-07-30
XF1PZDLL-2026-08-08,XF1PZDLL,2026-08-08,Specjalista ds. Obsługi Klienta,BLUEBINARY,customerService,Mid,Wrocław,True,b2b,5500.0,7000.0,2026-07-29
0Y9IMEVK-2026-08-08,0Y9IMEVK,2026-08-08,Senior Network Engineer,Vistulo (for a major N. American bank),sysAdministrator,Senior,Kraków,True,b2b,36960.0,40320.0,2026-07-23
UJ7HJIRB-2026-08-08,UJ7HJIRB,2026-08-08,Senior DBA Postgres,Mindbox Sp. z o.o.,other,Senior,Kraków,False,b2b,16800.0,24360.0,2026-07-23
9RR5H6U3-2026-08-08,9RR5H6U3,2026-08-08,Architekt Rozwiązań IT,"AVENGA (Agencja Pracy, nr KRAZ: 8448)",architecture,Senior,Wrocław,False,b2b,26040.0,29400.0,2026-07-23
BEWSRGXP-2026-08-08,BEWSRGXP,2026-08-08,Senior .Net Developer,Scalo,backend,Senior,Łódź,True,b2b,18480.0,21000.0,2026-07-21
FSE03OB8-2026-08-08,FSE03OB8,2026-08-08,Snowflake ArchitectAzure Data Room Setup – M&A Support),Square One Resources,data,Senior,,True,b2b,23520.0,28560.0,2026-07-23
XM2XHDPK-2026-08-08,XM2XHDPK,2026-08-08,Senior Consultant – AI Transformation & Decisioning (Legal Environment),Spyrosoft,artificialIntelligence,Senior,Wrocław,True,b2b,18480.0,25200.0,2026-07-23
LYTFBLCW-2026-08-08,LYTFBLCW,2026-08-08,Senior Back-End Java Developer,Cognitran,backend,Senior,Szczecin,True,permanent,16000.0,24000.0,2026-07-30
MWONOIHM-2026-08-08,MWONOIHM,2026-08-08,"Senior Software Engineer II (Golang, Partnerships)",SpotOn,backend,Senior,Kraków,True,b2b,23800.0,29800.0,2026-07-30
37HFL8HJ-2026-08-08,37HFL8HJ,2026-08-08,PPC Marketing Specialist - Praca 100% Zdalna,DIGITALK,marketing,Mid,,True,b2b,6500.0,11000.0,2026-07-13
LRQY1GJT-2026-08-08,LRQY1GJT,2026-08-08,Tester Manualny,ITFS Sp. z o.o.,testing,Mid,Warszawa,False,b2b,9240.0,12600.0,2026-07-30
D62MYD1P-2026-08-08,D62MYD1P,2026-08-08,Senior Java Developer,Antal,backend,Senior,Kraków,False,b2b,31920.0,38640.0,2026-07-23
THFY2KCE-2026-08-08,THFY2KCE,2026-08-08,Project Manager (Tribe),Ework Group,projectManager,Mid,,True,b2b,20160.0,23520.0,2026-07-23
GMVOCBQ3-2026-08-08,GMVOCBQ3,2026-08-08,Senior RPG Developer (IBM / AS400),Ework Group,other,Senior,Wrocław,False,b2b,26040.0,31080.0,2026-07-29
W8RXYTRP-2026-08-08,W8RXYTRP,2026-08-08,Murex Developer,Mindbox Sp. z o.o.,backend,Senior,Kraków,False,b2b,35700.0,38850.0,2026-07-29
PKPQFP6H-2026-08-08,PKPQFP6H,2026-08-08,Tech Lead,HSBC Technology Poland,backend,Senior,Kraków,False,permanent,22000.0,27390.0,2026-07-17
UYZL7YGY-2026-08-08,UYZL7YGY,2026-08-08,Specjalista/tka ds. sztucznej inteligencji,NASK Państwowy Instytut Badawczy,artificialIntelligence,Mid,Warszawa,False,permanent,8000.0,12000.0,2026-07-29
2YYC2YMH-2026-08-08,2YYC2YMH,2026-08-08,Data Engineer (Python),Square One Resources,data,Senior,,True,b2b,30240.0,33600.0,2026-07-29
I1NVUBEN-2026-08-08,I1NVUBEN,2026-08-08,Fullstack Developer,Mindbox Sp. z o.o.,fullstack,Senior,Kraków,False,b2b,23100.0,27300.0,2026-07-29
PN5XKZQD-2026-08-08,PN5XKZQD,2026-08-08,Java Developer,Mindbox Sp. z o.o.,backend,Mid,Kraków,False,b2b,23100.0,27300.0,2026-07-29
RKVZUJBZ-2026-08-08,RKVZUJBZ,2026-08-08,Senior AI Engineer,Tooploox,artificialIntelligence,Senior,Wrocław,False,b2b,22000.0,28000.0,2026-07-23
6NZHVIVC-2026-08-08,6NZHVIVC,2026-08-08,Software Engineer - CLM / GCAS,Mindbox Sp. z o.o.,backend,Mid,Kraków,False,b2b,29400.0,33600.0,2026-07-29
GIJ9EG1F-2026-08-08,GIJ9EG1F,2026-08-08,Kafka Solutions Architect ,SoftwareMill,devops,Expert,Gdziekolwiek,True,b2b,27720.0,35280.0,2026-07-29
G1HFRWBM-2026-08-08,G1HFRWBM,2026-08-08,Program / PMO Lead,Scalo,projectManager,Senior,Warszawa,False,b2b,19320.0,21000.0,2026-07-13
RDOYXWPI-2026-08-08,RDOYXWPI,2026-08-08,IT Security Analyst,Scalo,security,Senior,,True,b2b,28560.0,30240.0,2026-07-21
GASL6RKH-2026-08-08,GASL6RKH,2026-08-08,"VP, Lead Engineer",HSBC Technology Poland,backend,Senior,Kraków,False,permanent,21141.0,31000.0,2026-07-11
SO2BM1US-2026-08-08,SO2BM1US,2026-08-08,MLOps Platform Technical Owner,hubQuest,artificialIntelligence,Expert,Warszawa,True,b2b,35000.0,40500.0,2026-07-13
R4LWB5M9-2026-08-08,R4LWB5M9,2026-08-08,Senior React Developer,Verita HR,frontend,Senior,Kraków,False,b2b,28350.0,31500.0,2026-07-29
DZWYYJRS-2026-08-08,DZWYYJRS,2026-08-08,Senior AI Backend & Orchestration Engineer,ITFS Sp. z o.o.,backend,Mid,Warszawa,True,b2b,25200.0,28560.0,2026-07-21
D4XJBSGC-2026-08-08,D4XJBSGC,2026-08-08,Data Quality SME (Collibra / Ataccama DQ),ITFS Sp. z o.o.,data,Mid,Warszawa,True,b2b,29400.0,31920.0,2026-07-21
JNN1IF0M-2026-08-08,JNN1IF0M,2026-08-08,Analityk SAP Billing & CRM (k/m),Connectis_,businessAnalyst,Mid,Warszawa,True,b2b,28560.0,32760.0,2026-07-17
CUCAKOXL-2026-08-08,CUCAKOXL,2026-08-08,Business Development Representative — Poland,Merchantee s.r.o.,sales,Mid,,True,b2b,7700.0,15400.0,2026-07-13
RMSIS9H1-2026-08-08,RMSIS9H1,2026-08-08,Passive RF/Sygnal Processing Engineer,Sybilla Technologies Sp. z o.o.,telecommunication,Senior,,True,b2b,26040.0,31080.0,2026-07-13
FHA0LPSD-2026-08-08,FHA0LPSD,2026-08-08,C++ Developer,ITFS Sp. z o.o.,backend,Senior,Warszawa,True,b2b,15120.0,19320.0,2026-07-30
VG2SQTV0-2026-08-08,VG2SQTV0,2026-08-08,Senior Automation Tester (Python + Robot Framework),Ework Group,testing,Senior,Warszawa,False,b2b,21840.0,25200.0,2026-07-17
VUG79QXT-2026-08-08,VUG79QXT,2026-08-08,Business Analyst,ITFS Sp. z o.o.,businessAnalyst,Senior,Warszawa,True,b2b,21840.0,25200.0,2026-07-21
VTZGULKQ-2026-08-08,VTZGULKQ,2026-08-08,Support Engineer,Link Group,support,Mid,,True,b2b,10000.0,14000.0,2026-07-17
X8CGR1OF-2026-08-08,X8CGR1OF,2026-08-08,Senior Devops Engineer AWS/Azure/GCP,Link Group,devops,Senior,,True,b2b,24000.0,30000.0,2026-07-17
ADEIS8UW-2026-08-08,ADEIS8UW,2026-08-08,Senior QA (Manual Testing),Link Group,testing,Senior,,True,b2b,12000.0,15000.0,2026-07-17
RRUIN4BP-2026-08-08,RRUIN4BP,2026-08-08,Senior Test Automation Engineer,Link Group,testing,Senior,,True,b2b,17000.0,22000.0,2026-07-17
YDCZ5O9Y-2026-08-08,YDCZ5O9Y,2026-08-08,Senior Performance Test Engineer,Link Group,testing,Senior,,True,b2b,18480.0,21840.0,2026-07-23
NOVMQOVY-2026-08-08,NOVMQOVY,2026-08-08,Cyber Security Engineer,Link Group,security,Senior,,True,b2b,22000.0,29000.0,2026-07-17
1YFQRBYS-2026-08-08,1YFQRBYS,2026-08-08,Information Security Analyst,Link Group,security,Senior,,True,b2b,18000.0,22000.0,2026-07-17
ONLJSRWD-2026-08-08,ONLJSRWD,2026-08-08,Programme Manager IAM,Link Group,projectManager,Senior,,True,b2b,23520.0,26040.0,2026-07-23
POG1OM2R-2026-08-08,POG1OM2R,2026-08-08,Reference Data Analyst,Link Group,data,Senior,Warszawa,False,permanent,20000.0,30000.0,2026-07-23
Q7MP6KOF-2026-08-08,Q7MP6KOF,2026-08-08,Senior Project IT Manager – CRM/ERP Transformation Projects,Square One Resources,projectManager,Senior,Warszawa,False,b2b,18480.0,21000.0,2026-07-23
K5FJOQ05-2026-08-08,K5FJOQ05,2026-08-08,Obsługa gości portalu rezerwacyjnego w j. polskim,TP Poland Sp. z o.o.,customerService,Junior,Poznań,False,zlecenie,5275.0,5275.0,2026-07-23
LZ6DX1E1-2026-08-08,LZ6DX1E1,2026-08-08,Remote Polish – English Interpreting,TP Poland Sp. z o.o.,customerService,Junior,Warszawa,True,zlecenie,5712.0,7392.0,2026-07-23
9ZPJHH9X-2026-08-08,9ZPJHH9X,2026-08-08,Obsługa klientów platformy e-commerce w j. polskim ​,TP Poland Sp. z o.o.,customerService,Junior,Katowice,False,zlecenie,5275.0,5275.0,2026-07-23
9KOMXRNI-2026-08-08,9KOMXRNI,2026-08-08, PAM Engineer,Link Group,security,Senior,,True,b2b,27000.0,32000.0,2026-07-17
I8QY7O4V-2026-08-08,I8QY7O4V,2026-08-08,Online Advertising Campaign Optimiser with French,TP Poland Sp. z o.o.,marketing,Junior,Kraków,False,permanent,6300.0,8300.0,2026-07-23
HAG5QGOU-2026-08-08,HAG5QGOU,2026-08-08,Scrum Master,Link Group,agile,Senior,,True,b2b,20000.0,27000.0,2026-07-17
AEYT0NL0-2026-08-08,AEYT0NL0,2026-08-08,Project Manager,Link Group,projectManager,Senior,,True,b2b,23000.0,27000.0,2026-07-17
OWRS0UKM-2026-08-08,OWRS0UKM,2026-08-08,Program Manager,Link Group,productManagement,Senior,,True,b2b,23000.0,27000.0,2026-07-17
3JEVFL0X-2026-08-08,3JEVFL0X,2026-08-08,Product Owner,Link Group,projectManager,Senior,,True,b2b,21000.0,25500.0,2026-07-17
WNDKXCJV-2026-08-08,WNDKXCJV,2026-08-08,Remote Customer Service with German,TP Poland Sp. z o.o.,customerService,Junior,Warszawa,True,zlecenie,8064.0,8064.0,2026-07-29
IERZUQWV-2026-08-08,IERZUQWV,2026-08-08,Senior DLP Engineer- Data Protection Solution Owner,Bayer,security,Senior,Warszawa,False,permanent,20240.0,25300.0,2026-07-23
XDPZG0T5-2026-08-08,XDPZG0T5,2026-08-08,Agile Coach,Link Group,agile,Senior,,True,b2b,21000.0,25500.0,2026-07-17
YTN9DH2B-2026-08-08,YTN9DH2B,2026-08-08,Senior iOS Developer,Scalo,mobile,Senior,Warszawa,True,b2b,21840.0,25200.0,2026-07-21
YZDNDFH0-2026-08-08,YZDNDFH0,2026-08-08,Java Software Engineer,Motorola Solutions Systems Polska,backend,Mid,Kraków,False,permanent,17000.0,23000.0,2026-07-21
HSM1QYEV-2026-08-08,HSM1QYEV,2026-08-08,Experienced Product Designer - Design System (m/f/n),ESET,ux,Senior,Kraków,False,permanent,17000.0,21500.0,2026-07-21
XMFR52W4-2026-08-08,XMFR52W4,2026-08-08,ICT Risk & Compliance Expert,Connectis_,security,Senior,Warszawa,False,b2b,26544.0,36960.0,2026-07-23
L61EVPOS-2026-08-08,L61EVPOS,2026-08-08,System Analyst,Link Group,businessAnalyst,Mid,,True,b2b,18000.0,22500.0,2026-07-17
OYB9LM2X-2026-08-08,OYB9LM2X,2026-08-08,Business Analyst,Link Group,businessAnalyst,Senior,,True,b2b,14000.0,17000.0,2026-07-17
VDWDQCC3-2026-08-08,VDWDQCC3,2026-08-08,Director of User Experience / Head of User Experience (m/f/n),ESET,ux,Senior,Kraków,False,permanent,23000.0,29000.0,2026-07-21
BSGSG1A7-2026-08-08,BSGSG1A7,2026-08-08,SQL Developer,Link Group,data,Mid,,True,b2b,14500.0,18000.0,2026-07-17
GP2CRPG0-2026-08-08,GP2CRPG0,2026-08-08,Senior Linux Engineer,Square One Resources,sysAdministrator,Senior,Kraków,False,b2b,21840.0,26880.0,2026-07-23
AC02UBUV-2026-08-08,AC02UBUV,2026-08-08,Customer Technical Support Enigneer,Kontakt.io,support,Senior,Kraków,False,permanent,12000.0,14000.0,2026-07-13
LGL96KUD-2026-08-08,LGL96KUD,2026-08-08,BI Developer,Link Group,businessIntelligence,Mid,,True,b2b,17500.0,20500.0,2026-07-17
ZMOQICZC-2026-08-08,ZMOQICZC,2026-08-08,Data Analyst/Scrum Master,"AVENGA (Agencja Pracy, nr KRAZ: 8448)",data,Mid,Wrocław,False,b2b,19000.0,21000.0,2026-07-30
UEWYMRTG-2026-08-08,UEWYMRTG,2026-08-08,ML Developer/ Engineer,Link Group,artificialIntelligence,Senior,,True,b2b,18500.0,24000.0,2026-07-17
GWAVNYYE-2026-08-08,GWAVNYYE,2026-08-08,Data Analyst,Link Group,data,Mid,,True,b2b,14000.0,17000.0,2026-07-17
GIOXHYSQ-2026-08-08,GIOXHYSQ,2026-08-08,Data Engineer AWS/GCP/Azure,Link Group,data,Mid,,True,b2b,18000.0,23000.0,2026-07-17
SVBVYLGK-2026-08-08,SVBVYLGK,2026-08-08,Senior Cloud Engineer,Remitly Poland sp. z o.o.,devops,Senior,Kraków,False,permanent,27000.0,30000.0,2026-07-30
KCRWHZ0H-2026-08-08,KCRWHZ0H,2026-08-08,"Senior Frontend Engineer (React + TypeScript) - 0,5 FTE",Square One Resources,frontend,Senior,Kraków,True,b2b,20160.0,23520.0,2026-07-23
8BXBCMJB-2026-08-08,8BXBCMJB,2026-08-08,ServiceNow Technical Consultant,ITFS Sp. z o.o.,erp,Senior,Warszawa,True,b2b,23520.0,26880.0,2026-07-30
UBEGAY7D-2026-08-08,UBEGAY7D,2026-08-08,"Big Data Engineer Scala,spark",Link Group,data,Mid,,True,b2b,21000.0,25000.0,2026-07-17
FVO0XMCF-2026-08-08,FVO0XMCF,2026-08-08,Data Scientist,Link Group,data,Mid,,True,b2b,17000.0,22000.0,2026-07-17
QOUSVOUD-2026-08-08,QOUSVOUD,2026-08-08,Programista/Programistka Android,Grupa Agora,mobile,Mid,Warszawa,True,b2b,12000.0,16000.0,2026-07-17
07XF1UYN-2026-08-08,07XF1UYN,2026-08-08,AI Engineer,Link Group,artificialIntelligence,Mid,,True,b2b,20000.0,24000.0,2026-07-17
KZKFG1K4-2026-08-08,KZKFG1K4,2026-08-08,Senior Angular Developer,Link Group,frontend,Senior,,True,b2b,20000.0,25000.0,2026-07-17
ORY9DPJD-2026-08-08,ORY9DPJD,2026-08-08,Mid Angular Developer,Link Group,frontend,Mid,,True,b2b,13000.0,18000.0,2026-07-17
UHAR6KPF-2026-08-08,UHAR6KPF,2026-08-08,QA Engineer,Mindbox Sp. z o.o.,testing,Mid,Kraków,False,b2b,27300.0,35280.0,2026-07-23
BEANVYSJ-2026-08-08,BEANVYSJ,2026-08-08,Senior React Developer,Link Group,frontend,Senior,,True,b2b,18000.0,23000.0,2026-07-17
ZL7QAWMX-2026-08-08,ZL7QAWMX,2026-08-08,Quantum Project Manager,Mindbox Sp. z o.o.,projectManager,Mid,Kraków,False,b2b,27300.0,33600.0,2026-07-23
EDCHAQ3C-2026-08-08,EDCHAQ3C,2026-08-08,IAM Project Manager (SSO Application Onboarding),1dea,projectManager,Senior,Warszawa,True,b2b,29400.0,31080.0,2026-07-29
BYZFZDYE-2026-08-08,BYZFZDYE,2026-08-08,FuSa Release Engineer – Vehicle Functional Safety,ITFS Sp. z o.o.,other,Senior,Warszawa,True,b2b,25200.0,33600.0,2026-07-30
IWELZAOJ-2026-08-08,IWELZAOJ,2026-08-08,Mid React Developer,Link Group,frontend,Mid,,True,b2b,13000.0,16500.0,2026-07-17
52H1ZSUB-2026-08-08,52H1ZSUB,2026-08-08, Mobile Developer,Link Group,mobile,Mid,,True,b2b,13000.0,18000.0,2026-07-17
1UIGNBWR-2026-08-08,1UIGNBWR,2026-08-08,Programista/Programistka iOS,Grupa Agora,mobile,Mid,Warszawa,True,b2b,12000.0,16000.0,2026-07-17
LT2T5T8P-2026-08-08,LT2T5T8P,2026-08-08,Fullstack Java + Angular,Link Group,fullstack,Mid,,True,b2b,17000.0,24000.0,2026-07-17
UDVVM4K9-2026-08-08,UDVVM4K9,2026-08-08,Senior Power Platform Deployment Manager [M/F],Arche Solutions,devops,Senior,,True,b2b,33600.0,38640.0,2026-07-23
ZLOD3FAN-2026-08-08,ZLOD3FAN,2026-08-08,Senior Product Specialist MES-1 ,Bayer,productManagement,Mid,Warszawa,False,permanent,20240.0,25300.0,2026-07-17
TOJTDTC4-2026-08-08,TOJTDTC4,2026-08-08,Embedded Firmware Engineer,Upvanta,embedded,Mid,,True,b2b,19320.0,20160.0,2026-07-21
7TZN6FV6-2026-08-08,7TZN6FV6,2026-08-08,Fullstack Node +react + typescript ,Link Group,fullstack,Mid,,True,b2b,15000.0,20000.0,2026-07-17
CAPPJNFB-2026-08-08,CAPPJNFB,2026-08-08,Technical Product Owner (Boomi),Upvanta,productManagement,Mid,,True,b2b,33600.0,34944.0,2026-07-21
898XR5OG-2026-08-08,898XR5OG,2026-08-08,Senior C++ Developer,Link Group,backend,Senior,,True,b2b,21000.0,24500.0,2026-07-17
LZNV5TFU-2026-08-08,LZNV5TFU,2026-08-08,JavaScript Full-stack Engineer,Full Stack House,frontend,Mid,Poznań,True,b2b,8400.0,16800.0,2026-07-17
AO0S69ZF-2026-08-08,AO0S69ZF,2026-08-08,Mid Software Engineer - Python,Guidewire Software,backend,Mid,Kraków,False,permanent,18500.0,22000.0,2026-07-29
RT3MRCKM-2026-08-08,RT3MRCKM,2026-08-08,Manual Tester,Scalo,testing,Junior,Warszawa,False,b2b,10920.0,12600.0,2026-07-30
LL3ACJC5-2026-08-08,LL3ACJC5,2026-08-08,Mid C++ Developer,Link Group,backend,Mid,,True,b2b,16000.0,22000.0,2026-07-17
CSATVVMO-2026-08-08,CSATVVMO,2026-08-08,Senior Python Developer,Link Group,backend,Senior,,True,b2b,23000.0,26000.0,2026-07-17
UMTVRG9F-2026-08-08,UMTVRG9F,2026-08-08,Mid Python Developer,Link Group,backend,Mid,,True,b2b,15000.0,20000.0,2026-07-17
A9BE6TVG-2026-08-08,A9BE6TVG,2026-08-08,Senior Java Developer,Link Group,backend,Senior,,True,b2b,21000.0,25000.0,2026-07-17
AAN4B3F9-2026-08-08,AAN4B3F9,2026-08-08,Mid Java Developer,Link Group,backend,Mid,,True,b2b,17000.0,22000.0,2026-07-17
3SSSTY7D-2026-08-08,3SSSTY7D,2026-08-08,Senior .NET Developer,Link Group,backend,Senior,,True,b2b,20000.0,26000.0,2026-07-17
YEMGYE5O-2026-08-08,YEMGYE5O,2026-08-08,Specjalista ds. Sprzedaży – UAV i Lotnictwo (k/m),Aerobits Sp. z o.o.,sales,Mid,Szczecin,False,permanent,8500.0,11000.0,2026-07-29
BRN50WRT-2026-08-08,BRN50WRT,2026-08-08,.NET Developer,Link Group,backend,Mid,,True,b2b,16000.0,22000.0,2026-07-17
EOOIVIBR-2026-08-08,EOOIVIBR,2026-08-08,Solution Architect,Ework Group,architecture,Senior,Warszawa,False,b2b,30240.0,34440.0,2026-07-29
XJM5YP8T-2026-08-08,XJM5YP8T,2026-08-08,Linux Engineer,Ework Group,sysAdministrator,Senior,Kraków,True,b2b,23520.0,28560.0,2026-07-29
3TRLELR9-2026-08-08,3TRLELR9,2026-08-08,Młodszy Projektant/Programista Hurtowni Danych (M/K),ASTEK Polska,data,Mid,Wrocław,False,b2b,16800.0,19950.0,2026-07-23
N4AVA5AC-2026-08-08,N4AVA5AC,2026-08-08,Enterprise Architect (On-site | Warsaw),Square One Resources,architecture,Senior,Warszawa,False,permanent,25000.0,28000.0,2026-07-23
KI1KU203-2026-08-08,KI1KU203,2026-08-08,QA Engineer,iTeamly,testing,Mid,,True,b2b,9500.0,16000.0,2026-07-29
UGMXNZR0-2026-08-08,UGMXNZR0,2026-08-08,Test Manager with German,Square One Resources,testing,Senior,Warszawa,True,b2b,21840.0,25200.0,2026-07-23
TKEMJHLF-2026-08-08,TKEMJHLF,2026-08-08,Test Coordinator with German,Square One Resources,testing,Senior,Warszawa,True,b2b,16800.0,21000.0,2026-07-23
H1INJ4WJ-2026-08-08,H1INJ4WJ,2026-08-08,Tester aplikacji ubezpieczeniowych,PKO Finat Sp. z o.o.,testing,Mid,Warszawa,False,b2b,13440.0,16800.0,2026-07-17
BR8YE7HX-2026-08-08,BR8YE7HX,2026-08-08,Architekt Chmurowy,ITFS Sp. z o.o.,architecture,Senior,Warszawa,False,b2b,25200.0,30240.0,2026-07-30
ZDGCUY5F-2026-08-08,ZDGCUY5F,2026-08-08, Cyber Consulting Lead Tech SME,HSBC Technology Poland,security,Senior,Kraków,False,permanent,22317.0,33475.0,2026-07-23
BT5MYNH0-2026-08-08,BT5MYNH0,2026-08-08,Senior Java Developer,Rhino Sp. z o.o.,fullstack,Senior,Wrocław,True,b2b,16000.0,24000.0,2026-07-17
OHJNRPE3-2026-08-08,OHJNRPE3,2026-08-08,Software Factory Architect,ITFS Sp. z o.o.,architecture,Mid,Warszawa,False,b2b,42000.0,50400.0,2026-07-30
SFSSKWKQ-2026-08-08,SFSSKWKQ,2026-08-08,Data Engineer (Junior / Mid),Respect Energy Fuels Sp zo.o.,data,Mid,Warszawa,False,permanent,10000.0,20000.0,2026-07-13
0JRASNXR-2026-08-08,0JRASNXR,2026-08-08,Engineering Manager,Monday.com,devops,Senior,Warszawa,False,permanent,44000.0,54000.0,2026-07-17
A5UKFO4O-2026-08-08,A5UKFO4O,2026-08-08,Salesforce Solution Architect,ITFS Sp. z o.o.,architecture,Senior,Warszawa,True,b2b,30240.0,36960.0,2026-07-21
QWOYVKKD-2026-08-08,QWOYVKKD,2026-08-08,Senior Software Engineer (DevSecOps),Monday.com,devops,Senior,Warszawa,False,permanent,44000.0,54000.0,2026-07-17
TGKUSRUZ-2026-08-08,TGKUSRUZ,2026-08-08,Salesforce Developer,ITFS Sp. z o.o.,other,Senior,,True,permanent,25200.0,29400.0,2026-07-30
LUXXAMGJ-2026-08-08,LUXXAMGJ,2026-08-08,Senior Power Platform Developer,"AVENGA (Agencja Pracy, nr KRAZ: 8448)",data,Senior,,True,b2b,26040.0,28560.0,2026-07-17
SC3ZCIAH-2026-08-08,SC3ZCIAH,2026-08-08,Java Developer,Boldare,backend,Mid,Gliwice,True,b2b,10000.0,16000.0,2026-07-29
NAQDUUAQ-2026-08-08,NAQDUUAQ,2026-08-08,DevSecOps Engineer,Ework Group,devops,Senior,Wrocław,False,b2b,26880.0,29400.0,2026-07-17
7EUXDRWE-2026-08-08,7EUXDRWE,2026-08-08,Cybersecurity/AWS Cloud Architect [M/F],Arche Solutions,security,Mid,,True,b2b,25200.0,30240.0,2026-07-23
KE0HTHRJ-2026-08-08,KE0HTHRJ,2026-08-08,Database Developer,Ework Group,data,Senior,Warszawa,False,b2b,20160.0,23520.0,2026-07-23
8Z9JLAME-2026-08-08,8Z9JLAME,2026-08-08,(Senior) Specialist – Virtualization & Infrastructure,x1F,other,Senior,,True,permanent,14336.0,16128.0,2026-07-21
GLSONNYC-2026-08-08,GLSONNYC,2026-08-08,Cybersecurity/Azure Cloud Architect [M/F],Arche Solutions,security,Mid,,True,b2b,26880.0,30240.0,2026-07-23
X2PVG6Q6-2026-08-08,X2PVG6Q6,2026-08-08,Senior Business Analyst (m/f/d) - FIS Cross Asset Trading and Risk Platform / German speaking,x1F,businessAnalyst,Senior,,False,permanent,21133.0,22542.0,2026-07-21
7QETEYQ7-2026-08-08,7QETEYQ7,2026-08-08,Tester/ka Embedded (Automatyzujący/ca),Embevity Sp. z o.o.,testing,Mid,Gliwice,False,permanent,10000.0,14500.0,2026-07-21
VHLBKJKP-2026-08-08,VHLBKJKP,2026-08-08,Senior Software Developer (m/f/d) – FIS Cross Asset Trading and Risk Platform / German speaking,x1F,backend,Senior,,False,permanent,21133.0,22542.0,2026-07-21
WLSZ2QN2-2026-08-08,WLSZ2QN2,2026-08-08,"Senior Mainframe Developer (COBOL, PL/I, JCL, DB2, CICS, IMS)",x1F,backend,Senior,,False,permanent,15697.0,26922.0,2026-07-21
VPQTRP3D-2026-08-08,VPQTRP3D,2026-08-08,Senior SAP Basis Consultant (m/f/d) – German speaking,x1F,sysAdministrator,Senior,,False,permanent,14336.0,20429.0,2026-07-21
6GE8BEUC-2026-08-08,6GE8BEUC,2026-08-08,Junior Infrastructure Security Engineer,Shiji Poland,security,Junior,Katowice,False,permanent,9000.0,10000.0,2026-07-13
JPFUWNR7-2026-08-08,JPFUWNR7,2026-08-08,Chief Accountant,Antal,finance,Senior,Poznań,False,permanent,18000.0,22000.0,2026-07-23
A8Z4XJHM-2026-08-08,A8Z4XJHM,2026-08-08, Category Manager - Technology,HSBC Technology Poland,consulting,Senior,Kraków,False,permanent,19176.0,25000.0,2026-06-29
YP9HDIGJ-2026-08-08,YP9HDIGJ,2026-08-08,Data Engineer [M/F],Arche Solutions,data,Mid,Warszawa,False,b2b,20160.0,23520.0,2026-07-23
01NIKNHU-2026-08-08,01NIKNHU,2026-08-08,AI Solution Architect,Diverse CG Sp. z o.o. Sp.k.,architecture,Senior,Warszawa,False,b2b,28560.0,33600.0,2026-07-29
S1M7HJQC-2026-08-08,S1M7HJQC,2026-08-08,DevOps Engineer (.NET Projects),Reply Polska,devops,Mid,Katowice,False,b2b,23520.0,28560.0,2026-07-23
YJERSGLB-2026-08-08,YJERSGLB,2026-08-08,DevOps Engineer (Azure),ITFS Sp. z o.o.,devops,Senior,Warszawa,True,b2b,21840.0,27720.0,2026-07-30
JFRPMHY0-2026-08-08,JFRPMHY0,2026-08-08, Accounts Payable Global SME ,HSBC Technology Poland,businessAnalyst,Mid,Kraków,False,permanent,14384.0,18000.0,2026-07-29
GX2GSFQP-2026-08-08,GX2GSFQP,2026-08-08,Cybersecurity Engineer [M/F],Arche Solutions,security,Mid,,True,b2b,20160.0,25200.0,2026-07-23
SISQ5ROR-2026-08-08,SISQ5ROR,2026-08-08,Senior IT Analyst (KYC / AML),DCG,businessAnalyst,Senior,Warszawa,False,b2b,23520.0,26880.0,2026-07-23
L4B12FLM-2026-08-08,L4B12FLM,2026-08-08,Fullstack Developer (React + Node.js),Boldare,fullstack,Mid,Warszawa,True,b2b,10000.0,16000.0,2026-07-29
KFHZU0HD-2026-08-08,KFHZU0HD,2026-08-08,Architekt systemowy,Antal,architecture,Senior,Warszawa,False,b2b,28560.0,31920.0,2026-07-23
RGRRHO1F-2026-08-08,RGRRHO1F,2026-08-08,AI Implementation & Project Management Specialist,EWT Truck & Trailer Polska Sp. zo.o.,artificialIntelligence,Mid,Ołtarzew,False,b2b,19000.0,25000.0,2026-07-13
OCZSLDKF-2026-08-08,OCZSLDKF,2026-08-08,Senior Business Analyst (AI/ML)-B2B,GFT Poland,businessAnalyst,Senior,Kraków,False,b2b,20496.0,26880.0,2026-07-17
J8H9BQ2C-2026-08-08,J8H9BQ2C,2026-08-08,Mid Software Engineer - Python,Guidewire Software,fullstack,Mid,,True,permanent,17000.0,19000.0,2026-07-29
YWHHXBXQ-2026-08-08,YWHHXBXQ,2026-08-08,Site Reliability Engineer II (SRE) - Guidewire Cloud Platform (Application),Guidewire Software,devops,Mid,Kraków,False,permanent,12000.0,15000.0,2026-07-29
9XXGWKXT-2026-08-08,9XXGWKXT,2026-08-08,Senior Azure Engineer,Square One Resources,devops,Senior,Warszawa,False,b2b,25000.0,33000.0,2026-07-23
RM9RD8RN-2026-08-08,RM9RD8RN,2026-08-08,Support Admin - Global Help Desk,Guidewire Software,support,Senior,,True,permanent,8000.0,11500.0,2026-07-29
5Z7BKHT5-2026-08-08,5Z7BKHT5,2026-08-08,"Platform Support Engineer, Team Lead (German speaking)",Guidewire Software,devops,Senior,,True,permanent,16000.0,18000.0,2026-07-29
HOFF49SE-2026-08-08,HOFF49SE,2026-08-08,Senior Software Engineer - Python,Guidewire Software,fullstack,Senior,Kraków,True,permanent,20000.0,24000.0,2026-07-29
DZ3PAGTQ-2026-08-08,DZ3PAGTQ,2026-08-08,Software Engineer,Guidewire Software,frontend,Mid,,True,permanent,14000.0,15500.0,2026-07-29
YQQPADJZ-2026-08-08,YQQPADJZ,2026-08-08,Programista Android (Kotlin / Jetpack Compose),Audiotour,mobile,Mid,,True,uod,10000.0,10000.0,2026-07-21
9HXEVOH1-2026-08-08,9HXEVOH1,2026-08-08,Senior Software Engineer - Python,Guidewire Software,backend,Senior,,True,permanent,22500.0,27000.0,2026-07-29
D2MUMXYE-2026-08-08,D2MUMXYE,2026-08-08,Manual QA Engineer (Insurance | German),1dea,testing,Mid,,True,b2b,22680.0,26040.0,2026-07-17
JGJDZKG8-2026-08-08,JGJDZKG8,2026-08-08,Senior Solution Architect (afternoon hours),DahliaMatic Sp. z o.o.,architecture,Senior,Warszawa,False,b2b,25000.0,40000.0,2026-07-13
JLVVXKYK-2026-08-08,JLVVXKYK,2026-08-08,Kontroler Finansowy (K/M),JOBS LINK,finance,Mid,Ciechanów,False,permanent,10000.0,15000.0,2026-07-30
KWC02HN0-2026-08-08,KWC02HN0,2026-08-08,Senior Software Engineer (Java),j-labs software specialist,backend,Senior,Kraków,False,b2b,25200.0,31080.0,2026-07-17
W2LOAPCK-2026-08-08,W2LOAPCK,2026-08-08,Menu Design & Development Specialist - Afternoon shift,SpotOn,other,Mid,Kraków,False,permanent,6800.0,8500.0,2026-07-23
28PBVSGC-2026-08-08,28PBVSGC,2026-08-08,Eu Bid Manager,apreel Sp. z o.o.,businessIntelligence,Senior,Warszawa,True,b2b,19320.0,21000.0,2026-07-17
HPFFMKE3-2026-08-08,HPFFMKE3,2026-08-08,Architekt Rozwiązań IT,Upvanta,architecture,Mid,Wrocław,False,b2b,30450.0,31500.0,2026-07-13
NOF9SEXD-2026-08-08,NOF9SEXD,2026-08-08,Analityk Automatyzacji Procesów IT,Upvanta,businessAnalyst,Mid,Wrocław,False,b2b,17850.0,21000.0,2026-07-13
DQB3WXZJ-2026-08-08,DQB3WXZJ,2026-08-08,Senior Business Analyst (AI/ML),GFT Poland,businessAnalyst,Senior,Kraków,False,permanent,13800.0,21200.0,2026-07-17
VDHN0DHE-2026-08-08,VDHN0DHE,2026-08-08,Production Engineer/SRE,j-labs software specialist,support,Mid,Kraków,False,b2b,21000.0,25200.0,2026-07-23
JQWMEGSY-2026-08-08,JQWMEGSY,2026-08-08,Test Automation Engineer,Diverse CG Sp. z o.o. Sp.k.,testing,Mid,Warszawa,False,b2b,20160.0,22680.0,2026-07-17
G3XQM6HZ-2026-08-08,G3XQM6HZ,2026-08-08,DevOps Engineer (Mid/Senior),Link Group,devops,Senior,Warszawa,False,b2b,25200.0,30240.0,2026-07-23
NVF6EIPW-2026-08-08,NVF6EIPW,2026-08-08,Junior/Mid Penetration Testing Coordinator,Link Group,security,Mid,,True,b2b,25200.0,28560.0,2026-07-23
P8TETLBQ-2026-08-08,P8TETLBQ,2026-08-08,Product Manager (Ledger Domain),XTB,productManagement,Senior,Warszawa,True,permanent,19550.0,24800.0,2026-07-23
8CMPDTKJ-2026-08-08,8CMPDTKJ,2026-08-08,Senior QA Automation Engineer (ServiceNow ATF),Square One Resources,testing,Senior,,True,b2b,33600.0,40320.0,2026-07-17
12ZO2PKJ-2026-08-08,12ZO2PKJ,2026-08-08,Senior/Lead Robotics Software Engineer,Square One Resources,embedded,Senior,Warszawa,True,b2b,24360.0,26040.0,2026-07-29
OY8ANLYX-2026-08-08,OY8ANLYX,2026-08-08,Senior Data Platform Engineer - Python or Go,Link Group,data,Senior,Warszawa,False,permanent,38000.0,47000.0,2026-07-30
ZE64XNGG-2026-08-08,ZE64XNGG,2026-08-08,Architekt Rozwiązań IT ,ITFS Sp. z o.o.,architecture,Senior,Warszawa,False,b2b,25200.0,28560.0,2026-07-21
VURCVBYK-2026-08-08,VURCVBYK,2026-08-08,SAP Enterprise Architect,Convista Poland,architecture,Senior,Wrocław,False,permanent,20000.0,30000.0,2026-07-17
EBFBCPZ9-2026-08-08,EBFBCPZ9,2026-08-08,SAP Solution Architect,Convista Poland,architecture,Senior,Wrocław,False,permanent,20000.0,30000.0,2026-07-17
G4LDM9V8-2026-08-08,G4LDM9V8,2026-08-08,Główna Księgowa / Główny Księgowy,DCG Sp. z o.o.,finance,Senior,Gdańsk,False,permanent,20000.0,25000.0,2026-07-29
ZGRK6XMS-2026-08-08,ZGRK6XMS,2026-08-08,Tech Lead (Java + Angular),Mindbox Sp. z o.o.,frontend,Expert,Kraków,False,b2b,25200.0,29400.0,2026-07-23
R0WI8TBV-2026-08-08,R0WI8TBV,2026-08-08,Network Observability & Automation Engineer,Link Group,devops,Senior,Warszawa,False,permanent,37000.0,47000.0,2026-07-30
O9MT6ZWK-2026-08-08,O9MT6ZWK,2026-08-08,Senior Kafka Engineer,Mindbox Sp. z o.o.,devops,Senior,Kraków,False,b2b,25200.0,31500.0,2026-07-23
DOX0DABD-2026-08-08,DOX0DABD,2026-08-08,Software Development Engineer in Test (frontend),Mindbox Sp. z o.o.,frontend,Mid,Warszawa,False,b2b,27300.0,31500.0,2026-07-23
EFTDLSMB-2026-08-08,EFTDLSMB,2026-08-08,Software Engineer,Mindbox Sp. z o.o.,backend,Mid,Kraków,False,b2b,31500.0,34650.0,2026-07-23
NY7KCFAK-2026-08-08,NY7KCFAK,2026-08-08,MFA Business Analyst,Mindbox Sp. z o.o.,businessAnalyst,Mid,Kraków,False,b2b,21000.0,25200.0,2026-07-23
8VI4ESSK-2026-08-08,8VI4ESSK,2026-08-08,AI AppSec / AiSec Engineer,Mindbox Sp. z o.o.,artificialIntelligence,Mid,Kraków,False,b2b,33600.0,37800.0,2026-07-23
7JZVCKS7-2026-08-08,7JZVCKS7,2026-08-08,CRYP Senior Controls SME,Mindbox Sp. z o.o.,finance,Senior,Kraków,False,b2b,29400.0,33600.0,2026-07-23
R9US2DIM-2026-08-08,R9US2DIM,2026-08-08,Data Engineer (Microsoft Fabric),Mindbox Sp. z o.o.,data,Mid,Warszawa,False,b2b,21000.0,25200.0,2026-07-23
OPUVPEO5-2026-08-08,OPUVPEO5,2026-08-08,CSR AI Solution Engineer,Mindbox Sp. z o.o.,artificialIntelligence,Mid,Kraków,False,b2b,30450.0,34650.0,2026-07-23
IHXPUTHG-2026-08-08,IHXPUTHG,2026-08-08,Senior Backend Engineer (Java),Mindbox Sp. z o.o.,backend,Senior,Warszawa,False,b2b,29400.0,33600.0,2026-07-23
LQHDOZ8Z-2026-08-08,LQHDOZ8Z,2026-08-08,DevSecOps Engineer,Mindbox Sp. z o.o.,devops,Senior,Kraków,False,b2b,28350.0,30450.0,2026-07-23
TG6G8R2J-2026-08-08,TG6G8R2J,2026-08-08,CTS Analyst,Mindbox Sp. z o.o.,data,Mid,Warszawa,False,b2b,21000.0,26250.0,2026-07-23
LRYLOUPL-2026-08-08,LRYLOUPL,2026-08-08,Data Quality Analyst (French Speaking),Square One Resources,businessAnalyst,Mid,,True,b2b,16800.0,25200.0,2026-07-17
80JFSIZY-2026-08-08,80JFSIZY,2026-08-08,Software Engineer (Python / AWS),Silvair,backend,Mid,Kraków,False,b2b,18000.0,22000.0,2026-07-23
8O4KPD0L-2026-08-08,8O4KPD0L,2026-08-08,Lead Fullstack Developer (AI Coding),Moveli,fullstack,Senior,,True,b2b,17000.0,23000.0,2026-07-13
LXSHDRFF-2026-08-08,LXSHDRFF,2026-08-08,Project Manager (Azure & Cybersecurity),DCG,projectManager,Senior,Warszawa,False,b2b,23520.0,26040.0,2026-07-23
QEHCFGWF-2026-08-08,QEHCFGWF,2026-08-08,Senior Automation Tester,KMD Poland,testing,Senior,Warszawa,False,b2b,21840.0,28560.0,2026-07-23
PX2KZEUK-2026-08-08,PX2KZEUK,2026-08-08,Architekt Systemowy,Antal,architecture,Senior,Warszawa,False,b2b,26880.0,31920.0,2026-07-23
CRMEQKFD-2026-08-08,CRMEQKFD,2026-08-08,Optimizely .NET Developer,NoA Ignite Poland,backend,Senior,Kraków,False,b2b,20160.0,25872.0,2026-07-13
WXOQM0RE-2026-08-08,WXOQM0RE,2026-08-08,Scrum Master,KMD Poland,agile,Senior,Warszawa,False,b2b,25200.0,31080.0,2026-07-23
NIJWULBE-2026-08-08,NIJWULBE,2026-08-08,Senior UNIX Administrator,Verita HR,sysAdministrator,Senior,Kraków,False,b2b,20160.0,28224.0,2026-07-17
FUMAEQWI-2026-08-08,FUMAEQWI,2026-08-08,Java Developer,KMD Poland,backend,Mid,Warszawa,False,b2b,20160.0,26880.0,2026-07-23
U75CZGCR-2026-08-08,U75CZGCR,2026-08-08,SAP Support & Incident Manager,Nype,projectManager,Mid,Poznań,False,b2b,6000.0,12000.0,2026-07-13
KOFQTDDL-2026-08-08,KOFQTDDL,2026-08-08,AI Developer,Mindbox Sp. z o.o.,backend,Mid,Kraków,False,b2b,27300.0,35700.0,2026-07-17
UBFDOIYD-2026-08-08,UBFDOIYD,2026-08-08,MS Dynamics 365 CRM Azure Lead Developer,Mindbox Sp. z o.o.,other,Senior,Kraków,False,b2b,31500.0,35700.0,2026-07-17
0NTK0DMM-2026-08-08,0NTK0DMM,2026-08-08,Analityk/Analityczka Biznesowy/a (AML/KYC),Mindbox Sp. z o.o.,other,Mid,Wrocław,False,b2b,9660.0,11130.0,2026-07-17
VKFEBB5N-2026-08-08,VKFEBB5N,2026-08-08,ReactJS Developer,Mindbox Sp. z o.o.,other,Mid,Kraków,False,b2b,25200.0,29400.0,2026-07-17
VIIRTLHN-2026-08-08,VIIRTLHN,2026-08-08,Automation & AI Architect,Link Group,architecture,Senior,,True,b2b,23520.0,26880.0,2026-07-30
1D266YYU-2026-08-08,1D266YYU,2026-08-08,Software Developer,Mindbox Sp. z o.o.,backend,Mid,Kraków,False,b2b,31500.0,35700.0,2026-07-17
UVBJ1VGF-2026-08-08,UVBJ1VGF,2026-08-08,Control Analyst,Mindbox Sp. z o.o.,data,Mid,Kraków,False,b2b,25200.0,29400.0,2026-07-17
V6QP8WQT-2026-08-08,V6QP8WQT,2026-08-08,Microsoft Azure Cloud Engineer,Mindbox Sp. z o.o.,other,Mid,Kraków,False,b2b,25200.0,29400.0,2026-07-17
KAMCF4KP-2026-08-08,KAMCF4KP,2026-08-08,Senior DevOps Engineer,j-labs software specialist,devops,Senior,Kraków,False,b2b,26880.0,32760.0,2026-07-23
XAC5KK7O-2026-08-08,XAC5KK7O,2026-08-08,Senior Java Developer,KMD Poland,backend,Senior,Warszawa,False,b2b,23520.0,29400.0,2026-07-23
NV7R6A0X-2026-08-08,NV7R6A0X,2026-08-08,Senior Azure .NET Developer,NoA Ignite Poland,backend,Senior,Kraków,False,b2b,20160.0,25872.0,2026-07-13
ATUONBA6-2026-08-08,ATUONBA6,2026-08-08,Business and Systems Analyst,Scalo,data,Senior,Warszawa,False,b2b,22680.0,24360.0,2026-07-30
YFGNCWOI-2026-08-08,YFGNCWOI,2026-08-08,Senior UNIX Administrator,Mindbox Sp. z o.o.,backend,Senior,Kraków,False,b2b,21000.0,25200.0,2026-07-17
5IIHXJPO-2026-08-08,5IIHXJPO,2026-08-08,Maintenance Specialist,Allegro sp. z o.o.,logistics,Mid,wolica,False,permanent,9000.0,9000.0,2026-07-29
EKLEHXGP-2026-08-08,EKLEHXGP,2026-08-08,Content & Social Media Specialist (Remote),Hatiroo Sp. z o.o.,marketing,Mid,,True,b2b,7000.0,9000.0,2026-07-13
QXTGUWDN-2026-08-08,QXTGUWDN,2026-08-08,"Project Manager (branża Automatyka, Elektrotechnika) ",iPME sp. z o.o. sp k.,automation,Mid,,False,permanent,21500.0,21500.0,2026-07-30
SZNQRTIF-2026-08-08,SZNQRTIF,2026-08-08,"Lead Developer / Senior Software Engineer (Python, AWS, React)",Upvanta,fullstack,Senior,,True,b2b,21000.0,29400.0,2026-07-29
TIVPJXMY-2026-08-08,TIVPJXMY,2026-08-08,Business Analyst - Legal Operations (f/m/x),Sii Polska,businessAnalyst,Senior,Kraków,True,b2b,23100.0,25200.0,2026-07-23
EYXBZNWR-2026-08-08,EYXBZNWR,2026-08-08,"Business Analyst, TRA Transformation",HSBC Technology Poland,businessAnalyst,Senior,Kraków,False,permanent,15108.0,22658.0,2026-07-29
FK1FTJSV-2026-08-08,FK1FTJSV,2026-08-08,Senior Software Engineer (Java / Kotlin) - Allegro Ads,Grupa Allegro Sp. z o. o.,backend,Senior,Warszawa,False,permanent,18850.0,25900.0,2026-07-17
YKBH8ABX-2026-08-08,YKBH8ABX,2026-08-08,Projektant / Projektantka systemów testowych,Diverse CG Sp. z o.o. Sp.k.,electronics,Mid,Ostaszewo,False,permanent,8000.0,10000.0,2026-07-17
OYCCDM78-2026-08-08,OYCCDM78,2026-08-08,Programista / Programistka Java,Diverse CG Sp. z o.o. Sp.k.,backend,Mid,Warszawa,False,b2b,23520.0,26040.0,2026-07-29
NAWOMLFS-2026-08-08,NAWOMLFS,2026-08-08,"Product Designer, Coordinate",Asana,ux,Mid,Warszawa,False,permanent,24916.0,27479.0,2026-07-29
VRMVQYPO-2026-08-08,VRMVQYPO,2026-08-08,AV & Events Engineer,Asana,sysAdministrator,Mid,Warszawa,False,permanent,20800.0,22980.0,2026-07-29
RRGNJ8NF-2026-08-08,RRGNJ8NF,2026-08-08,Principal Data Engineer,GFT Poland,data,Expert,Kraków,False,permanent,22500.0,34500.0,2026-07-17
8MAQKMGG-2026-08-08,8MAQKMGG,2026-08-08,Security Risk and Compliance Lead,Asana,security,Mid,Warszawa,False,permanent,22750.0,27250.0,2026-07-29
3JY7103N-2026-08-08,3JY7103N,2026-08-08,Principal Data Consultant,GFT Poland,data,Expert,Kraków,False,b2b,33600.0,44520.0,2026-07-17
FRKTU9Z7-2026-08-08,FRKTU9Z7,2026-08-08,"Security Engineer, Threat Response",Asana,security,Mid,Warszawa,False,permanent,31900.0,36250.0,2026-07-29
KXENSEAE-2026-08-08,KXENSEAE,2026-08-08,Project Manager,Devire,projectManager,Mid,,True,b2b,18480.0,21840.0,2026-07-23
QQKCQ6EL-2026-08-08,QQKCQ6EL,2026-08-08,Software Engineer 2 (Java / Kotlin) - Partner Workspace,Grupa Allegro Sp. z o. o.,backend,Mid,Warszawa,False,permanent,14600.0,20825.0,2026-07-17
5SDCO9V6-2026-08-08,5SDCO9V6,2026-08-08,Senior SAP Co Consultant S/4hana Transformation,Makeitright Sp. z o.o.,other,Senior,,True,b2b,26880.0,33600.0,2026-07-23
YRBZ77TX-2026-08-08,YRBZ77TX,2026-08-08,Production Support Engineer,Connectis_,support,Mid,Kraków,False,b2b,12000.0,15000.0,2026-07-17
5ANWH60M-2026-08-08,5ANWH60M,2026-08-08,Mid Android Developer,Angry Nerds,mobile,Mid,Wrocław,True,b2b,10900.0,16800.0,2026-07-17
MEUHEXOU-2026-08-08,MEUHEXOU,2026-08-08,"Engineering Manager, Platform Reliability",Asana,devops,Mid,Warszawa,False,permanent,43500.0,49000.0,2026-07-29
ZJDSYVU7-2026-08-08,ZJDSYVU7,2026-08-08,Senior QA Engineer (Python)/ QA Lead (Python) / he / she,ASTEK Polska,testing,Senior,Kraków,False,b2b,23100.0,27300.0,2026-07-17
NX3G4GZV-2026-08-08,NX3G4GZV,2026-08-08,"Group Tech Lead, Security Operations",Asana,security,Mid,Warszawa,False,permanent,35000.0,52000.0,2026-07-29
NE21EHCP-2026-08-08,NE21EHCP,2026-08-08,Senior Software Engineer - Python,Guidewire Software,backend,Senior,Kraków,False,permanent,22500.0,27000.0,2026-07-29
WRTM5ZDR-2026-08-08,WRTM5ZDR,2026-08-08,Business Development Manager — Poland,Merchantee s.r.o.,sales,Senior,,True,b2b,10700.0,21400.0,2026-07-13
JR9PAD5Y-2026-08-08,JR9PAD5Y,2026-08-08,"Tech Lead, Platform Reliability Engineering",Asana,devops,Mid,Warszawa,False,permanent,29000.0,42000.0,2026-07-29
P5UUGX3F-2026-08-08,P5UUGX3F,2026-08-08,"Engineering Manager, Growth",Asana,projectManager,Senior,Warszawa,False,permanent,39583.0,50417.0,2026-07-29
26MW6KZM-2026-08-08,26MW6KZM,2026-08-08,Cybersecurity Project Manager,ITFS Sp. z o.o.,projectManager,Mid,Warszawa,False,b2b,33600.0,36960.0,2026-07-30
S55AUMUP-2026-08-08,S55AUMUP,2026-08-08,"Senior Software Engineer, Site Reliability",Asana,devops,Senior,Warszawa,False,permanent,31000.0,36000.0,2026-07-29
4P9NF1DU-2026-08-08,4P9NF1DU,2026-08-08,"Senior Software Engineer, Platform Reliability",Asana,devops,Senior,Warszawa,False,permanent,31000.0,36000.0,2026-07-29
CW39RBHZ-2026-08-08,CW39RBHZ,2026-08-08,Test Lead (Java + Appium).,Connectis_,testing,Mid,Kraków,False,b2b,18648.0,25200.0,2026-07-17
LOON0C7D-2026-08-08,LOON0C7D,2026-08-08,Senior IBM Mainframe Developer,ITFS Sp. z o.o.,other,Senior,,True,permanent,31080.0,32760.0,2026-07-30
RDZEYNLP-2026-08-08,RDZEYNLP,2026-08-08,Senior Infrastructure Engineer (Software-Focused),Asana,devops,Senior,Warszawa,False,permanent,31000.0,36000.0,2026-07-29
XHMFRDQM-2026-08-08,XHMFRDQM,2026-08-08,Software Developer (.NET),DCG,backend,Senior,Warszawa,False,b2b,23520.0,24360.0,2026-07-29
4AVDQ2NO-2026-08-08,4AVDQ2NO,2026-08-08,Senior Software Engineer,Asana,backend,Senior,Warszawa,False,permanent,31900.0,36250.0,2026-07-29
P1H7OIZE-2026-08-08,P1H7OIZE,2026-08-08,Fullstack Engineer,Asana,fullstack,Mid,Warszawa,False,permanent,31900.0,36250.0,2026-07-29
1TPZ4GBY-2026-08-08,1TPZ4GBY,2026-08-08,"Product Manager, Adapt",Asana,productManagement,Mid,Warszawa,False,permanent,29000.0,31935.0,2026-07-29
GOZJGDUD-2026-08-08,GOZJGDUD,2026-08-08,Salesforce Developer (Service Cloud | Einstein AI | Agentforce),Makeitright Sp. z o.o.,artificialIntelligence,Mid,Warszawa,False,b2b,25200.0,30240.0,2026-07-23
O0HP15UN-2026-08-08,O0HP15UN,2026-08-08,FuSa Infotainment Engineer,ITFS Sp. z o.o.,mechanics,Senior,Gdynia,True,permanent,25200.0,33600.0,2026-07-30
DKETZWFA-2026-08-08,DKETZWFA,2026-08-08,Specjalista/ka ds. obsługi klienta z j. szwedzkim,Transcom Worldwide Poland Sp. z o.o.,customerService,Mid,Gdańsk,True,permanent,8250.0,9000.0,2026-07-30
0ACTFOBX-2026-08-08,0ACTFOBX,2026-08-08,Site Reliability Engineer,Link Group,devops,Senior,Warszawa,False,permanent,32000.0,44000.0,2026-07-23
VWZQOORZ-2026-08-08,VWZQOORZ,2026-08-08,Pracownik/Pracowniczka w biurze obsługi klienta,Transcom Worldwide Poland Sp. z o.o.,customerService,Mid,Olsztyn,False,permanent,5275.0,5275.0,2026-07-30
JEHV31PN-2026-08-08,JEHV31PN,2026-08-08,Pracownik/Pracowniczka w biurze obsługi klienta,Transcom Worldwide Poland Sp. z o.o.,customerService,Mid,elbląg,False,permanent,5275.0,5275.0,2026-07-30
YK528BKB-2026-08-08,YK528BKB,2026-08-08,Senior DevOps Engineer,Link Group,devops,Senior,Warszawa,False,permanent,28000.0,38000.0,2026-07-23
SFLLPHDK-2026-08-08,SFLLPHDK,2026-08-08,Pracownik/Pracowniczka w biurze obsługi klienta,Transcom Worldwide Poland Sp. z o.o.,customerService,Mid,Gdańsk,False,permanent,5275.0,5275.0,2026-07-30
GJ9FNEG8-2026-08-08,GJ9FNEG8,2026-08-08,One Identity Manager Solution Architect,Makeitright Sp. z o.o.,architecture,Mid,,True,b2b,42000.0,50400.0,2026-07-23
VPLYVQPF-2026-08-08,VPLYVQPF,2026-08-08,DevOps / Site Reliability Engineer,Link Group,devops,Senior,Warszawa,False,b2b,20000.0,25000.0,2026-07-30
PCMECKQ3-2026-08-08,PCMECKQ3,2026-08-08,Customer Service Specialist with Finnish and Swedish,Transcom Worldwide Poland Sp. z o.o.,customerService,Mid,,True,permanent,10172.0,11172.0,2026-07-30
1CYLHMCC-2026-08-08,1CYLHMCC,2026-08-08,Specjalista/ka ds. obsługi klienta z j. hiszpańskim,Transcom Worldwide Poland Sp. z o.o.,customerService,Mid,,True,permanent,6650.0,7600.0,2026-07-30
7FHI04CC-2026-08-08,7FHI04CC,2026-08-08,Senior Java Developer/Tech Lead,Link Group,backend,Senior,Warszawa,False,permanent,40000.0,52000.0,2026-07-23
FACH0TGA-2026-08-08,FACH0TGA,2026-08-08,Senior Cybersecurity Engineer (Defence & Security),Spyrosoft,security,Senior,Wrocław,False,permanent,20000.0,25000.0,2026-07-23
1EEZ0TNT-2026-08-08,1EEZ0TNT,2026-08-08,Senior Functional Safety Engineer (Defence & Security),Spyrosoft,security,Senior,Wrocław,False,permanent,17000.0,21000.0,2026-07-23
CZMDSNT4-2026-08-08,CZMDSNT4,2026-08-08,Fullstack Java Developer (Mid),LeanForge,fullstack,Mid,Wrocław,False,b2b,13000.0,22000.0,2026-07-30
KIY9ZJDX-2026-08-08,KIY9ZJDX,2026-08-08,Data Management / Data Quality SME (Collibra),Makeitright Sp. z o.o.,data,Mid,,True,b2b,28560.0,33600.0,2026-07-23
88WPTHZB-2026-08-08,88WPTHZB,2026-08-08,Senior Data Engineer,DS STREAM,data,Senior,Warszawa,True,b2b,25200.0,28560.0,2026-07-23
K6U188CT-2026-08-08,K6U188CT,2026-08-08,"Product Manager, Command",Asana,productManagement,Mid,Warszawa,False,permanent,37000.0,46000.0,2026-07-29
ZHRON9W8-2026-08-08,ZHRON9W8,2026-08-08,"Product Manager, Work Intake",Asana,productManagement,Mid,Warszawa,False,permanent,23660.0,25600.0,2026-07-29
13IX9K6H-2026-08-08,13IX9K6H,2026-08-08,Senior Tester Manualny,Devire,testing,Senior,,True,b2b,15120.0,20160.0,2026-07-17
87N3UTB6-2026-08-08,87N3UTB6,2026-08-08,Azure VMware Solution Consultant (f/m/x),Sii Polska,architecture,Senior,Kraków,True,b2b,25200.0,30450.0,2026-07-29
9ZLN9JTY-2026-08-08,9ZLN9JTY,2026-08-08,Site Reliability Engineer (SRE) [M/F],Arche Solutions,devops,Mid,,True,b2b,21840.0,25200.0,2026-07-17
YPNAC41W-2026-08-08,YPNAC41W,2026-08-08,"Product Designer, Adapt",Asana,ux,Mid,Warszawa,False,permanent,24916.0,27479.0,2026-07-29
PFIUSGW0-2026-08-08,PFIUSGW0,2026-08-08,GCP Data Engineer with Java (f/m/x),Sii Polska,data,Senior,Kraków,False,b2b,18900.0,25200.0,2026-07-23
3BHSEIX7-2026-08-08,3BHSEIX7,2026-08-08,Senior Software Engineer - Backend (Price Integrity & Insight),Tesco Technology,backend,Senior,Kraków,False,permanent,26000.0,33000.0,2026-07-29
A175SZOQ-2026-08-08,A175SZOQ,2026-08-08,Data Scientist,Asana,data,Mid,Warszawa,False,permanent,29000.0,32900.0,2026-07-29
SNHN9X8E-2026-08-08,SNHN9X8E,2026-08-08,Competitive Intelligence Analyst,Asana,businessAnalyst,Mid,Warszawa,False,permanent,29333.0,32333.0,2026-07-29
W6SWKZEH-2026-08-08,W6SWKZEH,2026-08-08,Dyrektor Działu Sprzedaży,Winged IT,sales,Expert,Warszawa,False,b2b,25000.0,30000.0,2026-07-29
SAOZOYE9-2026-08-08,SAOZOYE9,2026-08-08,Specjalista ds. kadr i płac (K/M),Audit HR,hr,Mid,Poznań,False,permanent,8000.0,9000.0,2026-07-30
59XNI2HL-2026-08-08,59XNI2HL,2026-08-08,"Tech Lead, Platform Reliability Engineering",Asana,devops,Mid,Warszawa,False,permanent,29000.0,42000.0,2026-07-29
NYHGE0EZ-2026-08-08,NYHGE0EZ,2026-08-08,Dyrektor logistyki (K/M),Audit HR,logistics,Mid,Gorzów Wielkopolski,False,permanent,24000.0,25000.0,2026-07-30
T4WCU8VP-2026-08-08,T4WCU8VP,2026-08-08,Remote Embedded Test Automation Engineer,BytesBakers,testing,Mid,,True,b2b,18000.0,28000.0,2026-07-23
KWGD1NDM-2026-08-08,KWGD1NDM,2026-08-08,Stażysta / Stażystka w dziale Internal Support,Ringier Axel Springer Tech,support,Trainee,Kraków,False,zlecenie,5400.0,5400.0,2026-07-17
BES8LDAE-2026-08-08,BES8LDAE,2026-08-08,Kierownik/Kierowniczka Sekcji Rozwoju Sztucznej Inteligencji/AI,Sieć Badawcza Łukasiewicz - Poznański Instytut Technologiczny,artificialIntelligence,Senior,Poznań,False,permanent,17000.0,20000.0,2026-07-23
FE8CCDPM-2026-08-08,FE8CCDPM,2026-08-08,DevOps Engineer with GCP (f/m/x),Sii Polska,devops,Senior,Kraków,False,b2b,25200.0,29400.0,2026-07-23
7IFCIRVL-2026-08-08,7IFCIRVL,2026-08-08,Ekspert Data Governance K/M,ASTEK Polska,data,Senior,Warszawa,True,b2b,21000.0,24150.0,2026-07-29
PDSKUMEA-2026-08-08,PDSKUMEA,2026-08-08,Senior DBA PostgreSQL,Verita HR,other,Senior,Kraków,False,b2b,24000.0,27000.0,2026-07-23
PGBTB58Q-2026-08-08,PGBTB58Q,2026-08-08,BI Developer,Scalo,data,Mid,Warszawa,False,b2b,20160.0,21840.0,2026-07-30
TPNTSW4I-2026-08-08,TPNTSW4I,2026-08-08,System Analyst,Scalo,data,Mid,,True,b2b,21840.0,23520.0,2026-07-13
BROOFUPW-2026-08-08,BROOFUPW,2026-08-08,Infrastructure Data Engineer,Mindbox Sp. z o.o.,data,Senior,Kraków,False,b2b,29400.0,34650.0,2026-07-29
ZA0U3TR3-2026-08-08,ZA0U3TR3,2026-08-08,Technology Enterprise Architect,Mindbox Sp. z o.o.,architecture,Mid,Kraków,False,b2b,24150.0,28350.0,2026-07-29
RMZSYEWC-2026-08-08,RMZSYEWC,2026-08-08,AI Technical Lead,Mindbox Sp. z o.o.,artificialIntelligence,Senior,Kraków,False,b2b,25200.0,30450.0,2026-07-29
LJIABLQ9-2026-08-08,LJIABLQ9,2026-08-08,Senior Golang developer,SoftServe,backend,Senior,,True,b2b,18000.0,22000.0,2026-07-17
GI4EMLGL-2026-08-08,GI4EMLGL,2026-08-08,Senior AI NodeJS Engineer,Tooploox,artificialIntelligence,Senior,Wrocław,True,b2b,18000.0,28000.0,2026-07-16
OJFODH4S-2026-08-08,OJFODH4S,2026-08-08,Senior Data Engineer,Link Group,data,Senior,Warszawa,False,b2b,26000.0,33000.0,2026-07-30
WHKZHSJN-2026-08-08,WHKZHSJN,2026-08-08,Validation Engineer with Python in AI area (f/m/x),Sii Polska,testing,Mid,Gdańsk,False,b2b,7350.0,10500.0,2026-07-29
OFHQJ8N1-2026-08-08,OFHQJ8N1,2026-08-08,IT Support Specialist (L1/L2) m/f/d,Qarbon IT Sp. z o.o.,support,Mid,Radzymin,False,b2b,11000.0,13000.0,2026-07-13
WXSAIWP6-2026-08-08,WXSAIWP6,2026-08-08,Junior Automation Developer (Programista Automatyzacji),Upvanta,backend,Junior,Wrocław,False,b2b,7350.0,10500.0,2026-07-29
SZDNDFHH-2026-08-08,SZDNDFHH,2026-08-08,Embedded Firmware Engineer ,Upvanta,embedded,Mid,Wrocław,False,b2b,19320.0,21000.0,2026-07-29
C0VTFMOU-2026-08-08,C0VTFMOU,2026-08-08,Automation Test Engineer Python / Robot Framework,Makeitright Sp. z o.o.,testing,Mid,Warszawa,False,b2b,16800.0,20160.0,2026-07-30
PS5TLTJJ-2026-08-08,PS5TLTJJ,2026-08-08,"Senior Backend Engineer (Java, Microservices & AI Automation)",j-labs software specialist,backend,Senior,Kraków,True,b2b,25200.0,31080.0,2026-07-17
ENKWF762-2026-08-08,ENKWF762,2026-08-08,Senior Java Developer Kraków,j-labs software specialist,backend,Senior,Kraków,False,b2b,25200.0,30240.0,2026-07-17
8G5LMYLP-2026-08-08,8G5LMYLP,2026-08-08,Manual Tester,Scalo,testing,Senior,Warszawa,False,b2b,18480.0,20160.0,2026-07-13
3URBHXBP-2026-08-08,3URBHXBP,2026-08-08,Mobile KMP Developer,Scalo,mobile,Senior,Warszawa,False,b2b,25200.0,26880.0,2026-07-13
8WZ5YGPY-2026-08-08,8WZ5YGPY,2026-08-08,Architekt IT (Java + GCP),Scalo,backend,Senior,Warszawa,False,b2b,28560.0,30240.0,2026-07-13
7J6XWIL2-2026-08-08,7J6XWIL2,2026-08-08,Project Manager,Scalo,projectManager,Senior,Warszawa,False,b2b,25200.0,26880.0,2026-07-13
SPWRERBU-2026-08-08,SPWRERBU,2026-08-08,Principal Software Engineer,Manufacturo,architecture,Expert,Kraków,False,b2b,31920.0,43680.0,2026-07-29
R2KSDXDC-2026-08-08,R2KSDXDC,2026-08-08,Brygadzista/ Kierownik zmiany (K/M),Audit HR,logistics,Mid,Słubice,False,permanent,12000.0,13000.0,2026-07-29
UOARCZ3C-2026-08-08,UOARCZ3C,2026-08-08,Senior React Frontend Developer with Fixed Income experience,Vistulo (for a major N. American bank),frontend,Senior,Kraków,True,b2b,36960.0,42000.0,2026-07-29
UAWZITQI-2026-08-08,UAWZITQI,2026-08-08,Senior Python Engineer with AI/ML skills,GFT Poland,artificialIntelligence,Senior,Kraków,False,permanent,15900.0,24300.0,2026-07-29
YSTMMYHM-2026-08-08,YSTMMYHM,2026-08-08,Manual Tester,Scalo,testing,Mid,Warszawa,True,b2b,11760.0,13440.0,2026-07-29
PTMZYBQJ-2026-08-08,PTMZYBQJ,2026-08-08,Pracownik biurowy z językiem niemieckim,SALES HR,officeAdministration,Mid,Kraków,False,permanent,9000.0,9500.0,2026-07-29
RHVBFJOV-2026-08-08,RHVBFJOV,2026-08-08,AMS Consultant with IBM iSeries & ILE RPG,GFT Poland,backend,Senior,Kraków,False,b2b,20160.0,25200.0,2026-07-29
D3XLHD1J-2026-08-08,D3XLHD1J,2026-08-08,Specjalista ds logistyki i transportu (chłodnie),SALES HR,logistics,Mid,Olkusz,False,permanent,12000.0,14000.0,2026-07-29
EPO9H4CC-2026-08-08,EPO9H4CC,2026-08-08,HR Specialist – realny wpływ na procesy HR,Job Impulse,hr,Senior,Poznań,False,b2b,9000.0,11000.0,2026-07-29
CK0N08C0-2026-08-08,CK0N08C0,2026-08-08,"Senior Java Backend Engineer (Core Java, Trading Systems)",Vistulo (for a major N. American bank),backend,Senior,Kraków,True,b2b,36960.0,40320.0,2026-07-29
SMDH6VSL-2026-08-08,SMDH6VSL,2026-08-08,"Lead Product Manager - AI & Automation, Finance ",Bayer,productManagement,Expert,Warszawa,False,permanent,25760.0,32300.0,2026-07-16
CWKLW2E9-2026-08-08,CWKLW2E9,2026-08-08,Przedstawiciel Handlowy na Polskę (branża mięsna - wołowina),SALES HR,sales,Mid,Gdańsk,False,b2b,10000.0,14000.0,2026-07-29
NHVW5BJB-2026-08-08,NHVW5BJB,2026-08-08,Business Development Manager DACH,Andea Solutions Sp. z o.o.,sales,Mid,Kraków,True,b2b,13440.0,20160.0,2026-07-29
NWQGCHV9-2026-08-08,NWQGCHV9,2026-08-08,Senior Data Science Consultant with Python,GFT Poland,data,Senior,Kraków,False,b2b,22848.0,29064.0,2026-07-16
6YYQ0PZD-2026-08-08,6YYQ0PZD,2026-08-08,Senior Python Engineer,Scalo,backend,Senior,,True,b2b,23520.0,25200.0,2026-07-29
UF8QTFWO-2026-08-08,UF8QTFWO,2026-08-08,Business Analyst - Dynamics 365,Antal,businessAnalyst,Senior,Kraków,False,b2b,33600.0,40320.0,2026-07-16
L0ZROFII-2026-08-08,L0ZROFII,2026-08-08,Full Stack Engineer – Backend (Node.js) Oriented,Antal,fullstack,Senior,Wrocław,False,b2b,25200.0,27720.0,2026-07-22
GXGF71YD-2026-08-08,GXGF71YD,2026-08-08,Automatyk (m/k),JOBS LINK,automation,Mid,Ostrów Mazowiecka,False,permanent,12000.0,15000.0,2026-07-29
ESYDUQUH-2026-08-08,ESYDUQUH,2026-08-08, Platform Engineer,"AVENGA (Agencja Pracy, nr KRAZ: 8448)",devops,Mid,Warszawa,False,b2b,30240.0,33600.0,2026-07-29
HFPKRTXW-2026-08-08,HFPKRTXW,2026-08-08,Key Account Manager (K/M) - rynki zagraniczne ,JOBS LINK,sales,Mid,Warszawa,True,permanent,12000.0,15000.0,2026-07-29
YDZERSBJ-2026-08-08,YDZERSBJ,2026-08-08,Python Developer,DS STREAM,backend,Senior,Warszawa,True,b2b,26040.0,28560.0,2026-07-29
ZBQNUQWH-2026-08-08,ZBQNUQWH,2026-08-08,Key Account Manager,Dogs Plate,sales,Mid,Poznań,False,permanent,8000.0,10000.0,2026-07-29
SPI7SO2D-2026-08-08,SPI7SO2D,2026-08-08,"Senior Software Engineer, Content AI",MOTIFE,artificialIntelligence,Senior,Warszawa,False,permanent,26000.0,32000.0,2026-07-22
OI26DGYC-2026-08-08,OI26DGYC,2026-08-08,"Senior Data Engineer (Hadoop, Spark)",GFT Poland,data,Senior,Kraków,False,permanent,15800.0,24300.0,2026-07-16
I9RAWJFJ-2026-08-08,I9RAWJFJ,2026-08-08,Junior IT Strategy Analyst,Mindbox Sp. z o.o.,data,Junior,Wrocław,False,b2b,6615.0,8400.0,2026-07-16
2EA3TWWK-2026-08-08,2EA3TWWK,2026-08-08,Project Specialist,Antal,projectManager,Mid,Warszawa,False,b2b,11760.0,16800.0,2026-07-10
RAHTUXNI-2026-08-08,RAHTUXNI,2026-08-08,Senior Business Analyst,GFT Poland,businessAnalyst,Senior,Kraków,False,permanent,13900.0,21270.0,2026-07-29
9WNMVBGB-2026-08-08,9WNMVBGB,2026-08-08,Tech Lead (Java),MOTIFE,backend,Mid,Kraków,False,permanent,27000.0,30500.0,2026-07-22
BTUFNK6M-2026-08-08,BTUFNK6M,2026-08-08,MŁODSZY KSIĘGOWY (K/M),Audit HR,finance,Mid,Kostrzyn nad Odrą,False,permanent,6000.0,8000.0,2026-07-29
C23H4F8Q-2026-08-08,C23H4F8Q,2026-08-08,Senior Python Consultant with AI/ML skills,GFT Poland,artificialIntelligence,Senior,Kraków,False,b2b,23520.0,28560.0,2026-07-29
110UOPZR-2026-08-08,110UOPZR,2026-08-08,Data Architect / Data Modeller,Antal,data,Senior,Kraków,False,b2b,30240.0,33600.0,2026-07-16
KRGLXA7E-2026-08-08,KRGLXA7E,2026-08-08,Senior DevOps Engineer with GCP,GFT Poland,devops,Senior,Kraków,False,permanent,15900.0,24300.0,2026-07-10
GVRPTXRT-2026-08-08,GVRPTXRT,2026-08-08,Inżynier Procesu (K/M),Audit HR,logistics,Mid,Międzyrzecz,False,permanent,8000.0,10000.0,2026-07-29
JQ7TTX9G-2026-08-08,JQ7TTX9G,2026-08-08,Machine Learning Infrastructure Engineer,MOTIFE,artificialIntelligence,Mid,Warszawa,False,permanent,24000.0,28000.0,2026-07-22
J0DHBZ4Y-2026-08-08,J0DHBZ4Y,2026-08-08,Key Account Manager (Sports Nutrition) DACH area,SALES HR,sales,Mid,,False,permanent,43010.0,43010.0,2026-07-29
UM7Q7ZXE-2026-08-08,UM7Q7ZXE,2026-08-08,Senior Python Engineer,Scalo,backend,Senior,Warszawa,True,b2b,21840.0,25200.0,2026-07-29
GKO5TVPH-2026-08-08,GKO5TVPH,2026-08-08,Transformation Product Owner/Program Lead,Scalo,productManagement,Senior,Warszawa,False,b2b,20160.0,21840.0,2026-07-12
F1XPZU0Z-2026-08-08,F1XPZU0Z,2026-08-08,Platform DevOps/SRE Engineer,CloudFerro,devops,Mid,Warszawa,False,b2b,13000.0,20000.0,2026-07-29
HJGHOKX7-2026-08-08,HJGHOKX7,2026-08-08,Senior Specjalista/-tka ds. obsługi zamówień (j.angielski),SALES HR,customerService,Mid,olkusz,False,permanent,9000.0,10000.0,2026-07-29
G2T2NHTC-2026-08-08,G2T2NHTC,2026-08-08,Microsoft Dynamics 365 Software Engineer (5 months),Falck Digital Technology,erp,Senior,,True,b2b,30240.0,38640.0,2026-07-29
PTSYOHWG-2026-08-08,PTSYOHWG,2026-08-08,Senior Full Stack AI/ML Engineer,Mindbox Sp. z o.o.,fullstack,Senior,Kraków,False,b2b,33600.0,37800.0,2026-07-16
DHRDPR52-2026-08-08,DHRDPR52,2026-08-08,Data Science Analyst,Margo,data,Mid,Warszawa,False,b2b,19320.0,20160.0,2026-07-22
B44OOBO4-2026-08-08,B44OOBO4,2026-08-08,Manual Tester,Scalo,testing,Mid,Warszawa,False,b2b,17640.0,19320.0,2026-07-12
H6MIYRYE-2026-08-08,H6MIYRYE,2026-08-08,Senior Mobile Engineer (iOS / Android) ,Ringier Axel Springer Tech,mobile,Senior,Kraków,False,b2b,16400.0,27300.0,2026-07-29
AYED6UQ3-2026-08-08,AYED6UQ3,2026-08-08,Lead Platform Engineer,CloudFerro,devops,Senior,Warszawa,False,b2b,21000.0,29000.0,2026-07-29
3GBGXDB0-2026-08-08,3GBGXDB0,2026-08-08,Specjalista/ka ds. serwisu - automatyka kolejowa,Job Impulse,automation,Mid,Luboń,False,permanent,6700.0,7500.0,2026-07-29
KE20CPZ6-2026-08-08,KE20CPZ6,2026-08-08,Operator Maszyn CNC (K/M),JOBS LINK,automation,Mid,Białystok,False,permanent,7500.0,8500.0,2026-07-29
UUMWXMSN-2026-08-08,UUMWXMSN,2026-08-08,Software Development Engineer,Mindbox Sp. z o.o.,backend,Senior,Kraków,False,b2b,32550.0,35700.0,2026-07-22
Z7EMW6NZ-2026-08-08,Z7EMW6NZ,2026-08-08,"Software Engineer III, Backend (Identity & Security)",Box Inc.,backend,Mid,Warszawa,False,permanent,21000.0,29000.0,2026-07-29
CF6I900U-2026-08-08,CF6I900U,2026-08-08,Data Architect,Scalo,data,Senior,Warszawa,False,b2b,30240.0,31920.0,2026-07-12
W6GSCNBJ-2026-08-08,W6GSCNBJ,2026-08-08,Export Manager (Wołowina),SALES HR,logistics,Mid,Warszawa,False,b2b,20000.0,30000.0,2026-07-29
JJFUKZPI-2026-08-08,JJFUKZPI,2026-08-08,Senior Machine Learning Engineer,MOTIFE,artificialIntelligence,Senior,Warszawa,False,permanent,31000.0,35000.0,2026-07-22
PTRTFVO1-2026-08-08,PTRTFVO1,2026-08-08,Koordynator/ka ds. Fundacji | Dołącz do organizacji z misją,Job Impulse,officeAdministration,Expert,Poznań,False,b2b,8000.0,12000.0,2026-07-29
9MU1PCVB-2026-08-08,9MU1PCVB,2026-08-08,Specjalista / Specjalistka ds. CRM i Kampanii Personalizowanych,DCG,marketing,Mid,WARSAW,False,b2b,13440.0,16800.0,2026-07-10
YNB8FHSR-2026-08-08,YNB8FHSR,2026-08-08,Test Lead,Devire,testing,Senior,,True,b2b,16800.0,20160.0,2026-07-29
Y4AF2FDL-2026-08-08,Y4AF2FDL,2026-08-08,Senior DevOps Engineer,MOTIFE,devops,Senior,Warszawa,False,permanent,27000.0,33000.0,2026-07-22
AEM58PZP-2026-08-08,AEM58PZP,2026-08-08,Staff Software Engineer - Kubernetes Platform Architecture,CloudFerro,architecture,Senior,Warszawa,False,b2b,28000.0,33000.0,2026-07-29
LR89GUI9-2026-08-08,LR89GUI9,2026-08-08,Senior Fullstack Consultant (Java & React),GFT Poland,fullstack,Senior,Kraków,False,b2b,21000.0,27384.0,2026-07-16
Z6ATQ6SO-2026-08-08,Z6ATQ6SO,2026-08-08,Ab Initio Analyst,Devire,businessAnalyst,Mid,,True,b2b,16800.0,21000.0,2026-07-29
2GMKZZTI-2026-08-08,2GMKZZTI,2026-08-08,.NET Engineer,GFT Poland,backend,Mid,Kraków,False,permanent,11700.0,18750.0,2026-07-10
CCMYPOJV-2026-08-08,CCMYPOJV,2026-08-08,Dyrektor produkcji (K/M),Audit HR,logistics,Mid,Poznań,False,permanent,20000.0,25000.0,2026-07-29
IF4JZZ1R-2026-08-08,IF4JZZ1R,2026-08-08,Senior Database Administrator,GFT Poland,data,Senior,Kraków,False,permanent,14600.0,22300.0,2026-07-10
ALDIRI03-2026-08-08,ALDIRI03,2026-08-08,Senior Software Engineer,HSBC Technology Poland,backend,Senior,Kraków,False,permanent,23300.0,30000.0,2026-07-22
5RWJSKFH-2026-08-08,5RWJSKFH,2026-08-08,Lead SME - Cryptography,Mindbox Sp. z o.o.,backend,Expert,Kraków,False,b2b,25200.0,29400.0,2026-07-16
Q22JDZMI-2026-08-08,Q22JDZMI,2026-08-08,Przedstawiciel Handlowy (sprzedaż urządzeń),SALES HR,sales,Mid,kalisz,False,permanent,11000.0,12000.0,2026-07-29
7Z2J38RW-2026-08-08,7Z2J38RW,2026-08-08,Senior Data Platform Engineer,MOTIFE,data,Senior,Warszawa,False,permanent,23000.0,30000.0,2026-07-22
FGQSWUGL-2026-08-08,FGQSWUGL,2026-08-08,Serwistant Wózków Widłowych (M/K),JOBS LINK,mechanics,Mid,Warszawa,False,permanent,10000.0,14000.0,2026-07-29
BIIRWNUU-2026-08-08,BIIRWNUU,2026-08-08,Software Development Engineer in Test,MOTIFE,testing,Mid,Warszawa,False,permanent,15000.0,17500.0,2026-07-22
DQOHHWKG-2026-08-08,DQOHHWKG,2026-08-08,Transformation Tooling Lead,Scalo,projectManager,Senior,Warszawa,False,b2b,19320.0,21000.0,2026-07-12
QNSXKIUH-2026-08-08,QNSXKIUH,2026-08-08,Senior DevOps Consultant with GCP,GFT Poland,devops,Senior,Kraków,False,b2b,23520.0,28560.0,2026-07-10
WABJIN3E-2026-08-08,WABJIN3E,2026-08-08,Senior Backend Developer (C# or Node.js),Antal,backend,Senior,Wrocław,True,b2b,18480.0,23520.0,2026-07-28
0NDDU5M3-2026-08-08,0NDDU5M3,2026-08-08,Pracownik biurowy – j. angielski (K/M),Audit HR,officeAdministration,Mid,Gorzów Wielkopolski,False,permanent,5500.0,6000.0,2026-07-29
KMQHDENY-2026-08-08,KMQHDENY,2026-08-08,Java Developer (systemy zarządzania ERP/CRM/workflow),Unity-T Group,backend,Mid,Kraków,False,b2b,9000.0,15000.0,2026-07-28
ILL2KWPT-2026-08-08,ILL2KWPT,2026-08-08,Lead SME - Network Security,Mindbox Sp. z o.o.,security,Expert,Kraków,False,b2b,25200.0,29400.0,2026-07-16
TT1V91RL-2026-08-08,TT1V91RL,2026-08-08,.Net Developer,"AVENGA (Agencja Pracy, nr KRAZ: 8448)",backend,Mid,Łódź,False,b2b,20160.0,23520.0,2026-07-29
E0PIMULL-2026-08-08,E0PIMULL,2026-08-08,Manager ds. rozwoju rynku/Przedstawiciel handlowy (K/M),Audit HR,sales,Mid,Szczecin,False,permanent,10000.0,15000.0,2026-07-29
ZI41DAOW-2026-08-08,ZI41DAOW,2026-08-08,Administrator Systemów Linux,Unity-T Group,sysAdministrator,Mid,Kraków,False,b2b,10000.0,15000.0,2026-07-28
WBS6C141-2026-08-08,WBS6C141,2026-08-08,DevOps Engineer,CloudFerro,devops,Mid,Warszawa,False,b2b,13000.0,20000.0,2026-07-29
PJAB8WPU-2026-08-08,PJAB8WPU,2026-08-08,Senior AI Engineer ,XM,artificialIntelligence,Senior,,True,b2b,17920.0,25089.0,2026-07-31
JXOUU5BL-2026-08-08,JXOUU5BL,2026-08-08,Specjalista ds. logistyki,Audit HR,logistics,Mid,Gorzów Wielkopolski,False,permanent,11000.0,12000.0,2026-07-29
XMACI1UZ-2026-08-08,XMACI1UZ,2026-08-08,Senior Business Analyst Consultant,GFT Poland,businessAnalyst,Senior,Kraków,False,b2b,20160.0,26880.0,2026-07-29
AALVAUXM-2026-08-08,AALVAUXM,2026-08-08,"Automation Tester/QA (Java, Selenium)",Scalo,testing,Senior,Warszawa,False,b2b,23520.0,25200.0,2026-07-12
D7LEPJAV-2026-08-08,D7LEPJAV,2026-08-08,PostgreSQL Administrator,Antal,data,Senior,Kraków,False,b2b,23520.0,26880.0,2026-07-22
OIF4CGBF-2026-08-08,OIF4CGBF,2026-08-08,Enterprise Architect,Scalo,architecture,Senior,Warszawa,False,b2b,40320.0,42000.0,2026-07-20
9LGNX2CT-2026-08-08,9LGNX2CT,2026-08-08,Software Development Engineer in Test (SDET),DS STREAM,testing,Senior,Warszawa,True,b2b,25200.0,28560.0,2026-07-22
ZFUCJXW1-2026-08-08,ZFUCJXW1,2026-08-08,Business Analyst KYC,Antal,businessAnalyst,Senior,Kraków,False,b2b,21840.0,26880.0,2026-07-28
8QO2PTEX-2026-08-08,8QO2PTEX,2026-08-08,AMS Engineer with IBM iSeries & ILE RPG,GFT Poland,sysAdministrator,Senior,Kraków,False,permanent,12850.0,19650.0,2026-07-29
8SVX5U9C-2026-08-08,8SVX5U9C,2026-08-08,Senior Database Administrator Consultant,GFT Poland,data,Senior,Kraków,False,b2b,21000.0,26880.0,2026-07-10
966FV8MJ-2026-08-08,966FV8MJ,2026-08-08,Specjalistka/Specjalista  (Administrator infrastruktury teleinformatycznej) ,Centrum Informatyki Statystycznej,sysAdministrator,Senior,Warszawa,False,permanent,9500.0,11500.0,2026-07-31
HI1MYCZR-2026-08-08,HI1MYCZR,2026-08-08,Office Manager /-ka,SALES HR,officeAdministration,Mid,Warszawa,False,permanent,10000.0,12000.0,2026-07-29
H8T0FQTO-2026-08-08,H8T0FQTO,2026-08-08,Security Engineer,Scalo,security,Senior,Warszawa,False,b2b,25200.0,26880.0,2026-07-20
TLLRCATU-2026-08-08,TLLRCATU,2026-08-08,Dyrektor/-ka Finansowy/-a z funkcją Głównego/-ej Księgowego/ej (FMCG),SALES HR,finance,Mid,Łódź,False,b2b,28000.0,33000.0,2026-07-29
5LOTTWUQ-2026-08-08,5LOTTWUQ,2026-08-08,Senior Quality Engineer | C# / Node.js & IoT Microservices x 1 FTE,Antal,testing,Senior,Wrocław,True,b2b,16800.0,20160.0,2026-07-28
9BEYSWMQ-2026-08-08,9BEYSWMQ,2026-08-08,Java Developer,Unity-T Group,backend,Mid,Kraków,False,b2b,10000.0,17000.0,2026-07-28
QTI894T2-2026-08-08,QTI894T2,2026-08-08,"Senior Data Consultant (Hadoop, Spark)",GFT Poland,data,Senior,Kraków,False,b2b,21000.0,27384.0,2026-07-16
2XHAXA6V-2026-08-08,2XHAXA6V,2026-08-08,Business Analyst (IoT projects),Antal,businessAnalyst,Senior,Wrocław,True,b2b,16800.0,21840.0,2026-07-28
XXSW0LSD-2026-08-08,XXSW0LSD,2026-08-08,Przedstawiciel Handlowy na Polskę (branża mięsna - wołowina),SALES HR,sales,Mid,Warszawa,False,b2b,10000.0,14000.0,2026-07-29
MP3VVWYD-2026-08-08,MP3VVWYD,2026-08-08,Senior .NET Developer,iTeamly,backend,Senior,Kraków,False,b2b,22000.0,30000.0,2026-07-28
IMIW5TVL-2026-08-08,IMIW5TVL,2026-08-08,Data Analyst - Data Excellence,Ledgebrook,data,Mid,,True,permanent,12500.0,15850.0,2026-07-22
SKISDVMI-2026-08-08,SKISDVMI,2026-08-08,Lead Developer / Senior Software Engineer,ITFS Sp. z o.o.,backend,Senior,,True,b2b,20160.0,28560.0,2026-07-29
GMLOHZJ9-2026-08-08,GMLOHZJ9,2026-08-08,DevOps Engineer (AWS),Acaisoft Poland Sp. z o.o.,devops,Senior,Warszawa,True,b2b,23520.0,31920.0,2026-07-29
YCWYESNY-2026-08-08,YCWYESNY,2026-08-08,Senior PHP Developer,ingenious build,backend,Senior,,True,b2b,19000.0,26000.0,2026-07-29
2194BF3F-2026-08-08,2194BF3F,2026-08-08,Developer Team Lead,ingenious build,backend,Mid,,True,b2b,24000.0,28000.0,2026-07-29
X7GSFGY7-2026-08-08,X7GSFGY7,2026-08-08,Senior AI Engineer with Azure,Spyrosoft,artificialIntelligence,Senior,Wrocław,True,b2b,23520.0,28560.0,2026-07-29
IPK3HOFL-2026-08-08,IPK3HOFL,2026-08-08,Principal Program Manager – Safety & Security,Remitly Poland sp. z o.o.,projectManager,Senior,Kraków,False,permanent,21500.0,24000.0,2026-07-16
NGYHQVBD-2026-08-08,NGYHQVBD,2026-08-08,Senior Mechatronics Engineer (freelancer),Spyrosoft,mechanics,Senior,Wrocław,True,b2b,16800.0,21840.0,2026-07-29
TSPF2LXH-2026-08-08,TSPF2LXH,2026-08-08,XSLT/.NET Developer (he/she),ASTEK Polska,devops,Senior,Warszawa,True,b2b,20160.0,25200.0,2026-07-10
JANNJK9X-2026-08-08,JANNJK9X,2026-08-08,QA Automation Tester (he/she),ASTEK Polska,testing,Mid,Warszawa,True,b2b,11760.0,14280.0,2026-07-10
GRPEHSCP-2026-08-08,GRPEHSCP,2026-08-08,Senior Project Manager,Ework Group,projectManager,Senior,Warszawa,False,b2b,23520.0,26880.0,2026-07-22
H61WYNML-2026-08-08,H61WYNML,2026-08-08,Underwriting Support Analyst,Ledgebrook,officeAdministration,Mid,,True,permanent,12500.0,14000.0,2026-07-16
K8AN3N15-2026-08-08,K8AN3N15,2026-08-08,AI SEO / GEO Specialist,TRESCALO SPÓŁKA Z OGRANICZONĄ ODPOWIEDZIALNOŚCIĄ,marketing,Mid,Poznań,True,b2b,9000.0,12000.0,2026-07-10
T7XZ9CPP-2026-08-08,T7XZ9CPP,2026-08-08,Inżynier oprogramowania (Python),Akademia Górniczo-Hutnicza,fullstack,Mid,Kraków,False,permanent,8000.0,11000.0,2026-07-28
6ODIBSEJ-2026-08-08,6ODIBSEJ,2026-08-08,DevOps Engineer (Regular/Senior),Spyrosoft,devops,Senior,Wrocław,True,permanent,13440.0,25200.0,2026-07-22
XOGMNLT9-2026-08-08,XOGMNLT9,2026-08-08,"Senior Software Engineer, GMM",Remitly Poland sp. z o.o.,backend,Senior,Kraków,False,permanent,27000.0,30000.0,2026-07-16
OCHKYDBB-2026-08-08,OCHKYDBB,2026-08-08,Software Engineer (PHP / Drupal / JavaScript),NEXAI Sp. z o.o.,fullstack,Mid,Poznań,False,b2b,13000.0,15000.0,2026-07-16
YGL3BD3H-2026-08-08,YGL3BD3H,2026-08-08,Python Developer (f/m/x),Sii Polska,backend,Mid,Warszawa,False,b2b,18000.0,22000.0,2026-07-28
YWIZRHBV-2026-08-08,YWIZRHBV,2026-08-08,Senior Automation Tester,Devire,testing,Senior,,True,b2b,21840.0,25200.0,2026-07-22
MONTUQ02-2026-08-08,MONTUQ02,2026-08-08,Senior Data Architect/Data Engineer,Devire,data,Senior,,True,b2b,30240.0,33600.0,2026-07-22
2AXLDUNZ-2026-08-08,2AXLDUNZ,2026-08-08,Java/Spark Big Data Developer,Comscore (via CC),data,Senior,Wrocław,True,b2b,18000.0,25000.0,2026-07-28
YTMI31X4-2026-08-08,YTMI31X4,2026-08-08,Senior IT System Administrator,Devire,sysAdministrator,Senior,Pruszcz Gdański,False,b2b,19320.0,20160.0,2026-07-16
8QA4KLG0-2026-08-08,8QA4KLG0,2026-08-08,Konsultant SAP,Devire,erp,Mid,Toruń,True,b2b,23520.0,29400.0,2026-07-29
B2EFITZR-2026-08-08,B2EFITZR,2026-08-08,IT Project Manager,Devire,projectManager,Senior,Wrocław,False,b2b,24360.0,29400.0,2026-07-16
HEGAUTPC-2026-08-08,HEGAUTPC,2026-08-08,Remote Content Analyst with French,TP Poland Sp. z o.o.,marketing,Junior,Kraków,True,zlecenie,7056.0,7728.0,2026-07-22
5LOPFS65-2026-08-08,5LOPFS65,2026-08-08,Remote Content Analyst with Spanish,TP Poland Sp. z o.o.,marketing,Junior,Kraków,True,zlecenie,6552.0,7224.0,2026-07-22
EVI591RA-2026-08-08,EVI591RA,2026-08-08,Content Reviewer-fluent Italian,TP Poland Sp. z o.o.,marketing,Junior,Kraków,False,permanent,5000.0,6000.0,2026-07-22
VXYAWQMX-2026-08-08,VXYAWQMX,2026-08-08,Data Base Administrator,Antal,data,Senior,Kraków,False,b2b,23520.0,26880.0,2026-07-16
BG5HK5L3-2026-08-08,BG5HK5L3,2026-08-08,Senior/Lead Software Engineer,Addepto,backend,Senior,Warszawa,True,b2b,20000.0,28560.0,2026-07-10
IZCKHXJS-2026-08-08,IZCKHXJS,2026-08-08,Solution Engineer (AI & Big Data),Addepto,artificialIntelligence,Senior,Warszawa,True,b2b,21000.0,33000.0,2026-07-10
NWXTOT9B-2026-08-08,NWXTOT9B,2026-08-08,AI Solution Architect,Addepto,architecture,Expert,Warszawa,True,b2b,28560.0,34440.0,2026-07-10
QE3D7A3H-2026-08-08,QE3D7A3H,2026-08-08,Senior Data Engineer,SD Solutions,data,Senior,Warszawa,False,b2b,20528.0,22394.0,2026-07-28
1KARDGZY-2026-08-08,1KARDGZY,2026-08-08,Instructional Designer,SpotOn,other,Mid,Kraków,False,permanent,8000.0,10000.0,2026-07-29
PGDYVGLH-2026-08-08,PGDYVGLH,2026-08-08,Security Compliance Officer,Shiji Poland,security,Mid,Katowice,False,permanent,14000.0,18000.0,2026-07-29
OUMQRV1S-2026-08-08,OUMQRV1S,2026-08-08,Lead Data Engineer (Spark),Addepto,data,Senior,Warszawa,True,b2b,21000.0,31920.0,2026-07-10
PJJAMZCO-2026-08-08,PJJAMZCO,2026-08-08,Senior Data Engineer (Spark),Addepto,data,Senior,Warszawa,True,b2b,21000.0,28560.0,2026-07-10
IZKR9UYA-2026-08-08,IZKR9UYA,2026-08-08,Data Engineer (Spark),Addepto,data,Mid,Warszawa,True,b2b,15120.0,21000.0,2026-07-10
MAEZHHBO-2026-08-08,MAEZHHBO,2026-08-08,Analityk Biznesowy (m/k),Devire,businessAnalyst,Senior,,True,b2b,22680.0,23520.0,2026-07-22
ZWQD0M98-2026-08-08,ZWQD0M98,2026-08-08,Data Analysis,Mindbox Sp. z o.o.,data,Mid,Kraków,False,b2b,18900.0,23100.0,2026-07-22
IJMDUPM5-2026-08-08,IJMDUPM5,2026-08-08,Clinical Data Analyst,Ework Group,data,Senior,Warszawa,True,b2b,28896.0,30912.0,2026-07-22
J0MTJVAV-2026-08-08,J0MTJVAV,2026-08-08,Senior Product Manager (Microsoft Dynamics 365 Finance & Operations),"AVENGA (Agencja Pracy, nr KRAZ: 8448)",productManagement,Senior,Warszawa,True,b2b,25200.0,31920.0,2026-07-16
BPKBJLWW-2026-08-08,BPKBJLWW,2026-08-08,Senior M365 Support Engineer,Link Group,support,Senior,,True,b2b,16800.0,21000.0,2026-07-22
DPOUFXDR-2026-08-08,DPOUFXDR,2026-08-08,Backend Developer,Mindbox Sp. z o.o.,backend,Mid,Kraków,False,b2b,30450.0,34650.0,2026-07-10
XQB7DC4T-2026-08-08,XQB7DC4T,2026-08-08,SRE Production Engineer,GFT Poland,devops,Senior,Kraków,False,permanent,15800.0,24300.0,2026-07-22
Q0EEUAUP-2026-08-08,Q0EEUAUP,2026-08-08,Lead of DOME PE Europe,HSBC Technology Poland,devops,Senior,Kraków,False,permanent,23434.0,25000.0,2026-07-22
OFOGXYGE-2026-08-08,OFOGXYGE,2026-08-08,Junior Business Analyst,Scalo,data,Junior,Warszawa,False,b2b,13440.0,15120.0,2026-07-29
DP1DTX2Z-2026-08-08,DP1DTX2Z,2026-08-08,Content Strategist,Square One Resources,marketing,Senior,Wrocław,False,b2b,14280.0,15120.0,2026-07-16
TZ26LNOH-2026-08-08,TZ26LNOH,2026-08-08,System Consultant Epicor Kinetic - Remote Work Type,Directio Sp. z o.o.,erp,Mid,,True,b2b,10000.0,15000.0,2026-07-22
BKJHS7SN-2026-08-08,BKJHS7SN,2026-08-08,Data Analyst,Ework Group,data,Senior,Gdańsk,False,b2b,21840.0,25200.0,2026-07-10
5PJXWWGR-2026-08-08,5PJXWWGR,2026-08-08,UX/UI Designer,Ework Group,ux,Senior,,True,b2b,21672.0,25872.0,2026-07-28
WFZZ7M9G-2026-08-08,WFZZ7M9G,2026-08-08,Tester botów konwersacyjnych,PKO Finat Sp. z o.o.,testing,Mid,Warszawa,False,b2b,15120.0,21840.0,2026-07-16
FFPHTOER-2026-08-08,FFPHTOER,2026-08-08,Java & Kotlin Developer,PKO Finat Sp. z o.o.,backend,Mid,Warszawa,False,b2b,21840.0,25200.0,2026-07-16
W1VKLJJR-2026-08-08,W1VKLJJR,2026-08-08,Analityk Biznesowy (k/m),Connectis_,businessAnalyst,Mid,Warszawa,True,b2b,22512.0,24192.0,2026-07-28
T7ZQT2NP-2026-08-08,T7ZQT2NP,2026-08-08,Senior .Net Backend Engineer,Ework Group,backend,Senior,,True,b2b,25200.0,31752.0,2026-07-10
YGMX3IJG-2026-08-08,YGMX3IJG,2026-08-08,Junior/Regular Manual Tester - Talent Pool,Transition Technologies PSC,testing,Junior,Łódź,True,b2b,8400.0,12600.0,2026-07-29
C8R3FKCY-2026-08-08,C8R3FKCY,2026-08-08,Engineering Team Leader (Platform Web),XTB,frontend,Expert,Warszawa,True,permanent,27200.0,34600.0,2026-07-10
F8QX1ICT-2026-08-08,F8QX1ICT,2026-08-08,Senior Data Engineer (AWS & Snowflake),1dea,data,Senior,,True,b2b,25200.0,27720.0,2026-07-28
KSK79NX6-2026-08-08,KSK79NX6,2026-08-08,InSprint Tester with German,Link Group,testing,Mid,,True,b2b,20160.0,23520.0,2026-07-16
QB2AXL0C-2026-08-08,QB2AXL0C,2026-08-08,Data Business Analyst,DCG,data,Senior,Gdynia,False,b2b,21840.0,22680.0,2026-07-10
DNDK6NAN-2026-08-08,DNDK6NAN,2026-08-08,Enterprise Architect – Azure Data Platform & Governance,1dea,data,Senior,Warszawa,True,b2b,30240.0,33600.0,2026-07-28
NV6X5F8O-2026-08-08,NV6X5F8O,2026-08-08,Cloud Security Engineer (DevSecOps) ,Motorola Solutions Systems Polska,security,Mid,Kraków,False,permanent,14000.0,18000.0,2026-07-20
37DR2P34-2026-08-08,37DR2P34,2026-08-08,Project Manager,Devire,projectManager,Mid,,True,b2b,16800.0,21840.0,2026-07-10
41TLYNCO-2026-08-08,41TLYNCO,2026-08-08,IT Business Analyst,Antal,businessAnalyst,Senior,Kraków,False,b2b,23520.0,26880.0,2026-07-16
JEJH4T0A-2026-08-08,JEJH4T0A,2026-08-08,Senior Software Developer – Product Modeler (f/m/x),Sii Polska,backend,Senior,Kraków,True,b2b,25000.0,30000.0,2026-07-28
KCCQ6HDO-2026-08-08,KCCQ6HDO,2026-08-08,Programista/Programistka Oracle (Senior),Devire,backend,Senior,,True,b2b,21840.0,26040.0,2026-07-10
3EQTFOMO-2026-08-08,3EQTFOMO,2026-08-08,Software Engineer with Go,CodiLime,backend,Mid,Warszawa,True,b2b,12750.0,18000.0,2026-07-16
6J2GHTNF-2026-08-08,6J2GHTNF,2026-08-08,IT Project Manager (ServiceNow),Link Group,projectManager,Senior,Warszawa,False,b2b,21000.0,25000.0,2026-07-10
S4V2LNWM-2026-08-08,S4V2LNWM,2026-08-08,Business Applications Analyst (Salesforce),Link Group,businessAnalyst,Senior,Warszawa,False,b2b,15000.0,23000.0,2026-07-29
IDLZPTJR-2026-08-08,IDLZPTJR,2026-08-08,Senior Backend Developer/API Engineer,Square One Resources,backend,Senior,Warszawa,True,b2b,20160.0,26880.0,2026-07-28
NVMYCNRA-2026-08-08,NVMYCNRA,2026-08-08,Customer Support with Hungarian | Remote within Poland,TP Poland Sp. z o.o.,customerService,Junior,Warszawa,True,zlecenie,7224.0,8064.0,2026-07-10
AYRRKRVG-2026-08-08,AYRRKRVG,2026-08-08,Software Security Backend Engineer,Mindbox Sp. z o.o.,security,Mid,Kraków,False,b2b,25200.0,30450.0,2026-07-28
BMCGB5KJ-2026-08-08,BMCGB5KJ,2026-08-08,Platform Engineer,Mindbox Sp. z o.o.,devops,Mid,Kraków,False,b2b,32550.0,35700.0,2026-07-28
UXGK3MZH-2026-08-08,UXGK3MZH,2026-08-08,Application Developer,Mindbox Sp. z o.o.,backend,Mid,Kraków,False,b2b,30450.0,33600.0,2026-07-28
Y67NABWE-2026-08-08,Y67NABWE,2026-08-08,Python Full Stack Engineer,Mindbox Sp. z o.o.,fullstack,Mid,Kraków,False,b2b,29400.0,32550.0,2026-07-28
IPEIAEEW-2026-08-08,IPEIAEEW,2026-08-08,Software Engineer – Identity & Access Management,Mindbox Sp. z o.o.,security,Mid,Kraków,False,b2b,31500.0,37800.0,2026-07-28
3CJQP7I5-2026-08-08,3CJQP7I5,2026-08-08,FinOps Technical SME,Mindbox Sp. z o.o.,devops,Mid,Kraków,False,b2b,25200.0,29400.0,2026-07-28
XLMRNBZV-2026-08-08,XLMRNBZV,2026-08-08,Payroll Specialist,Mindbox Sp. z o.o.,finance,Mid,Wrocław,False,b2b,21000.0,23520.0,2026-07-22
WQWNIEID-2026-08-08,WQWNIEID,2026-08-08,Mobile Software Engineer (Android),Grupa Allegro Sp. z o. o.,mobile,Mid,Poznań,False,permanent,14600.0,20825.0,2026-07-22
MLY2VYFP-2026-08-08,MLY2VYFP,2026-08-08,Project Manager,ITFS Sp. z o.o.,projectManager,Mid,Warszawa,False,b2b,21840.0,29400.0,2026-07-29
IWQNAKJE-2026-08-08,IWQNAKJE,2026-08-08,Technical Architect (.NET / Azure),ITFS Sp. z o.o.,architecture,Mid,Warszawa,True,b2b,33600.0,36960.0,2026-07-29
QMWPE1CO-2026-08-08,QMWPE1CO,2026-08-08,Junior Java Developer,Upvanta,backend,Junior,,True,b2b,7350.0,8400.0,2026-07-28
OTLYRBBF-2026-08-08,OTLYRBBF,2026-08-08,Python Developer - Warszawa,Upvanta,backend,Mid,Warszawa,False,b2b,21000.0,23100.0,2026-07-28
8SQYSK1H-2026-08-08,8SQYSK1H,2026-08-08,DevOps/SRE Engineer,Ework Group,devops,Mid,Warszawa,True,b2b,21672.0,26712.0,2026-07-10
4L6XE8WK-2026-08-08,4L6XE8WK,2026-08-08,C++ Developer,Keepit,backend,Mid,Kraków,False,permanent,17000.0,20000.0,2026-07-22
5L3O21YX-2026-08-08,5L3O21YX,2026-08-08,Data Engineer,Connectis_,data,Mid,Warszawa,True,b2b,23520.0,26040.0,2026-07-22
C9K8BPQM-2026-08-08,C9K8BPQM,2026-08-08,Automation QA Engineer (Java | Selenium | Cucumber | API)[M/F],Arche Solutions,testing,Mid,Kraków,False,b2b,20160.0,23520.0,2026-07-10
KGDNW3JO-2026-08-08,KGDNW3JO,2026-08-08,ServiceNow Platform Owner,Toyota Digital HUB & SSC (TME NV/SA),devops,Mid,Wrocław,False,permanent,12000.0,18000.0,2026-07-20
EIWVIVFV-2026-08-08,EIWVIVFV,2026-08-08,Senior Database Administrator,Toyota Digital HUB & SSC (TME NV/SA),data,Senior,Wrocław,False,permanent,18000.0,25000.0,2026-07-20
PYLJJLFV-2026-08-08,PYLJJLFV,2026-08-08,Senior IAM Specialist,Toyota Digital HUB & SSC (TME NV/SA),data,Senior,Wrocław,False,permanent,18000.0,25000.0,2026-07-20
1MFGFU2V-2026-08-08,1MFGFU2V,2026-08-08,Cloud Security Advisor,Toyota Digital HUB & SSC (TME NV/SA),security,Mid,Wrocław,True,permanent,12000.0,18000.0,2026-07-20
TI5RZYYB-2026-08-08,TI5RZYYB,2026-08-08,ServiceNow Solution Architect,Toyota Digital HUB & SSC (TME NV/SA),architecture,Senior,Wrocław,False,permanent,18000.0,25000.0,2026-07-20
NSYUEELK-2026-08-08,NSYUEELK,2026-08-08,AI Engineer,ITFS Sp. z o.o.,artificialIntelligence,Mid,Warszawa,False,b2b,18480.0,21840.0,2026-07-29
LGVJOPZM-2026-08-08,LGVJOPZM,2026-08-08,Cybersecurity Architect,Connectis_,security,Mid,Warszawa,False,b2b,33600.0,39480.0,2026-07-16
SKUWJI6N-2026-08-08,SKUWJI6N,2026-08-08,Cloud DevOps Engineer,"AVENGA (Agencja Pracy, nr KRAZ: 8448)",devops,Senior,Warszawa,True,b2b,24360.0,27720.0,2026-07-29
GEOYU5ZK-2026-08-08,GEOYU5ZK,2026-08-08,Senior Project Manager,DCG,projectManager,Senior,Łódź,False,b2b,20160.0,23520.0,2026-07-10
9GATCN8T-2026-08-08,9GATCN8T,2026-08-08,Azure Platform Engineer ,Euvic S.A.,devops,Mid,,True,b2b,15120.0,21840.0,2026-07-22
PQWPMPBL-2026-08-08,PQWPMPBL,2026-08-08,Mid/Senior Sales Development Representative,Xopero Software,sales,Senior,Gorzów Wielkopolski,False,b2b,6720.0,13440.0,2026-07-28
YUPCJTOV-2026-08-08,YUPCJTOV,2026-08-08,One Identity Manager Architect,Link Group,security,Senior,,True,b2b,42000.0,67200.0,2026-07-10
F8SWSJJI-2026-08-08,F8SWSJJI,2026-08-08,C++ Engineer,Harvey Nash Technology,embedded,Mid,Kraków,False,b2b,21840.0,26880.0,2026-07-28
6KP4YHOX-2026-08-08,6KP4YHOX,2026-08-08,Senior Software Engineer (Python | AWS | React),1dea,fullstack,Senior,,True,b2b,21840.0,28560.0,2026-07-28
SKYGPCBW-2026-08-08,SKYGPCBW,2026-08-08,Project Manager,Mindbox Sp. z o.o.,projectManager,Senior,Kraków,False,b2b,21000.0,25200.0,2026-07-28
ICY08VFH-2026-08-08,ICY08VFH,2026-08-08,SRE Engineer,Mindbox Sp. z o.o.,devops,Senior,Kraków,False,b2b,26250.0,29400.0,2026-07-28
DUEUHKDT-2026-08-08,DUEUHKDT,2026-08-08,Senior DevOps Engineer,Graphcore,devops,Senior,Gdańsk,False,permanent,21700.0,29300.0,2026-07-28
DYGIIZOU-2026-08-08,DYGIIZOU,2026-08-08,Invoice-to-Pay (I2P) Process & Solution Expert/Specialist,Link Group,erp,Senior,,True,b2b,25200.0,33600.0,2026-07-29
YIBESHEO-2026-08-08,YIBESHEO,2026-08-08,Data & Analytics Consultant (Databricks / Azure),Appstronauts,data,Mid,Warszawa,True,b2b,18480.0,26040.0,2026-07-22
GY6K8EAM-2026-08-08,GY6K8EAM,2026-08-08,Senior Cloud Infrastructure Engineer,Shiji Poland,devops,Senior,Katowice,False,permanent,21000.0,24000.0,2026-07-20
TZXCJEJ0-2026-08-08,TZXCJEJ0,2026-08-08,Tester Automatyzujący,ITFS Sp. z o.o.,testing,Mid,Warszawa,False,b2b,18480.0,21000.0,2026-07-29
2FMBDC5D-2026-08-08,2FMBDC5D,2026-08-08,Junior Cloud Infrastructure Engineer,Shiji Poland,devops,Junior,Katowice,False,permanent,7000.0,11000.0,2026-07-20
QAUR1XXR-2026-08-08,QAUR1XXR,2026-08-08,Product Owner (Astro Consoles),Motorola Solutions Systems Polska,productManagement,Senior,Kraków,False,permanent,17000.0,22000.0,2026-07-20
FORG4PTS-2026-08-08,FORG4PTS,2026-08-08,Senior AI Engineer – Harness Engineering (Kimchi),Cast ai,artificialIntelligence,Senior,,True,permanent,26000.0,39000.0,2026-07-16
YXV0TY5H-2026-08-08,YXV0TY5H,2026-08-08,Specialist Engineer (AI),Mindbox Sp. z o.o.,backend,Mid,Kraków,False,b2b,25200.0,28350.0,2026-07-16
NJAVDWFL-2026-08-08,NJAVDWFL,2026-08-08,Product Designer,Link Group,ux,Senior,,True,b2b,16800.0,20160.0,2026-07-29
QTE1I6BB-2026-08-08,QTE1I6BB,2026-08-08,Engineering Uplift Lead,Mindbox Sp. z o.o.,other,Senior,Kraków,False,b2b,25200.0,28350.0,2026-07-16
UGFIDAOE-2026-08-08,UGFIDAOE,2026-08-08,Senior .NET Developer – Backend & Angular,Devire,backend,Senior,,True,b2b,23520.0,28560.0,2026-07-22
1G63AJD7-2026-08-08,1G63AJD7,2026-08-08,Cloud Infrastructure Engineer (AWS),Ringier Axel Springer Tech,devops,Mid,Kraków,False,b2b,12400.0,20600.0,2026-07-10
V7HSWYPE-2026-08-08,V7HSWYPE,2026-08-08,Data Engineer (Senior/Mid),Harvey Nash Technology,data,Mid,Warszawa,False,permanent,24000.0,35000.0,2026-07-16
659UYA4E-2026-08-08,659UYA4E,2026-08-08,Analityk Systemowy/Analityczka Systemowa - obszar kart i płatności (f/m/x),Sii Polska,businessAnalyst,Mid,Warszawa,False,b2b,19000.0,21600.0,2026-07-16
GPJM1YDL-2026-08-08,GPJM1YDL,2026-08-08,Tester manualny,ITFS Sp. z o.o.,testing,Mid,Warszawa,False,b2b,11760.0,15960.0,2026-07-20
H79JT795-2026-08-08,H79JT795,2026-08-08,Senior Web Engineer,"AVENGA (Agencja Pracy, nr KRAZ: 8448)",frontend,Senior,Warszawa,False,b2b,21840.0,30240.0,2026-07-16
YYQRK9WO-2026-08-08,YYQRK9WO,2026-08-08,Developer – AI-Enabled Delivery,Mindbox Sp. z o.o.,artificialIntelligence,Mid,Kraków,False,b2b,33600.0,37800.0,2026-07-10
QSGPHLON-2026-08-08,QSGPHLON,2026-08-08,Enterprise Engineer,Mindbox Sp. z o.o.,architecture,Mid,Kraków,False,b2b,33600.0,37800.0,2026-07-10
1YP0524X-2026-08-08,1YP0524X,2026-08-08,Senior Database Architect (SQL Server/PostgreSQL) [M/F],Arche Solutions,data,Senior,,True,b2b,26880.0,31080.0,2026-07-28
CPKCDHPU-2026-08-08,CPKCDHPU,2026-08-08,Vulnerability Management Operations Analyst,Mindbox Sp. z o.o.,data,Mid,Kraków,False,b2b,25200.0,29400.0,2026-07-10
PRN1N6YT-2026-08-08,PRN1N6YT,2026-08-08,Solution Architect Consultant with GCP,GFT Poland,architecture,Expert,Poznań,False,b2b,34440.0,46200.0,2026-07-16
VPJMPPIT-2026-08-08,VPJMPPIT,2026-08-08,Technical Project Manager,Square One Resources,projectManager,Senior,Warszawa,False,b2b,25200.0,33600.0,2026-07-28
MSGXBOUQ-2026-08-08,MSGXBOUQ,2026-08-08,Solution Architect with GCP,GFT Poland,architecture,Expert,Poznań,False,permanent,24500.0,37500.0,2026-07-16
CAXIK409-2026-08-08,CAXIK409,2026-08-08,Cloud Data Engineer - 100 % remote,"AVENGA (Agencja Pracy, nr KRAZ: 8448)",data,Senior,Warszawa,True,b2b,26880.0,30240.0,2026-07-16
NHKSMNBN-2026-08-08,NHKSMNBN,2026-08-08,EU Bid Manager,1dea,consulting,Senior,,True,b2b,20160.0,25200.0,2026-07-22
EMMJHFVA-2026-08-08,EMMJHFVA,2026-08-08,Business Analyst,Ework Group,businessAnalyst,Senior,Warszawa,False,b2b,21840.0,24360.0,2026-07-16
YIHN6J6D-2026-08-08,YIHN6J6D,2026-08-08,Senior Cloud Engineer (GCP) [M/F],Arche Solutions,devops,Senior,,True,b2b,30240.0,32760.0,2026-07-28
KLSQVIFI-2026-08-08,KLSQVIFI,2026-08-08,Salesforce Developer Service Cloud,Makeitright Sp. z o.o.,sales,Mid,Warszawa,False,b2b,21840.0,26880.0,2026-07-10
YFTKYIAV-2026-08-08,YFTKYIAV,2026-08-08,Senior Solution Architect,Roche,architecture,Senior,Warszawa,False,permanent,19075.0,35425.0,2026-07-16
J9Y9XNAL-2026-08-08,J9Y9XNAL,2026-08-08,Software Security Backend Engineer (Java),Mindbox Sp. z o.o.,backend,Senior,Kraków,False,b2b,25200.0,29400.0,2026-07-22
TCMDXONU-2026-08-08,TCMDXONU,2026-08-08,IT Analyst - DORA ROI,Ework Group,businessAnalyst,Mid,Gdańsk,False,b2b,15120.0,18480.0,2026-07-22
4BIW5HRW-2026-08-08,4BIW5HRW,2026-08-08,Senior Snowflake Data Engineer,ITFS Sp. z o.o.,data,Senior,Warszawa,True,b2b,25200.0,33600.0,2026-07-29
OJ4TVWWS-2026-08-08,OJ4TVWWS,2026-08-08,Senior C# Trading Systems Engineer,Vistulo (for a major N. American bank),backend,Senior,Kraków,True,b2b,42000.0,47040.0,2026-07-10
U1O3B9RB-2026-08-08,U1O3B9RB,2026-08-08,Data Scientist,Diverse CG Sp. z o.o. Sp.k.,data,Mid,,True,b2b,20160.0,25200.0,2026-07-16
F4PNXGMM-2026-08-08,F4PNXGMM,2026-08-08,Dispatcher,Allegro sp. z o.o.,logistics,Mid,Bielsko-Biała,False,permanent,6350.0,6350.0,2026-07-28
PQXWQEGX-2026-08-08,PQXWQEGX,2026-08-08,Security Architect (Azure+Snowflake),ITFS Sp. z o.o.,security,Senior,Gdynia,True,b2b,28560.0,33600.0,2026-07-29
E2A00YUR-2026-08-08,E2A00YUR,2026-08-08,Cloud Service Developer,Scalo,backend,Mid,Kraków,False,b2b,25200.0,26880.0,2026-07-20
9CGFSBR2-2026-08-08,9CGFSBR2,2026-08-08,Automation Tester,Scalo,testing,Mid,Warszawa,True,b2b,17976.0,19656.0,2026-07-29
YMPS8BVU-2026-08-08,YMPS8BVU,2026-08-08,Dispatcher,Allegro sp. z o.o.,logistics,Mid,Sosnowiec,False,permanent,6350.0,6350.0,2026-07-28
M28UKNDG-2026-08-08,M28UKNDG,2026-08-08,Front-End/UI Designer,MOTIFE,ux,Mid,Kraków,False,b2b,12000.0,14000.0,2026-07-22
SB2IFMVM-2026-08-08,SB2IFMVM,2026-08-08,Analityk Systemowy ,ITFS Sp. z o.o.,businessAnalyst,Mid,Warszawa,False,b2b,15120.0,17976.0,2026-07-29
Y3WJDO4Z-2026-08-08,Y3WJDO4Z,2026-08-08,Senior Software Engineer C# (AI-driven systems),Link Group,backend,Senior,Warszawa,False,permanent,35000.0,45000.0,2026-07-16
B6KILXCQ-2026-08-08,B6KILXCQ,2026-08-08,Product Designer,MOTIFE,ux,Senior,Kraków,False,permanent,21000.0,24000.0,2026-07-22
PTCRXFRT-2026-08-08,PTCRXFRT,2026-08-08,SharePoint Developer [M/F],Arche Solutions,backend,Mid,Gdańsk,True,b2b,31920.0,38640.0,2026-07-16
VKJQQDUC-2026-08-08,VKJQQDUC,2026-08-08,Business Analyst (ML & AWS SageMaker),DCG,businessAnalyst,Mid,Gdynia,False,b2b,20160.0,22680.0,2026-07-28
6JKTNTJT-2026-08-08,6JKTNTJT,2026-08-08,Snowflake Data Engineer,ITFS Sp. z o.o.,data,Mid,,True,b2b,130.0,150.0,2026-07-29
GFZMCCCP-2026-08-08,GFZMCCCP,2026-08-08,Senior AI Engineer,Link Group,artificialIntelligence,Senior,Warszawa,False,permanent,35000.0,45000.0,2026-07-16
G9QMYQJU-2026-08-08,G9QMYQJU,2026-08-08,"Senior Data/DWH Engineer - Snowflake, DBT",Link Group,data,Senior,Warszawa,False,permanent,35000.0,47000.0,2026-07-16
2PRJXME2-2026-08-08,2PRJXME2,2026-08-08,Senior Full Stack Software Engineer,Link Group,fullstack,Senior,Warszawa,False,permanent,30000.0,40000.0,2026-07-16
JGSVTGEX-2026-08-08,JGSVTGEX,2026-08-08,"Full Stack Developer (React, Java)",iTeamly,fullstack,Mid,Kraków,True,b2b,14000.0,20500.0,2026-07-20
HMYPREAK-2026-08-08,HMYPREAK,2026-08-08,Senior DevOps Engineer – Platform Engineering,Link Group,devops,Senior,Warszawa,False,permanent,35000.0,46000.0,2026-07-16
GBSDTB96-2026-08-08,GBSDTB96,2026-08-08,Cloudera Solution Architect (AWS) [M/F],Arche Solutions,data,Mid,,True,b2b,33600.0,39480.0,2026-07-16
IDYDVRSB-2026-08-08,IDYDVRSB,2026-08-08,QA Automation Engineer (Appium + AWS),Spyrosoft,testing,Senior,Wrocław,False,b2b,15120.0,21840.0,2026-07-22
FBTV0R68-2026-08-08,FBTV0R68,2026-08-08,Data Engineer,DCG,data,Mid,Warszawa,False,b2b,21840.0,25200.0,2026-07-22
CMF26FVF-2026-08-08,CMF26FVF,2026-08-08,Data Analysis Project Manager,"AVENGA (Agencja Pracy, nr KRAZ: 8448)",data,Senior,,True,b2b,23520.0,26040.0,2026-07-10
LSIAZZLG-2026-08-08,LSIAZZLG,2026-08-08,Senior Engineer C++ in investment banking,Link Group,backend,Senior,Warszawa,False,permanent,39000.0,50000.0,2026-07-16
UFNNKC0E-2026-08-08,UFNNKC0E,2026-08-08,Senior Rust Engineer (AI-driven systems),Link Group,backend,Senior,Warszawa,False,permanent,35000.0,45000.0,2026-07-16
JHL9ICKD-2026-08-08,JHL9ICKD,2026-08-08,Cybersecurity Officer,"AVENGA (Agencja Pracy, nr KRAZ: 8448)",security,Mid,Wrocław,False,b2b,24360.0,28560.0,2026-07-10
FIW8I9IY-2026-08-08,FIW8I9IY,2026-08-08,Architekt Systemowy,ITFS Sp. z o.o.,architecture,Mid,Warszawa,False,b2b,28560.0,36120.0,2026-07-20
XWJ84BXS-2026-08-08,XWJ84BXS,2026-08-08,Senior Rust Developer,Link Group,backend,Senior,Warszawa,False,permanent,30000.0,45000.0,2026-07-16
ISAKCJUJ-2026-08-08,ISAKCJUJ,2026-08-08,Group Architect,MOTIFE,architecture,Senior,Kraków,False,b2b,29000.0,32000.0,2026-07-22
ISJMGJFG-2026-08-08,ISJMGJFG,2026-08-08,EU BID Manager,Link Group,projectManager,Senior,,True,b2b,16800.0,20160.0,2026-07-16
U1IP4CEM-2026-08-08,U1IP4CEM,2026-08-08,Senior Fullstack Developer (Angular/Node),Scalo,fullstack,Senior,Warszawa,True,b2b,23520.0,25200.0,2026-07-29
UOGMOGMP-2026-08-08,UOGMOGMP,2026-08-08,Junior Analityk Biznesowo-Systemowy,Upvanta,businessAnalyst,Junior,Warszawa,False,b2b,10500.0,12600.0,2026-07-20
VY3VTS1T-2026-08-08,VY3VTS1T,2026-08-08,Vendor Management Analyst,Mindbox Sp. z o.o.,data,Mid,Kraków,False,b2b,16800.0,21000.0,2026-07-16
1BQKYOTT-2026-08-08,1BQKYOTT,2026-08-08,Senior Backend Developer (F/M) – Java,drEryk,backend,Senior,,True,permanent,18000.0,24000.0,2026-07-16
SZ9K0BPS-2026-08-08,SZ9K0BPS,2026-08-08,Analityk Systemowy,ITFS Sp. z o.o.,businessAnalyst,Mid,Warszawa,False,b2b,16800.0,20160.0,2026-07-20
N3FDAGRY-2026-08-08,N3FDAGRY,2026-08-08,Senior Full Stack Engineer,Mindbox Sp. z o.o.,fullstack,Senior,Kraków,False,b2b,25200.0,31080.0,2026-07-16
0IBYCFF4-2026-08-08,0IBYCFF4,2026-08-08,Full stack developer,Mindbox Sp. z o.o.,fullstack,Mid,Kraków,False,b2b,31500.0,34650.0,2026-07-16
GBDYPT7U-2026-08-08,GBDYPT7U,2026-08-08, SAP DRC Finance Consultant ,DCG,other,Senior,,True,b2b,33600.0,38640.0,2026-07-22
IEPQNHFP-2026-08-08,IEPQNHFP,2026-08-08,Senior Policy Engineer,Mindbox Sp. z o.o.,backend,Senior,Kraków,False,b2b,29400.0,33600.0,2026-07-16
6NUBH5UP-2026-08-08,6NUBH5UP,2026-08-08,Administrator Windows (transformacja),Mindbox Sp. z o.o.,backend,Mid,Warszawa,False,b2b,16800.0,21000.0,2026-07-16
I5DWGPDI-2026-08-08,I5DWGPDI,2026-08-08,Site Reliability Engineer,Mindbox Sp. z o.o.,devops,Senior,Warszawa,False,b2b,29400.0,35700.0,2026-07-16
FZGRABVI-2026-08-08,FZGRABVI,2026-08-08,Lead Cloud Platform Engineer,Spyrosoft,devops,Senior,Wrocław,True,b2b,25200.0,31920.0,2026-07-16
EHAHM21X-2026-08-08,EHAHM21X,2026-08-08,Technical Support Engineer (Security and Compliance),MOTIFE,support,Mid,Kraków,False,permanent,10000.0,12000.0,2026-07-22
OLD3AT2S-2026-08-08,OLD3AT2S,2026-08-08,Project Manager/ka,Connectis_,projectManager,Mid,Warszawa,False,b2b,17000.0,23000.0,2026-07-10
L0RNDIVY-2026-08-08,L0RNDIVY,2026-08-08,Technical Support Engineer (Intune),MOTIFE,support,Mid,Kraków,False,permanent,10000.0,12000.0,2026-07-22
2K7YSRKB-2026-08-08,2K7YSRKB,2026-08-08,Senior OutSystems Developer,Upvanta,backend,Senior,Warszawa,False,b2b,23100.0,25200.0,2026-07-28
TQHEJPXE-2026-08-08,TQHEJPXE,2026-08-08,Project Manager MFA ,ITFS Sp. z o.o.,projectManager,Mid,Warszawa,False,b2b,21840.0,29400.0,2026-07-29
2M4QMQWP-2026-08-08,2M4QMQWP,2026-08-08,SAP Datasphere Data Engineer,ITFS Sp. z o.o.,data,Mid,Warszawa,True,b2b,21840.0,25200.0,2026-07-20
AB7AMZRY-2026-08-08,AB7AMZRY,2026-08-08,Snowflake Data Engineer,Upvanta,data,Mid,,True,b2b,23100.0,31500.0,2026-07-28
VW8AH5TG-2026-08-08,VW8AH5TG,2026-08-08,Senior Snowflake Data Engineer,Upvanta,data,Senior,,True,b2b,25200.0,31500.0,2026-07-28
RLKS7QAI-2026-08-08,RLKS7QAI,2026-08-08,Snowflake Data Engineer,Upvanta,data,Mid,,True,b2b,22680.0,25536.0,2026-07-28
LR33CJ9E-2026-08-08,LR33CJ9E,2026-08-08,Tester manualny / Testerka Manualna (obszar płatności),ASTEK Polska,testing,Senior,Warszawa,False,b2b,14700.0,14700.0,2026-07-16
NOSCSSAI-2026-08-08,NOSCSSAI,2026-08-08,Python Developer with GenAI,1dea,artificialIntelligence,Senior,,True,b2b,21840.0,27720.0,2026-07-28
CNP5NCA4-2026-08-08,CNP5NCA4,2026-08-08,Data Scientist ,OpenX,other,Senior,Kraków,True,b2b,26880.0,30072.0,2026-07-10
B2YZIP3H-2026-08-08,B2YZIP3H,2026-08-08,Embedded System Engineer,SENTINEL EAGLE PROSTA SPÓŁKA AKCYJNA,embedded,Mid,Warszawa,False,b2b,15000.0,24000.0,2026-07-31
VUQR8VNZ-2026-08-08,VUQR8VNZ,2026-08-08,Snowflake Engineer,apreel Sp. z o.o.,data,Senior,Warszawa,True,b2b,25200.0,33600.0,2026-07-28
KZQYAQUR-2026-08-08,KZQYAQUR,2026-08-08,Remote Sales Development Representative (SDR),LevelUp Leads,sales,Mid,,True,permanent,13436.0,24260.0,2026-07-20
FFP3GZW6-2026-08-08,FFP3GZW6,2026-08-08,Senior .Net Engineer,Meniga,backend,Senior,Warszawa,False,b2b,20000.0,29000.0,2026-07-16
ETUCS3PT-2026-08-08,ETUCS3PT,2026-08-08,Principal Architect,Meniga,architecture,Senior,Warszawa,False,b2b,26000.0,35000.0,2026-07-16
67DURDTM-2026-08-08,67DURDTM,2026-08-08,Head of Engineering,Meniga,backend,Senior,Warszawa,False,b2b,28000.0,37000.0,2026-07-16
ZVCM73RZ-2026-08-08,ZVCM73RZ,2026-08-08,Senior AI Engineer,Harvey Nash Technology,artificialIntelligence,Senior,Warszawa,False,permanent,21000.0,25000.0,2026-07-28
ZP8JDKWE-2026-08-08,ZP8JDKWE,2026-08-08,Test Manager / Test Coordinator with German,1dea,testing,Mid,,True,b2b,24360.0,30240.0,2026-07-28
NNZGDJGT-2026-08-08,NNZGDJGT,2026-08-08,Senior Data Engineer,1dea,data,Senior,Kraków,True,b2b,25000.0,35000.0,2026-07-28
ZFFNRUYN-2026-08-08,ZFFNRUYN,2026-08-08,Data & Reporting Developer,Verita HR,data,Mid,Kraków,False,b2b,21000.0,24150.0,2026-07-22
JF45AG5Q-2026-08-08,JF45AG5Q,2026-08-08,Java Test Engineer (f/m/x),Sii Polska,testing,Mid,Kraków,False,b2b,14700.0,21000.0,2026-07-28
LAG9DMFS-2026-08-08,LAG9DMFS,2026-08-08,Manual Tester,Scalo,testing,Mid,Warszawa,False,b2b,15792.0,17472.0,2026-07-29
WBEX6RRI-2026-08-08,WBEX6RRI,2026-08-08,Cloud Solutions Architect,Scalo,architecture,Senior,Warszawa,False,b2b,30240.0,31920.0,2026-07-29
RKFHS3UX-2026-08-08,RKFHS3UX,2026-08-08,AI Engineer,Scalo,artificialIntelligence,Mid,Warszawa,False,b2b,21336.0,23016.0,2026-07-29
BWFV0VWJ-2026-08-08,BWFV0VWJ,2026-08-08,System Analyst,Scalo,data,Mid,Warszawa,False,b2b,16800.0,18480.0,2026-07-29
FICMRWJJ-2026-08-08,FICMRWJJ,2026-08-08,Senior Business Analyst,ALGOTEQUE Innovation Hub,businessAnalyst,Senior,Warszawa,False,b2b,18900.0,23100.0,2026-07-28
M6RYN64I-2026-08-08,M6RYN64I,2026-08-08,Data Engineer (Defence & Security),Spyrosoft,data,Senior,Wrocław,False,permanent,15000.0,22000.0,2026-07-16
KJN0J6UA-2026-08-08,KJN0J6UA,2026-08-08,Full-Stack Engineer (React + Node.js),esurance,fullstack,Mid,Kraków,True,permanent,22221.0,28673.0,2026-07-29
NOGAJPNH-2026-08-08,NOGAJPNH,2026-08-08,Lead DevOps / SRE Engineer,Spyrosoft,devops,Senior,Wrocław,True,b2b,25200.0,31920.0,2026-07-16
1MYVEFIE-2026-08-08,1MYVEFIE,2026-08-08,DevOps (Defence & Security),Spyrosoft,devops,Senior,Wrocław,False,permanent,11000.0,18000.0,2026-07-16
QTZVZPDH-2026-08-08,QTZVZPDH,2026-08-08,Systems Engineer (Defence & Security),Spyrosoft,security,Senior,Wrocław,False,permanent,15000.0,21000.0,2026-07-16
EIQQGOK9-2026-08-08,EIQQGOK9,2026-08-08,Senior IT Analyst – Data & ML Solutions,Ework Group,data,Senior,Gdańsk,False,b2b,21000.0,25200.0,2026-07-28
UUXTSINI-2026-08-08,UUXTSINI,2026-08-08,Senior Data Engineer (f/m/x),Sii Polska,data,Senior,Kraków,True,b2b,23100.0,25200.0,2026-07-28
PJHNTSYZ-2026-08-08,PJHNTSYZ,2026-08-08,SQL Server Migration Specialist,Diverse CG Sp. z o.o. Sp.k.,data,Senior,Warszawa,False,b2b,20160.0,21000.0,2026-07-16
RV0KXKWS-2026-08-08,RV0KXKWS,2026-08-08,DevOps Engineer with Azure,Diverse CG Sp. z o.o. Sp.k.,devops,Mid,Warszawa,True,b2b,20160.0,23520.0,2026-07-28
KU6UXMJA-2026-08-08,KU6UXMJA,2026-08-08,(Senior Fullstack Engineer (Angular/Node.js),Scalo,fullstack,Senior,,True,b2b,23520.0,25200.0,2026-07-29
PKLREFWX-2026-08-08,PKLREFWX,2026-08-08,Senior Project Manager,Scalo,projectManager,Senior,Warszawa,False,b2b,20160.0,21840.0,2026-07-11
XGA3A5VV-2026-08-08,XGA3A5VV,2026-08-08,React Developer (Dynamics 365 / Dataverse),Antal,frontend,Senior,Kraków,False,b2b,21840.0,30240.0,2026-07-15
B51MMQN1-2026-08-08,B51MMQN1,2026-08-08,DevOps Engineer,Scalo,devops,Senior,,True,b2b,21840.0,23520.0,2026-07-11
KKNJ7P7D-2026-08-08,KKNJ7P7D,2026-08-08,Kotlin Developer,Infakt Sp. z o.o.,backend,Mid,Kraków,False,b2b,14000.0,23000.0,2026-07-15
LN7OIH8H-2026-08-08,LN7OIH8H,2026-08-08,Backend Developer (with AI),Antal,backend,Senior,Kraków,False,b2b,23520.0,26880.0,2026-07-15
DJBN8AOM-2026-08-08,DJBN8AOM,2026-08-08,Lead AI Engineer,Bayer,artificialIntelligence,Expert,Warszawa,False,permanent,25760.0,32300.0,2026-07-09
DQUHPAJ0-2026-08-08,DQUHPAJ0,2026-08-08,Siemens ALM & PLM Integration Consultant,Scalo,erp,Expert,,True,b2b,31920.0,33600.0,2026-07-19
VJ9BBIRS-2026-08-08,VJ9BBIRS,2026-08-08,Automation Test Engineer,Antal,testing,Mid,Kraków,False,b2b,16800.0,30240.0,2026-07-15
XKEYBF9E-2026-08-08,XKEYBF9E,2026-08-08,Senior Java Developer,Scalo,backend,Senior,Katowice,True,b2b,21840.0,23520.0,2026-07-19
YJWFT5XT-2026-08-08,YJWFT5XT,2026-08-08,Senior Java Developer,Mindbox Sp. z o.o.,backend,Senior,Kraków,False,b2b,31500.0,34650.0,2026-07-09
GRWKLT8H-2026-08-08,GRWKLT8H,2026-08-08,Mobile QA Specialist with AI Tools Experience,Antal,testing,Senior,Wrocław,False,b2b,15120.0,19320.0,2026-07-09
QE6WZMEE-2026-08-08,QE6WZMEE,2026-08-08,AI Developer,Antal,artificialIntelligence,Senior,Warszawa,False,b2b,25200.0,30240.0,2026-07-21
CL4DH72N-2026-08-08,CL4DH72N,2026-08-08,Big Data Engineer (Java/ Spark),Scalo,data,Senior,Warszawa,False,b2b,27720.0,29400.0,2026-07-28
8ICXD8S0-2026-08-08,8ICXD8S0,2026-08-08,Java Developer,Antal,backend,Senior,Warszawa,False,b2b,20160.0,25200.0,2026-07-21
PNVOXOUO-2026-08-08,PNVOXOUO,2026-08-08,Fullstack Developer Java/React,Antal,fullstack,Senior,Kraków,False,b2b,26880.0,31920.0,2026-07-15
YOX52YJJ-2026-08-08,YOX52YJJ,2026-08-08,Manual Tester,Scalo,testing,Junior,Lublin,False,b2b,15120.0,16800.0,2026-07-28
LUTIMJUR-2026-08-08,LUTIMJUR,2026-08-08,Business-  System Analyst,Scalo,data,Senior,Katowice,True,b2b,21840.0,23520.0,2026-07-11
LPE9WJBT-2026-08-08,LPE9WJBT,2026-08-08,Senior System Designer \ IT System-Business Analyst,Antal,businessAnalyst,Senior,Warszawa,False,b2b,23520.0,26880.0,2026-07-21
0SQ1XNDE-2026-08-08,0SQ1XNDE,2026-08-08,Junior DevOps Engineer,Acaisoft Poland Sp. z o.o.,devops,Junior,Warszawa,True,b2b,9240.0,11760.0,2026-07-28
CAESK1AK-2026-08-08,CAESK1AK,2026-08-08,Senior Power BI Developer,Matrix Global Services,businessIntelligence,Senior,,True,b2b,17204.0,21074.0,2026-07-09
CCR878P1-2026-08-08,CCR878P1,2026-08-08,Senior CPQ Salesforce Developer,Box Inc.,erp,Senior,Warszawa,False,permanent,22500.0,27000.0,2026-07-09
OW5DIAHH-2026-08-08,OW5DIAHH,2026-08-08,Software Engineer Mid (Java),Motorola Solutions Systems Polska,fullstack,Mid,Kraków,False,permanent,12500.0,15000.0,2026-07-27
KC4VYWZP-2026-08-08,KC4VYWZP,2026-08-08,Linux Automation Engineer,Motorola Solutions Systems Polska,automation,Mid,Kraków,False,permanent,11000.0,16000.0,2026-07-27
B8GPEW5X-2026-08-08,B8GPEW5X,2026-08-08,Senior Python Engineer,OpenVPN,backend,Senior,,True,b2b,18662.0,27993.0,2026-07-09
O1LXIBUK-2026-08-08,O1LXIBUK,2026-08-08,Tester Hurtowni Danych / ETL Tester,PKO Finat Sp. z o.o.,testing,Mid,Warszawa,False,b2b,21840.0,28560.0,2026-07-09
FEYHUMKN-2026-08-08,FEYHUMKN,2026-08-08,Analityk Systemowy ds. Ubezpieczeń,PKO Finat Sp. z o.o.,businessAnalyst,Mid,Warszawa,False,b2b,20160.0,25200.0,2026-07-09
ZFLTVYJF-2026-08-08,ZFLTVYJF,2026-08-08,Software Architect/Staff Engineer,Motorola Solutions Systems Polska,backend,Expert,Kraków,False,permanent,25000.0,30000.0,2026-07-27
BD7SL5SP-2026-08-08,BD7SL5SP,2026-08-08,Senior Project Manager (Privileged Access Management),Ework Group,projectManager,Senior,Warszawa,False,b2b,23520.0,26880.0,2026-07-09
1JKNNF5J-2026-08-08,1JKNNF5J,2026-08-08,Software Engineer,Mindbox Sp. z o.o.,backend,Mid,Kraków,False,b2b,26250.0,30450.0,2026-07-09
GX4UU6PV-2026-08-08,GX4UU6PV,2026-08-08,Platform Security Engineer (HashiCorp Vault),Mindbox Sp. z o.o.,security,Mid,Kraków,False,b2b,26250.0,29400.0,2026-07-09
MQKMFRAK-2026-08-08,MQKMFRAK,2026-08-08,Junior Product Owner,Spyrosoft,productManagement,Junior,Szczecin,False,b2b,10920.0,16800.0,2026-07-28
SAWH09W2-2026-08-08,SAWH09W2,2026-08-08,Senior Frontend / Fullstack Developer (Svelte & Angular),Spyrosoft,fullstack,Senior,Wrocław,False,b2b,20160.0,25200.0,2026-07-28
WO6VMQUK-2026-08-08,WO6VMQUK,2026-08-08,Engineering Manager (Java + Angular),Devire,projectManager,Senior,,True,b2b,25200.0,33600.0,2026-07-09
XQ8QYF3S-2026-08-08,XQ8QYF3S,2026-08-08,Senior Financial Data Analyst,Devire,data,Senior,Poznań,False,permanent,10000.0,15000.0,2026-07-28
E52FN3OG-2026-08-08,E52FN3OG,2026-08-08,Analityk Biznesowo-Systemowy (k/m),Devire,businessAnalyst,Mid,,True,b2b,20160.0,22680.0,2026-07-28
0VS7FMRT-2026-08-08,0VS7FMRT,2026-08-08,Senior .Net Developer,apreel Sp. z o.o.,backend,Senior,Warszawa,False,b2b,27300.0,27720.0,2026-07-09
DE97B91V-2026-08-08,DE97B91V,2026-08-08,Analityk Biznesowo-Systemowy,apreel Sp. z o.o.,businessAnalyst,Mid,Warszawa,True,b2b,23520.0,26880.0,2026-07-09
CFLT9ZLX-2026-08-08,CFLT9ZLX,2026-08-08,Analityk Biznesowo-Systemowy ,Upvanta,businessAnalyst,Mid,Wrocław,False,b2b,21000.0,23100.0,2026-07-27
WSST9U0X-2026-08-08,WSST9U0X,2026-08-08,Senior Oracle Database Developer / PL/SQL Developer [M/F],Arche Solutions,data,Senior,,True,b2b,21000.0,25200.0,2026-07-09
PCLN5AND-2026-08-08,PCLN5AND,2026-08-08,Backend Engineer,Synerise,backend,Mid,Kraków,True,b2b,14000.0,20000.0,2026-07-09
N6XL8WYS-2026-08-08,N6XL8WYS,2026-08-08,Ukrainian–English Interpreter,TP Poland Sp. z o.o.,customerService,Junior,Warszawa,True,zlecenie,5712.0,7392.0,2026-07-09
DRMZGWS7-2026-08-08,DRMZGWS7,2026-08-08,Customer Service with German,TP Poland Sp. z o.o.,customerService,Junior,Warszawa,False,zlecenie,8400.0,8400.0,2026-07-09
4FTDJH0P-2026-08-08,4FTDJH0P,2026-08-08,IT Project Manager (SAP),Bayer,projectManager,Senior,Warszawa,False,permanent,20240.0,25300.0,2026-07-09
TEQWZCIR-2026-08-08,TEQWZCIR,2026-08-08,Wsparcie techniczne w języku polskim i angielskim,TP Poland Sp. z o.o.,customerService,Junior,Katowice,True,zlecenie,5376.0,5376.0,2026-07-09
JXUJRDBL-2026-08-08,JXUJRDBL,2026-08-08,ServiceNow Developer (CSA & HRSD Certified),Sopra Steria Poland,backend,Senior,Katowice,True,b2b,16800.0,23520.0,2026-07-27
YVEHO85D-2026-08-08,YVEHO85D,2026-08-08,ServiceNow Developer (space industry),Sopra Steria Poland,backend,Senior,Katowice,True,permanent,12000.0,16000.0,2026-07-27
0A3T1GHP-2026-08-08,0A3T1GHP,2026-08-08,Workday Configuration Engineer,Upvanta,erp,Mid,,True,b2b,24150.0,24150.0,2026-07-27
SK6FJ75D-2026-08-08,SK6FJ75D,2026-08-08,Frontend Developer (Angular),Scalo,frontend,Senior,Poznań,False,b2b,20160.0,21840.0,2026-07-28
XP9CXVBE-2026-08-08,XP9CXVBE,2026-08-08,Data Engineer (DataBricks),Scalo,data,Senior,Warszawa,True,b2b,20160.0,21840.0,2026-07-28
UAOOYYBC-2026-08-08,UAOOYYBC,2026-08-08,Solution Architect,Mindbox Sp. z o.o.,backend,Expert,Kraków,False,b2b,35700.0,38850.0,2026-07-09
2AICCVC9-2026-08-08,2AICCVC9,2026-08-08,Senior QA Automation Engineer (Java | Web | Mobile | API),Upvanta,testing,Senior,,True,b2b,18900.0,25200.0,2026-07-27
ATKGKC6J-2026-08-08,ATKGKC6J,2026-08-08,Starszy Tester Manualny / Starsza Testerka Manualna (obszar kredytów hipotecznych),ASTEK Polska,testing,Senior,Gdańsk,False,b2b,21000.0,21672.0,2026-07-09
VTAR0YOW-2026-08-08,VTAR0YOW,2026-08-08,Inżynier Oprogramowania / R&D / Projekt Offshore,Bioseco,embedded,Mid,Gdańsk,False,b2b,15000.0,20000.0,2026-07-09
SPQR7XST-2026-08-08,SPQR7XST,2026-08-08,IT Project Coordinator,Ework Group,projectManager,Mid,Warszawa,False,b2b,10080.0,14280.0,2026-07-09
WC27EARN-2026-08-08,WC27EARN,2026-08-08,Senior Project Manager with SAP and Cybersecurity experience (f/m/x),Sii Polska,projectManager,Senior,Kraków,False,b2b,22000.0,32000.0,2026-07-09
KSQ15OUJ-2026-08-08,KSQ15OUJ,2026-08-08,Senior Back-End Software Engineer with Node.js,"AVENGA (Agencja Pracy, nr KRAZ: 8448)",backend,Senior,,True,b2b,19320.0,21000.0,2026-07-09
OFXVXEMT-2026-08-08,OFXVXEMT,2026-08-08,Java Technical Lead,Connectis_,backend,Senior,Warszawa,False,b2b,26880.0,31080.0,2026-07-09
SPIFJOPV-2026-08-08,SPIFJOPV,2026-08-08,Organizational Change Manager (ServiceNow SPM),Link Group,projectManager,Senior,,True,b2b,19320.0,21840.0,2026-07-28
SG8YSUKQ-2026-08-08,SG8YSUKQ,2026-08-08,ServiceNow Developer,Sopra Steria Poland,backend,Senior,Katowice,True,b2b,16800.0,23520.0,2026-07-27
S42PP2LA-2026-08-08,S42PP2LA,2026-08-08,Senior Manual Tester,Ework Group,testing,Senior,Gdynia,False,b2b,20160.0,21000.0,2026-07-09
NWDX3CMO-2026-08-08,NWDX3CMO,2026-08-08,"Staff Software Engineer, AI",Asana,artificialIntelligence,Senior,Warszawa,False,permanent,40750.0,46333.0,2026-07-09
E5HOYBJM-2026-08-08,E5HOYBJM,2026-08-08,Senior Applied AI Engineer (Search & RAG),Asana,artificialIntelligence,Senior,Warszawa,False,permanent,31917.0,40583.0,2026-07-09
DAN0U7UX-2026-08-08,DAN0U7UX,2026-08-08,Staff Applied AI Engineer (Search & RAG),Asana,artificialIntelligence,Senior,Warszawa,False,permanent,40750.0,46333.0,2026-07-09
5FUEEP6K-2026-08-08,5FUEEP6K,2026-08-08,"Senior Software Engineer, AI Retrieval",Asana,artificialIntelligence,Senior,Warszawa,False,permanent,31917.0,40583.0,2026-07-09
LV7X2UGO-2026-08-08,LV7X2UGO,2026-08-08,Senior QA Engineer,Shiji Poland,testing,Senior,Katowice,False,permanent,12000.0,15000.0,2026-07-28
AWCPDI9F-2026-08-08,AWCPDI9F,2026-08-08,Data Architect,ITFS Sp. z o.o.,data,Senior,Warszawa,True,b2b,30240.0,36960.0,2026-07-28
1PUAUWWA-2026-08-08,1PUAUWWA,2026-08-08,AI Engineer,DCG,artificialIntelligence,Senior,Warszawa,False,b2b,25200.0,27720.0,2026-07-09
QSDA5NNW-2026-08-08,QSDA5NNW,2026-08-08,Risk Analyst,Mindbox Sp. z o.o.,businessAnalyst,Mid,Warszawa,False,b2b,11970.0,14070.0,2026-07-09
2A3X6R1X-2026-08-08,2A3X6R1X,2026-08-08,Business Analyst,Mindbox Sp. z o.o.,businessAnalyst,Mid,Kraków,False,b2b,21000.0,24150.0,2026-07-09
PRGHDUMP-2026-08-08,PRGHDUMP,2026-08-08,Business - System Analyst,Scalo,data,Mid,Wrocław,False,b2b,20496.0,22176.0,2026-07-28
SQPM6E1T-2026-08-08,SQPM6E1T,2026-08-08,Machine Learning Engineer,Scalo,artificialIntelligence,Mid,Warszawa,False,b2b,17640.0,19320.0,2026-07-28
2FBAZPME-2026-08-08,2FBAZPME,2026-08-08,QA/Automation Tester (Java),Scalo,backend,Mid,,True,b2b,20160.0,21840.0,2026-07-28
NMX3IGIL-2026-08-08,NMX3IGIL,2026-08-08,AI Architect (with Python),Spyrosoft,artificialIntelligence,Senior,Wrocław,True,b2b,23520.0,31920.0,2026-07-09
BUTYKBGU-2026-08-08,BUTYKBGU,2026-08-08,Senior AI Engineer (with Python),Spyrosoft,artificialIntelligence,Senior,Wrocław,True,b2b,18480.0,25200.0,2026-07-09
ENWXOGOQ-2026-08-08,ENWXOGOQ,2026-08-08,AI Automation Engineer (Microsoft Copilot Studio),Spyrosoft,artificialIntelligence,Senior,Wrocław,True,b2b,18480.0,25200.0,2026-07-09
3OQLCQV4-2026-08-08,3OQLCQV4,2026-08-08,Forward Deployed Engineer (OpenAI),Spyrosoft,artificialIntelligence,Senior,Wrocław,True,b2b,18480.0,25200.0,2026-07-09
TEYEXVWW-2026-08-08,TEYEXVWW,2026-08-08,AI Consultant (GenAI),Spyrosoft,artificialIntelligence,Senior,Wrocław,True,b2b,18480.0,25200.0,2026-07-09
ZCDJHGYL-2026-08-08,ZCDJHGYL,2026-08-08,Senior UX Designer,Link Group,ux,Senior,,True,b2b,18480.0,25200.0,2026-07-09
EYY108CI-2026-08-08,EYY108CI,2026-08-08,Senior C# Developer,Square One Resources,fullstack,Senior,Warszawa,True,b2b,25200.0,28560.0,2026-07-09
OMU2YOXU-2026-08-08,OMU2YOXU,2026-08-08,Analityk Biznesowo-Systemowy with AI (mid),Moondigo Sp. z o.o.,businessAnalyst,Mid,Warszawa,True,b2b,10500.0,16800.0,2026-07-09
OGO0PYSF-2026-08-08,OGO0PYSF,2026-08-08,Site Reliability Engineer (SRE),Connectis_,devops,Mid,Kraków,True,b2b,20000.0,23000.0,2026-07-09
CUN7H1VQ-2026-08-08,CUN7H1VQ,2026-08-08,Staff Backend Engineer - JVM (Java/Kotlin) & AWS,Adsquare GmbH,backend,Expert,,True,b2b,32257.0,35841.0,2026-07-15
B7W5BNAO-2026-08-08,B7W5BNAO,2026-08-08,IT Project Coordinator,Diverse CG Sp. z o.o. Sp.k.,productManagement,Mid,Łódź,False,b2b,11760.0,14280.0,2026-07-09
RMWL7CGE-2026-08-08,RMWL7CGE,2026-08-08,Senior C# Engineer,Infoniqa Poland Sp. z o.o.,backend,Senior,Kraków,True,b2b,23520.0,27720.0,2026-07-28
4OLIVLNV-2026-08-08,4OLIVLNV,2026-08-08,HR Business Partner Lead / HR Service Delivery Leader,Link Group,hr,Senior,,True,b2b,21840.0,26880.0,2026-07-28
0GGKR65V-2026-08-08,0GGKR65V,2026-08-08,C++ Developer (Mid / Senior),Upvanta,backend,Mid,Kraków,False,b2b,18900.0,27300.0,2026-07-27
WR2PB4PV-2026-08-08,WR2PB4PV,2026-08-08,HR Operations Analyst / Lifecycle Specialist with German,Link Group,hr,Mid,,True,b2b,21840.0,26880.0,2026-07-28
BUFCRACH-2026-08-08,BUFCRACH,2026-08-08,Senior SAP SD Consultant (Tax & E-invoicing),Square One Resources,erp,Senior,Warszawa,True,b2b,29400.0,32760.0,2026-07-09
RAZKZOJL-2026-08-08,RAZKZOJL,2026-08-08,HR Operations Analyst / Lifecycle Specialist with English,Link Group,hr,Mid,,True,b2b,21840.0,26880.0,2026-07-28
BXDI187H-2026-08-08,BXDI187H,2026-08-08,Software Developer,Diverse CG Sp. z o.o. Sp.k.,fullstack,Mid,Warszawa,False,b2b,25200.0,28560.0,2026-07-09
NEKHFZ1H-2026-08-08,NEKHFZ1H,2026-08-08,Magazynier / Operator wózka widłowego (m/k),Imar Service Group,mechanics,Mid,Legionowo,False,permanent,6200.0,7100.0,2026-07-28
WR2FSTF7-2026-08-08,WR2FSTF7,2026-08-08,Magazynier / Operator wózka widłowego,Imar Service Group,logistics,Mid,Nowy Modlin,False,permanent,6300.0,7100.0,2026-07-28
Z5B7XY12-2026-08-08,Z5B7XY12,2026-08-08,Senior IT Service Specialist - Onsite Warsaw,Square One Resources,support,Senior,Warszawa,False,b2b,20160.0,23520.0,2026-07-09
78PMQIP4-2026-08-08,78PMQIP4,2026-08-08,Production Engineering Specialist,Mindbox Sp. z o.o.,backend,Mid,Kraków,False,b2b,21000.0,25200.0,2026-07-09
CTTO8UDW-2026-08-08,CTTO8UDW,2026-08-08,"Data Protection Specialist (Data Discovery, CASB, Proofpoint)",Mindbox Sp. z o.o.,data,Mid,Kraków,False,b2b,32550.0,38850.0,2026-07-09
XVXXR845-2026-08-08,XVXXR845,2026-08-08,Cloud DevOps Engineer (SME),Mindbox Sp. z o.o.,devops,Senior,Kraków,False,b2b,29400.0,34650.0,2026-07-09
FFZB7PYR-2026-08-08,FFZB7PYR,2026-08-08,ETL & Data Engineering Lead,Mindbox Sp. z o.o.,data,Senior,Kraków,False,b2b,21000.0,27720.0,2026-07-09
MD0GQ9Z2-2026-08-08,MD0GQ9Z2,2026-08-08,Full Stack Engineer,Mindbox Sp. z o.o.,fullstack,Senior,Kraków,False,b2b,31500.0,34650.0,2026-07-09
ETV01QSF-2026-08-08,ETV01QSF,2026-08-08,Cryptography Specialist,Mindbox Sp. z o.o.,other,Senior,Kraków,False,b2b,33600.0,39900.0,2026-07-09
LOXGZFUK-2026-08-08,LOXGZFUK,2026-08-08,Principal SME - Network Access Control,Mindbox Sp. z o.o.,security,Senior,Kraków,False,b2b,31500.0,35700.0,2026-07-09
QNEJ94FQ-2026-08-08,QNEJ94FQ,2026-08-08,Senior Data Engineer (Java),GFT Poland,data,Senior,Kraków,False,permanent,14600.0,22300.0,2026-07-28
4Q3U8P0U-2026-08-08,4Q3U8P0U,2026-08-08,Senior Product Owner / Business Analysis ,"AVENGA (Agencja Pracy, nr KRAZ: 8448)",businessAnalyst,Senior,,True,b2b,20160.0,21840.0,2026-07-09
AUICRWLA-2026-08-08,AUICRWLA,2026-08-08,Senior Data Consultant (Java),GFT Poland,data,Senior,Kraków,False,b2b,21000.0,26880.0,2026-07-28
4XMEAKAT-2026-08-08,4XMEAKAT,2026-08-08,Junior Java Developer,Upvanta,backend,Junior,,True,b2b,7350.0,8400.0,2026-07-27
CFCTMYFS-2026-08-08,CFCTMYFS,2026-08-08,Third Party Risk Manager,Link Group,security,Senior,,True,b2b,28560.0,35280.0,2026-07-28
7P0T4NDO-2026-08-08,7P0T4NDO,2026-08-08,Specjalista ds. Przetwarzania Danych Klienta,"AVENGA (Agencja Pracy, nr KRAZ: 8448)",officeAdministration,Junior,Olsztyn,False,permanent,4300.0,5800.0,2026-07-09
UWEUQ2JE-2026-08-08,UWEUQ2JE,2026-08-08,Senior C# Engineer,Link Group,backend,Senior,Warszawa,False,permanent,35000.0,45000.0,2026-07-09
0QPV6VTR-2026-08-08,0QPV6VTR,2026-08-08,Modern Endpoint Expert,ITFS Sp. z o.o.,other,Senior,Warszawa,False,b2b,30240.0,33600.0,2026-07-28
IDINSUXS-2026-08-08,IDINSUXS,2026-08-08,Data & Analytics Lead,Link Group,data,Senior,Warszawa,False,permanent,30000.0,40000.0,2026-07-09
Q91GW8ER-2026-08-08,Q91GW8ER,2026-08-08,AI Solution Engineer,Link Group,artificialIntelligence,Senior,Warszawa,False,permanent,23000.0,30000.0,2026-07-09
GMBTOUH0-2026-08-08,GMBTOUH0,2026-08-08,QA Automation Engineer,Link Group,testing,Senior,Warszawa,False,permanent,30000.0,40000.0,2026-07-09
6UPY7KJI-2026-08-08,6UPY7KJI,2026-08-08,Senior Data Engineer with Python,Link Group,data,Senior,Warszawa,False,permanent,33000.0,45000.0,2026-07-09
J8ADYNQO-2026-08-08,J8ADYNQO,2026-08-08,Solution Architect,"AVENGA (Agencja Pracy, nr KRAZ: 8448)",architecture,Senior,Warszawa,True,b2b,31080.0,36120.0,2026-07-09
K4G6S0FJ-2026-08-08,K4G6S0FJ,2026-08-08,Agile Delivery Manager,Link Group,projectManager,Mid,,True,b2b,24360.0,26880.0,2026-07-09
3EUCXUCL-2026-08-08,3EUCXUCL,2026-08-08,Pentester WebAPP and API,Link Group,security,Senior,,True,b2b,21840.0,23520.0,2026-07-09
KPTSIKYN-2026-08-08,KPTSIKYN,2026-08-08,Financial/Operational Analyst (Reconciliaition),Link Group,finance,Senior,Warszawa,False,b2b,9240.0,10920.0,2026-07-28
ZCY6ULNV-2026-08-08,ZCY6ULNV,2026-08-08,Customer Service Agent - Call Center - Night Shift,SpotOn,customerService,Mid,Kraków,False,permanent,6600.0,9800.0,2026-07-09
JVR4BJZC-2026-08-08,JVR4BJZC,2026-08-08,Tech Lead - Data Engineering,VIRTUSA,data,Senior,,True,b2b,16800.0,19320.0,2026-07-28
9KQRZRUJ-2026-08-08,9KQRZRUJ,2026-08-08,Salesforce Developer (Regular),Spyrosoft,erp,Mid,Łódź,True,b2b,18480.0,23520.0,2026-07-09
AHWAZU3C-2026-08-08,AHWAZU3C,2026-08-08,Senior Autonomous Systems Architect (Defence & Security),Spyrosoft,architecture,Senior,Wrocław,False,permanent,20000.0,24000.0,2026-07-09
WRYYTIHX-2026-08-08,WRYYTIHX,2026-08-08,Solution Architect (Defence & Security),Spyrosoft,architecture,Senior,Wrocław,False,permanent,18000.0,23000.0,2026-07-09
6OSUYYKV-2026-08-08,6OSUYYKV,2026-08-08,UX Designer Senior,Makeitright Sp. z o.o.,ux,Senior,,True,b2b,16800.0,21840.0,2026-07-09
VHQZEO65-2026-08-08,VHQZEO65,2026-08-08,Project Manager,Scalo,projectManager,Mid,Warszawa,False,b2b,27720.0,29400.0,2026-07-28
2I4QKW09-2026-08-08,2I4QKW09,2026-08-08,Automation Tester/QA  (Playwright+TypeScript),Scalo,frontend,Senior,Wrocław,True,b2b,20160.0,21840.0,2026-07-28
9NIED2IG-2026-08-08,9NIED2IG,2026-08-08,.NET Engineer (IT Services) (f/m),Netcompany Poland,backend,Mid,Warszawa,False,b2b,9600.0,13100.0,2026-07-09
WA7IA5LY-2026-08-08,WA7IA5LY,2026-08-08,Remote Embedded C/C++ Developer,int2code GmbH,embedded,Mid,Any,True,b2b,20160.0,33600.0,2026-07-09
MH05CVRW-2026-08-08,MH05CVRW,2026-08-08,Project Manager IT,imset,projectManager,Mid,Gdańsk,False,b2b,10000.0,15000.0,2026-07-28
PRT98ASA-2026-08-08,PRT98ASA,2026-08-08,Młodszy Koordynator Projektów IT,imset,projectManager,Junior,Gdańsk,False,permanent,6000.0,7500.0,2026-07-28
3YZUSBLY-2026-08-08,3YZUSBLY,2026-08-08,Senior Fullstack Developer (Java+Angular),Scalo,fullstack,Senior,Warszawa,False,b2b,27720.0,29400.0,2026-07-18
KMQONOSR-2026-08-08,KMQONOSR,2026-08-08,Asic Back-End / Physical Design Engineer multiple,Resquant,electronics,Mid,Warszawa,True,permanent,22000.0,29000.0,2026-07-29
4JTH63ZZ-2026-08-08,4JTH63ZZ,2026-08-08,Full Stack Developer (Java / React),Antal,fullstack,Senior,Kraków,False,b2b,33600.0,40320.0,2026-07-08
CG5MHZUA-2026-08-08,CG5MHZUA,2026-08-08,Cloud DevOps Tech Lead (GCP),Scalo,devops,Senior,Warszawa,False,b2b,28560.0,30240.0,2026-07-10
CJPPH5OO-2026-08-08,CJPPH5OO,2026-08-08,FPGA Verification Engineer,Resquant,electronics,Mid,Warszawa,True,permanent,22000.0,29000.0,2026-07-29
H31GZLD8-2026-08-08,H31GZLD8,2026-08-08,Senior Java Engineer,iTeamly,backend,Senior,Kraków,False,b2b,26000.0,33000.0,2026-07-26
IJY5RAOG-2026-08-08,IJY5RAOG,2026-08-08,FPGA Design Engineer,Resquant,electronics,Mid,Warszawa,True,permanent,22000.0,29000.0,2026-07-29
BYZ8Y9CS-2026-08-08,BYZ8Y9CS,2026-08-08,Staff Java Engineer,iTeamly,backend,Senior,Kraków,False,b2b,32000.0,38000.0,2026-07-26
R1F1OGEV-2026-08-08,R1F1OGEV,2026-08-08,Transaction Services Specialist (Spanish),HSBC Technology Poland,finance,Mid,Kraków,False,permanent,7966.0,9900.0,2026-07-08
L4OJRNCI-2026-08-08,L4OJRNCI,2026-08-08,System - Business Analyst,Scalo,businessAnalyst,Mid,Warszawa,False,b2b,21840.0,23520.0,2026-07-18
PMDI9O6I-2026-08-08,PMDI9O6I,2026-08-08,.NET Developer,Scalo,backend,Mid,Warszawa,False,b2b,18480.0,20160.0,2026-07-18
BIQ9YHDI-2026-08-08,BIQ9YHDI,2026-08-08,System - Business Analyst,Scalo,data,Senior,Katowice,True,b2b,22680.0,24360.0,2026-07-18
EYJ7S0ZD-2026-08-08,EYJ7S0ZD,2026-08-08,MLOps Engineer,Antal,devops,Senior,Warszawa,False,b2b,26880.0,30240.0,2026-07-08
XFWP11RO-2026-08-08,XFWP11RO,2026-08-08,Senior Java Developer,Scalo,backend,Senior,Warszawa,True,b2b,26040.0,27720.0,2026-07-27
RVOHBH8G-2026-08-08,RVOHBH8G,2026-08-08,Fullstack Developer (Java + Angular),Scalo,fullstack,Senior,,True,b2b,20160.0,23520.0,2026-07-27
HCICJIWD-2026-08-08,HCICJIWD,2026-08-08,Expert Rust Developer - 100 % remote ,j-labs software specialist,backend,Expert,Kraków,True,b2b,28560.0,33600.0,2026-07-08
CXDW2INU-2026-08-08,CXDW2INU,2026-08-08,System Analyst,Scalo,data,Mid,Wrocław,True,b2b,16800.0,18480.0,2026-07-27
IAOFSV3K-2026-08-08,IAOFSV3K,2026-08-08,AI & Data Solutions Lead (GCP),Mindbox Sp. z o.o.,data,Expert,Warszawa,False,b2b,32550.0,35700.0,2026-07-08
MFTZJ8KW-2026-08-08,MFTZJ8KW,2026-08-08,Technical Project Leader,Scalo,projectManager,Expert,Wrocław,True,b2b,26880.0,28560.0,2026-07-27
2XQ2E8TB-2026-08-08,2XQ2E8TB,2026-08-08,Młodszy Specjalista ds. Wsparcia Systemów Medycznych ,Conetso Group Sp. z o.o.,sysAdministrator,Junior,Lublin,False,b2b,4500.0,6000.0,2026-07-14
IWHYEMVY-2026-08-08,IWHYEMVY,2026-08-08,Senior QA Engineer,Big Human,testing,Senior,,True,permanent,12432.0,21840.0,2026-07-10
PMQHQ6SS-2026-08-08,PMQHQ6SS,2026-08-08,Data Engineer (Snowflake+dbt),ITFS Sp. z o.o.,data,Mid,Gdynia,True,b2b,23520.0,29400.0,2026-07-27
1NJZGYYH-2026-08-08,1NJZGYYH,2026-08-08,Python Developer ,Scurri,backend,Senior,,True,b2b,25284.0,30702.0,2026-07-10
LUYGWIBC-2026-08-08,LUYGWIBC,2026-08-08,Senior SAP Consultant ,ITFS Sp. z o.o.,erp,Senior,,True,b2b,36960.0,42000.0,2026-07-10
BKIPZ122-2026-08-08,BKIPZ122,2026-08-08,Senior MS Dynamics 365 F&O Technical Consultant,ITFS Sp. z o.o.,erp,Senior,Warszawa,True,b2b,23520.0,26880.0,2026-07-10
4HALVKGM-2026-08-08,4HALVKGM,2026-08-08,MS Dynamics 365 CRM Developer with Copilot Development,ITFS Sp. z o.o.,erp,Mid,,True,b2b,26880.0,33600.0,2026-07-10
GDVBUUO4-2026-08-08,GDVBUUO4,2026-08-08,Kierownik Budowy (K/M) – Obiekty Przemysłowe,JOBS LINK,logistics,Senior,Warszawa,False,permanent,13000.0,16000.0,2026-07-27
N0ZXLATH-2026-08-08,N0ZXLATH,2026-08-08,MS Dynamics 365 F&O Senior Consultant – Functional (Finance),ITFS Sp. z o.o.,other,Senior,,True,b2b,21840.0,25200.0,2026-07-10
FIY2KPLS-2026-08-08,FIY2KPLS,2026-08-08,Senior iOS Engineer,Playbook,mobile,Senior,,True,b2b,25000.0,35000.0,2026-07-14
IOBHHIBH-2026-08-08,IOBHHIBH,2026-08-08,Senior PMO & Operations Manager,Scalo,agile,Senior,Wrocław,False,b2b,15120.0,16800.0,2026-07-27
GMEKOA4G-2026-08-08,GMEKOA4G,2026-08-08,Analityk Systemowo-Biznesowy ds. Automatyzacji i Orkiestracji Procesów,Upvanta,businessAnalyst,Mid,Wrocław,False,b2b,18900.0,23100.0,2026-07-10
XDIKEZJG-2026-08-08,XDIKEZJG,2026-08-08,Senior Frontend Developer,Shiji Poland,frontend,Senior,Katowice,False,permanent,16500.0,21000.0,2026-07-27
F6BY5OPN-2026-08-08,F6BY5OPN,2026-08-08,Magazynier (K/M),Audit HR,logistics,Mid,Kostrzyn nad Odrą,False,permanent,6000.0,8000.0,2026-07-10
6FKNAVV6-2026-08-08,6FKNAVV6,2026-08-08,Przedstawiciel handlowy - j. angielski (K/M),Audit HR,sales,Mid,Gorzów Wielkopolski,False,permanent,8000.0,10000.0,2026-07-10
3CBITG6E-2026-08-08,3CBITG6E,2026-08-08,Magazynier (K/M),Audit HR,logistics,Mid,Kostrzyn nad Odrą,False,permanent,6000.0,8000.0,2026-07-10
RRCQVBLQ-2026-08-08,RRCQVBLQ,2026-08-08,Asystent / Asystentka ds. sprzedaży (100% remote),PINBOX®,customerService,Junior,,True,b2b,4000.0,5500.0,2026-07-27
GE0RQB5J-2026-08-08,GE0RQB5J,2026-08-08,Cybersecurity Specialist/Administrator ,ITFS Sp. z o.o.,security,Mid,Warszawa,False,b2b,33600.0,43680.0,2026-07-27
SYEGQZBK-2026-08-08,SYEGQZBK,2026-08-08,M365 Support Engineer,ITFS Sp. z o.o.,other,Mid,Warszawa,True,b2b,21840.0,25200.0,2026-07-27
VXSLFZST-2026-08-08,VXSLFZST,2026-08-08,Business Analyst,Scalo,data,Mid,Warszawa,False,b2b,18480.0,20160.0,2026-07-27
5XLWPU7N-2026-08-08,5XLWPU7N,2026-08-08,Business Analyst,Scalo,data,Senior,Warszawa,False,b2b,18480.0,20160.0,2026-07-27
D3Q2ZJW3-2026-08-08,D3Q2ZJW3,2026-08-08,Senior Java Developer z praktyką AI,Scalo,backend,Senior,Wrocław,True,b2b,25200.0,26880.0,2026-07-10
NAB55FQX-2026-08-08,NAB55FQX,2026-08-08,Data Engineer (Fulfillment),Tesco Technology,data,Mid,Kraków,False,permanent,20000.0,26000.0,2026-07-10
7HVY442O-2026-08-08,7HVY442O,2026-08-08,Manual Tester,Scalo,testing,Senior,Warszawa,True,b2b,20160.0,21840.0,2026-07-27
VDNTLTW0-2026-08-08,VDNTLTW0,2026-08-08,Business-System Analyst,Scalo,data,Mid,Warszawa,False,b2b,18480.0,20160.0,2026-07-27
CEQP9XGV-2026-08-08,CEQP9XGV,2026-08-08,Senior Platform Engineer (AI & AWS),Northmill Bank AB S.A Oddział w Polsce,artificialIntelligence,Senior,Katowice,False,b2b,18000.0,27000.0,2026-07-25
HONG6WLJ-2026-08-08,HONG6WLJ,2026-08-08,Analityk Systemowy ,Upvanta,businessAnalyst,Mid,Wrocław,False,b2b,23100.0,25200.0,2026-07-25
SZLMMAKU-2026-08-08,SZLMMAKU,2026-08-08,Senior .NET Developer,iTeamly,backend,Senior,Kraków,False,b2b,24000.0,32000.0,2026-07-25
FPRVEN0T-2026-08-08,FPRVEN0T,2026-08-08,Pracownik Magazynowy (K/M),JOBS LINK,logistics,Mid,Bydgoszcz,False,permanent,6500.0,7000.0,2026-07-26
0BZUOR0J-2026-08-08,0BZUOR0J,2026-08-08,Software Engineer - Backend (Colleague Clubcard API),Tesco Technology,backend,Mid,Kraków,False,permanent,20000.0,25000.0,2026-07-25
CJ7EXR2W-2026-08-08,CJ7EXR2W,2026-08-08,Specjalistka/-ta w dziale HR z j.angielskim,SALES HR,hr,Mid,Kraków,False,permanent,4300.0,4300.0,2026-07-26
IMHNRJ05-2026-08-08,IMHNRJ05,2026-08-08,Export Manager  (Rynek Niemiecki),Pronar Sp. z o.o.,sales,Senior,Narew,False,permanent,10000.0,15000.0,2026-07-26
9WYHZABK-2026-08-08,9WYHZABK,2026-08-08,Senior Software Engineer (Kotlin/Java),Scalo,backend,Senior,Wrocław,True,b2b,23520.0,25200.0,2026-07-26
2CW4NOFQ-2026-08-08,2CW4NOFQ,2026-08-08,Export Manager FMCG - sieci handlowe,SALES HR,sales,Mid,Warszawa,False,permanent,23000.0,25000.0,2026-07-26
DYRITNQC-2026-08-08,DYRITNQC,2026-08-08,Business Development Specialist with German,SALES HR,sales,Mid,Kraków,False,permanent,10000.0,11000.0,2026-07-26
KTQACJU0-2026-08-08,KTQACJU0,2026-08-08,Python Developer,Scalo,backend,Senior,Warszawa,False,b2b,26880.0,28560.0,2026-07-26
4ZF2YWSB-2026-08-08,4ZF2YWSB,2026-08-08,Senior International Export Manager (Modern Trade),SALES HR,logistics,Senior,Warszawa,False,permanent,25000.0,25000.0,2026-07-26
ULVZIFFC-2026-08-08,ULVZIFFC,2026-08-08,Export Manager (Rynek Włoski),Pronar Sp. z o.o.,sales,Senior,Narew,False,permanent,10000.0,15000.0,2026-07-26
UL05NJHX-2026-08-08,UL05NJHX,2026-08-08,Frontend Developer (Angular),Scalo,frontend,Mid,Warszawa,False,b2b,20160.0,21840.0,2026-07-26
ZBOCGVHD-2026-08-08,ZBOCGVHD,2026-08-08,MLOps/LLM Platform Tech Lead,Scalo,artificialIntelligence,Senior,Warszawa,False,b2b,27720.0,29400.0,2026-07-09
TNY0B2GO-2026-08-08,TNY0B2GO,2026-08-08,FullStack Developer (Java+JS),Scalo,fullstack,Senior,Katowice,True,b2b,21840.0,23520.0,2026-07-17
PQCFDPDI-2026-08-08,PQCFDPDI,2026-08-08,Specjalista ds sprzedaży Usług Finansowych B2B,SALES HR,sales,Mid,Gdańsk,True,b2b,8500.0,8500.0,2026-07-26
6YGYC9IX-2026-08-08,6YGYC9IX,2026-08-08,Specjalista/Specjalistka ds. obsługi klienta z j. niemieckim C1,SALES HR,customerService,Mid,Kraków,False,permanent,9000.0,9500.0,2026-07-26
A4G3AXHC-2026-08-08,A4G3AXHC,2026-08-08,Programista Integracji,ITFS Sp. z o.o.,other,Mid,Warszawa,False,b2b,16800.0,20160.0,2026-07-26
4E3UFW3Q-2026-08-08,4E3UFW3Q,2026-08-08,Specjalista/ka ds. Wsparcia Zakupów,HR WISE Sp. z o.o.,logistics,Mid,Kraków,False,permanent,6000.0,7500.0,2026-07-26
PDQAJSYH-2026-08-08,PDQAJSYH,2026-08-08,Junior Financial Specialist with German B1/B2,SALES HR,finance,Mid,Wrocław,False,permanent,8500.0,9500.0,2026-07-26
FPPQIYA1-2026-08-08,FPPQIYA1,2026-08-08,SAP EDI OTC Analyst (Wrocław),Upvanta,erp,Senior,Wrocław,False,b2b,18900.0,25200.0,2026-07-25
K9VL0CII-2026-08-08,K9VL0CII,2026-08-08,Software Engineer - Java Fullstack (Fulfilment),Tesco Technology,fullstack,Mid,Kraków,False,permanent,20000.0,25000.0,2026-07-25
UZ9VFCBH-2026-08-08,UZ9VFCBH,2026-08-08,Drukarz Fleksograficzny (k/m),HR WISE Sp. z o.o.,logistics,Mid,Kraków,False,permanent,9000.0,14000.0,2026-07-26
V8VO0KAT-2026-08-08,V8VO0KAT,2026-08-08,Analityk Systemowy (kredyty hipoteczne),Upvanta,businessAnalyst,Mid,,True,b2b,21000.0,23100.0,2026-07-09
TQW3YQEN-2026-08-08,TQW3YQEN,2026-08-08,Senior Kotlin Platform Engineer (Remote),Upvanta,backend,Senior,,True,b2b,30240.0,40320.0,2026-07-09
GAFKRYCZ-2026-08-08,GAFKRYCZ,2026-08-08,Software Architect / Tech Lead,Scalo,architecture,Senior,Wrocław,True,b2b,31920.0,33600.0,2026-07-09
0TBXGJHD-2026-08-08,0TBXGJHD,2026-08-08,Frontend Developer (Angular),Scalo,frontend,Senior,Warszawa,False,b2b,19320.0,21000.0,2026-07-09
EN9SSOCN-2026-08-08,EN9SSOCN,2026-08-08,Senior Video Software Engineer,Scalo,ux,Senior,Wrocław,True,b2b,23520.0,25200.0,2026-07-09
WXUBV3Q8-2026-08-08,WXUBV3Q8,2026-08-08,Senior Data Engineer,Scalo,data,Senior,Warszawa,False,b2b,23520.0,25200.0,2026-07-09
DRLRAA7J-2026-08-08,DRLRAA7J,2026-08-08,Project Manager,Scalo,projectManager,Senior,Warszawa,True,b2b,23520.0,25200.0,2026-07-09
JFXTZNEA-2026-08-08,JFXTZNEA,2026-08-08,SAP Enterprise Architect,Convista Poland,erp,Senior,Wrocław,False,permanent,20000.0,30000.0,2026-07-09
GIUE4ITD-2026-08-08,GIUE4ITD,2026-08-08,SAP Solution Architect,Convista Poland,erp,Senior,Wrocław,False,permanent,20000.0,30000.0,2026-07-09
14T8TRNA-2026-08-08,14T8TRNA,2026-08-08,Senior Microsoft 365 Infrastructure/Platform Engineer (#5496),N-iX,architecture,Senior,Wrocław,True,b2b,24260.0,26126.0,2026-07-09
LWTBATZE-2026-08-08,LWTBATZE,2026-08-08,Business Development Manager – Agentic AI (Kraków / Wadowice),Blue Language Labs Inc.,sales,Senior,Kraków,False,b2b,20000.0,20000.0,2026-07-09
PVM5RDLK-2026-08-08,PVM5RDLK,2026-08-08,Tester,ITFS Sp. z o.o.,testing,Mid,Warszawa,False,b2b,10080.0,13440.0,2026-07-09
LDDL7FCF-2026-08-08,LDDL7FCF,2026-08-08,Młodszy specjalista ds. transportu międzynarodowego (k/m),"Quick Service Logistics Polska sp. z o.o., sp.k",logistics,Junior,Warszawa,False,permanent,9000.0,9000.0,2026-07-09
9SQUUMJH-2026-08-08,9SQUUMJH,2026-08-08,One Identity Manager Solution Architect ,ITFS Sp. z o.o.,architecture,Mid,,True,b2b,50400.0,58800.0,2026-07-09
EAEWHA7E-2026-08-08,EAEWHA7E,2026-08-08,NLP / Machine Learning Engineer (Financial Text AI),Hiretop,artificialIntelligence,Senior,,False,permanent,39999.0,39999.0,2026-07-09
DQ0HXV2X-2026-08-08,DQ0HXV2X,2026-08-08,Senior Software Engineer – AI Coding Benchmarks,Mindrift,artificialIntelligence,Senior,Warszawa,True,uod,25032.0,25032.0,2026-07-09
XEC8SH2F-2026-08-08,XEC8SH2F,2026-08-08,Analityk  Systemowy  (sektor bankowy),Upvanta,businessAnalyst,Mid,Wrocław,False,b2b,18900.0,23100.0,2026-07-09
S6H2JYBX-2026-08-08,S6H2JYBX,2026-08-08,Full Stack Engineer (Python / React),Focal Systems,fullstack,Senior,,True,b2b,33000.0,45000.0,2026-07-09
GLVVA4KC-2026-08-08,GLVVA4KC,2026-08-08, Senior IT Cost and Contracts Manager,HSBC Technology Poland,finance,Senior,Kraków,False,permanent,19175.0,25000.0,2026-06-25
5DSN94BB-2026-08-08,5DSN94BB,2026-08-08,Senior JAVA Software Engineer,Sportradar,backend,Senior,Warszawa,False,permanent,21000.0,26000.0,2026-07-09
Y9RYYIYJ-2026-08-08,Y9RYYIYJ,2026-08-08,Mid-Level Java Engineer ,Sportradar,backend,Mid,Warszawa,False,permanent,14000.0,18500.0,2026-07-09
PQ3MLXHY-2026-08-08,PQ3MLXHY,2026-08-08, Senior Konsultant SAP CO/IM/RE-FX,ITFS Sp. z o.o.,other,Senior,Warszawa,True,b2b,26880.0,30240.0,2026-07-09
QY958USG-2026-08-08,QY958USG,2026-08-08,Senior Software Engineer - Backend (Store Rollout & Observability),Tesco Technology,backend,Senior,Kraków,False,permanent,26000.0,33000.0,2026-07-09
4TKGVZXK-2026-08-08,4TKGVZXK,2026-08-08,Senior Fullstack Engineer,Scalo,fullstack,Senior,Wrocław,True,b2b,25200.0,26880.0,2026-07-09
CQYDR2V7-2026-08-08,CQYDR2V7,2026-08-08,Senior Fullstact Developer (Java + React),Scalo,fullstack,Senior,Warszawa,False,b2b,20160.0,21840.0,2026-07-25
O2FLSFCG-2026-08-08,O2FLSFCG,2026-08-08,Produkcja prefabrykatów betonowych Holandia,EAST GATE Recruitment,mechanics,Mid,,False,b2b,8688.0,8688.0,2026-07-25
KYXQ30IX-2026-08-08,KYXQ30IX,2026-08-08,Business Development Representative – Software Services (remote) ,Milo Solutions OÜ,sales,Expert,,True,b2b,12000.0,15000.0,2026-07-25
JWOMMKB9-2026-08-08,JWOMMKB9,2026-08-08,Monter kadłubów Spawacz Holandia,EAST GATE Recruitment,mechanics,Mid,,False,b2b,10080.0,10080.0,2026-07-25
HSBQ2U0I-2026-08-08,HSBQ2U0I,2026-08-08,Java Developer,Scalo,backend,Senior,Warszawa,False,b2b,18480.0,20160.0,2026-07-08
BGKNSBRZ-2026-08-08,BGKNSBRZ,2026-08-08,Operator wózka widłowego Magazynier Niemcy,EAST GATE Recruitment,mechanics,Mid,,False,b2b,11182.0,11182.0,2026-07-25
VEPMFKNY-2026-08-08,VEPMFKNY,2026-08-08,Business Analyst,Scalo,data,Senior,Warszawa,False,b2b,23520.0,25200.0,2026-07-25
QRQAGZDS-2026-08-08,QRQAGZDS,2026-08-08,Operator CNC Holandia,EAST GATE Recruitment,automation,Mid,,False,b2b,10322.0,10322.0,2026-07-25
CEANZ47J-2026-08-08,CEANZ47J,2026-08-08,Monter fasad i elewacji Szwajcaria,EAST GATE Recruitment,mechanics,Mid,,False,permanent,23856.0,23856.0,2026-07-25
5A1F18I4-2026-08-08,5A1F18I4,2026-08-08,Operator maszyn CNC Programista CNC Niemcy,EAST GATE Recruitment,mechanics,Mid,,False,b2b,10752.0,12903.0,2026-07-25
WNVCR9QA-2026-08-08,WNVCR9QA,2026-08-08,Operator robotów spawalniczych Niemcy,EAST GATE Recruitment,mechanics,Mid,,False,b2b,10107.0,10107.0,2026-07-25
OULXQ90R-2026-08-08,OULXQ90R,2026-08-08,Spawacz Niemcy,EAST GATE Recruitment,mechanics,Mid,,False,b2b,12042.0,12903.0,2026-07-25
PYVQERZ4-2026-08-08,PYVQERZ4,2026-08-08,DevOps Engineer,Scalo,devops,Senior,Warszawa,False,b2b,23520.0,25200.0,2026-07-08
OJKTX5ZU-2026-08-08,OJKTX5ZU,2026-08-08,Frontend Developer (Angular),Scalo,frontend,Senior,Warszawa,False,b2b,24360.0,26040.0,2026-07-25
EZBAWP0H-2026-08-08,EZBAWP0H,2026-08-08,Programista Operator maszyn CNC Finlandia,EAST GATE Recruitment,mechanics,Mid,,False,permanent,10752.0,12936.0,2026-07-25
MTR4YWI3-2026-08-08,MTR4YWI3,2026-08-08,Hydraulik Islandia,EAST GATE Recruitment,mechanics,Mid,,False,permanent,12264.0,12264.0,2026-07-25
D1KJ4SRX-2026-08-08,D1KJ4SRX,2026-08-08,Mechanik maszyn przemysłowych CNC Szwajcaria,EAST GATE Recruitment,mechanics,Mid,,False,permanent,23184.0,30912.0,2026-07-25
UOFTEQB7-2026-08-08,UOFTEQB7,2026-08-08,Mechanik Maszyn rolniczych Niemcy,EAST GATE Recruitment,mechanics,Mid,,False,permanent,9240.0,9240.0,2026-07-25
HVY4XX8Z-2026-08-08,HVY4XX8Z,2026-08-08,Monter konstrukcji stalowych Niemcy,EAST GATE Recruitment,mechanics,Mid,,False,permanent,10416.0,10416.0,2026-07-25
YO4OUMIZ-2026-08-08,YO4OUMIZ,2026-08-08,Operator Lasera CNC Finlandia,EAST GATE Recruitment,electronics,Mid,,False,permanent,10752.0,10752.0,2026-07-25
JJZKOXIF-2026-08-08,JJZKOXIF,2026-08-08,Mechanik Samochodowy Belgia,EAST GATE Recruitment,mechanics,Mid,,False,permanent,13944.0,13944.0,2026-07-25
KDY6TTDN-2026-08-08,KDY6TTDN,2026-08-08,Blacharz Lakiernik Samochodowy Niemcy,EAST GATE Recruitment,mechanics,Mid,,False,permanent,9240.0,9240.0,2026-07-25
9IIWGPG0-2026-08-08,9IIWGPG0,2026-08-08,Monter fasad Islandia,EAST GATE Recruitment,mechanics,Mid,,False,permanent,9744.0,9744.0,2026-07-25
XX72Q6XY-2026-08-08,XX72Q6XY,2026-08-08,Hydraulik Monter instalacji sanitarnych Niemcy,EAST GATE Recruitment,mechanics,Mid,,False,permanent,12600.0,12600.0,2026-07-25
DZC0GI1O-2026-08-08,DZC0GI1O,2026-08-08,Mechanik Samochodowy Niemcy,EAST GATE Recruitment,mechanics,Mid,,False,permanent,10416.0,12264.0,2026-07-25
A5LHNG7S-2026-08-08,A5LHNG7S,2026-08-08,Absolwent - kierunki techniczne (K/M),Audit HR,logistics,Mid,Słubice,False,permanent,7000.0,9000.0,2026-07-25
F2JRPGAI-2026-08-08,F2JRPGAI,2026-08-08,Project Manager,Scalo,projectManager,Mid,Warszawa,False,b2b,25200.0,26880.0,2026-07-25
PPA4Z37Q-2026-08-08,PPA4Z37Q,2026-08-08,Elektryk przemysłowy Belgia,EAST GATE Recruitment,electricalEng,Mid,,False,permanent,13272.0,13272.0,2026-07-25
UZQVGYHD-2026-08-08,UZQVGYHD,2026-08-08,Windows Engineer,Scalo,sysAdministrator,Mid,Warszawa,False,b2b,24360.0,26040.0,2026-07-08
AASEPOZX-2026-08-08,AASEPOZX,2026-08-08,Handlowiec B2B / sprzedaż usług transportowych,ASENA Group,sales,Mid,Białystok,True,permanent,5000.0,10000.0,2026-07-25
GR4WYPZN-2026-08-08,GR4WYPZN,2026-08-08,Pracownik Produkcji operator maszyn Niemcy,EAST GATE Recruitment,mechanics,Mid,,False,permanent,9072.0,9072.0,2026-07-25
U7NHM1D9-2026-08-08,U7NHM1D9,2026-08-08,Business Development Representative – Software Services (remote) ,Milo Solutions OÜ,sales,Mid,,True,b2b,8000.0,11000.0,2026-07-25
TKFPQN5X-2026-08-08,TKFPQN5X,2026-08-08,Pracownik utrzymania ruchu,EAST GATE Recruitment,mechanics,Mid,,False,permanent,15483.0,19784.0,2026-07-25
VGYF2T8Y-2026-08-08,VGYF2T8Y,2026-08-08,Mechanik Maszyn budowlanych Niemcy,EAST GATE Recruitment,mechanics,Mid,,False,permanent,9240.0,9240.0,2026-07-25
4FVCVQYC-2026-08-08,4FVCVQYC,2026-08-08,Elektryk Szwajcaria,EAST GATE Recruitment,electricalEng,Mid,,False,permanent,24696.0,28560.0,2026-07-25
KVTOP7ST-2026-08-08,KVTOP7ST,2026-08-08,Mechanik ciężarówek Holandia,EAST GATE Recruitment,mechanics,Mid,,False,b2b,10752.0,10752.0,2026-07-25
7Z9ADF6M-2026-08-08,7Z9ADF6M,2026-08-08,ServiceNow Technical Consultant,ITFS Sp. z o.o.,other,Mid,,True,b2b,21840.0,26880.0,2026-07-25
IYTUXHQI-2026-08-08,IYTUXHQI,2026-08-08,Frontend Developer (Angular),Scalo,frontend,Mid,Wrocław,True,b2b,18480.0,20160.0,2026-07-25
WKJEKMK8-2026-08-08,WKJEKMK8,2026-08-08,Mechanik Technik utrzymania ruchu Belgia,EAST GATE Recruitment,mechanics,Mid,,False,permanent,12936.0,15792.0,2026-07-25
AOPERVOE-2026-08-08,AOPERVOE,2026-08-08,QA Lead (C#),Scalo,testing,Senior,Warszawa,True,b2b,22680.0,24360.0,2026-07-25
KTB55GVG-2026-08-08,KTB55GVG,2026-08-08,Monter konstrukcji - kadłubów Norwegia,EAST GATE Recruitment,mechanics,Mid,,False,permanent,17304.0,17304.0,2026-07-25
BOX1FNQT-2026-08-08,BOX1FNQT,2026-08-08,Analityk Systemowy,Scalo,businessAnalyst,Mid,Warszawa,False,b2b,16800.0,18480.0,2026-07-25
ZTHIUQ2J-2026-08-08,ZTHIUQ2J,2026-08-08,Project Manager,Scalo,projectManager,Senior,Wrocław,False,b2b,18480.0,20160.0,2026-07-25
UFPWMBIV-2026-08-08,UFPWMBIV,2026-08-08,Mechanik samochodowy Holandia,EAST GATE Recruitment,mechanics,Mid,,False,b2b,10752.0,10752.0,2026-07-25
TB2MIXEC-2026-08-08,TB2MIXEC,2026-08-08,Senior Frontend Developer (Angular),Scalo,frontend,Senior,Wrocław,False,b2b,20160.0,21840.0,2026-07-25
IBKQ66JC-2026-08-08,IBKQ66JC,2026-08-08,Specjalista ds. obsługi klienta (K/M),Audit HR,customerService,Mid,Zbąszynek,False,permanent,8000.0,9200.0,2026-07-25
21GRKFFZ-2026-08-08,21GRKFFZ,2026-08-08,Elektryk Niemcy,EAST GATE Recruitment,electricalEng,Mid,,False,permanent,12600.0,13608.0,2026-07-25
FDXUOE9B-2026-08-08,FDXUOE9B,2026-08-08,"Senior / Lead DevOps Engineer - Warsaw, Poland (hybrid)",Cantor Fitzgerald,devops,Expert,Warszawa,False,permanent,25000.0,40000.0,2026-07-25
Y16IOM3R-2026-08-08,Y16IOM3R,2026-08-08,Specjalista ds. obsługi klienta (K/M),Audit HR,customerService,Mid,Gorzów Wielkopolski,False,permanent,8000.0,8000.0,2026-07-25
12RZS4ME-2026-08-08,12RZS4ME,2026-08-08,Operator Maszyn pracownik produkcji Belgia,EAST GATE Recruitment,automation,Mid,,False,permanent,11088.0,11088.0,2026-07-25
2CFZISYE-2026-08-08,2CFZISYE,2026-08-08,Magazynier komisjoner Niemcy,EAST GATE Recruitment,logistics,Mid,,False,b2b,9462.0,9462.0,2026-07-25
5CHCSKE2-2026-08-08,5CHCSKE2,2026-08-08,Junior PHP Developer,CONTELIZER,backend,Junior,,True,b2b,6000.0,7000.0,2026-07-27
YIWTJZOR-2026-08-08,YIWTJZOR,2026-08-08,Software Engineer,HSBC Technology Poland,backend,Mid,Kraków,False,permanent,16567.0,24841.0,2026-06-22
AZJBD8PQ-2026-08-08,AZJBD8PQ,2026-08-08,Infrastructure engineer,XIAG,sysAdministrator,Senior,Warszawa,False,b2b,17000.0,23000.0,2026-07-10
IA7NULEA-2026-08-08,IA7NULEA,2026-08-08,Junior Front-end Developer [VUE],adRespect,frontend,Junior,Szczecin,True,b2b,4500.0,5500.0,2026-07-10
KRN7H4GQ-2026-08-08,KRN7H4GQ,2026-08-08,Architekt IT (k/m),Centrum Informatyki Statystycznej,businessAnalyst,Mid,Warszawa,False,permanent,9000.0,12000.0,2026-07-24
Y6BZA8IC-2026-08-08,Y6BZA8IC,2026-08-08,Backend Developer (C#),Centrum Informatyki Statystycznej,backend,Mid,Warszawa,False,permanent,7000.0,11000.0,2026-07-24
QK5DT84S-2026-08-08,QK5DT84S,2026-08-08,QA / Test Engineer,Merit,testing,Senior,,True,b2b,18000.0,24000.0,2026-07-24
W2HYG9SO-2026-08-08,W2HYG9SO,2026-08-08,Senior Software Engineer / AI Generalist,Merit,backend,Senior,,True,b2b,31000.0,31000.0,2026-07-24
CS79PFPZ-2026-08-08,CS79PFPZ,2026-08-08,Senior Site Reliability Engineer SRE,RecruTec,devops,Expert,,True,b2b,25089.0,32257.0,2026-07-24
PSNTEHYY-2026-08-08,PSNTEHYY,2026-08-08,Administrator/ka IT,IMA POLSKA SPÓŁKA AKCYJNA,sysAdministrator,Mid,Murowana Goślina,False,permanent,9900.0,13900.0,2026-07-24
2XIINRDL-2026-08-08,2XIINRDL,2026-08-08,Senior Product Engineer (TypeScript),Playbook,frontend,Senior,,True,b2b,25000.0,35000.0,2026-07-24
J2F0X4ZC-2026-08-08,J2F0X4ZC,2026-08-08,Senior Fullstack Developer (C++ / AWS / Python) — Spatial Data / LiDAR,Insighto sp. z o.o.,fullstack,Senior,Kraków,True,b2b,15000.0,22000.0,2026-07-23
MEGIDPKO-2026-08-08,MEGIDPKO,2026-08-08,Junior Product Owner,MasterBorn,productManagement,Junior,Wrocław,True,b2b,6000.0,9000.0,2026-07-23
4IPBQ0KJ-2026-08-08,4IPBQ0KJ,2026-08-08,Intern Product Owner (Paid Internship),MasterBorn,productManagement,Trainee,Wrocław,True,zlecenie,4300.0,4300.0,2026-07-23
ABRKBEXS-2026-08-08,ABRKBEXS,2026-08-08,Senior Platform Engineer (DevOps / Platform)  (he/she/they) ,Lite e-Commerce,devops,Senior,Warszawa,True,b2b,23000.0,27000.0,2026-07-23
XRGOYNM6-2026-08-08,XRGOYNM6,2026-08-08,Full-Stack Engineer,Navigance GmbH,fullstack,Senior,,True,b2b,24822.0,28434.0,2026-07-23
TM1TDJXA-2026-08-08,TM1TDJXA,2026-08-08,Back-end developer (TypeScript / node.js / nest.js),epaka.pl S.A.,backend,Mid,Łuków,True,b2b,13000.0,18000.0,2026-07-22
PVYANBX4-2026-08-08,PVYANBX4,2026-08-08,PHP Developer Mid Level,Ergonode PIM,backend,Mid,Kraków,True,b2b,13000.0,16000.0,2026-07-20
OHOFYSBS-2026-08-08,OHOFYSBS,2026-08-08, International Onboarding Orchestrator (with Mandarin),HSBC Technology Poland,customerService,Mid,Kraków,False,permanent,12425.0,16000.0,2026-07-06
14JRZEAF-2026-08-08,14JRZEAF,2026-08-08,Project Coordinator (German AND / Italian OR French),Martin Engineering Hungary Kft.,projectManager,Mid,,True,permanent,12915.0,12915.0,2026-08-07
EBOWG2BC-2026-08-08,EBOWG2BC,2026-08-08,Technical Support Engineer (German),Martin Engineering Hungary Kft.,support,Mid,,True,permanent,9392.0,9392.0,2026-08-07
ICFBXXUV-2026-08-08,ICFBXXUV,2026-08-08,Java fejlesztő (AI),Technosource,backend,Senior,,True,permanent,18785.0,29352.0,2026-07-17
I0DAEGLW-2026-08-08,I0DAEGLW,2026-08-08,Technical Support munkatárs (Junior/ Medior),SalesAutopilot Kft.,support,Junior,,True,permanent,7631.0,8218.0,2026-07-24
OTYEUFO4-2026-08-08,OTYEUFO4,2026-08-08,Social Media Manager,Ludivion,marketing,Mid,,True,b2b,7044.0,10566.0,2026-08-04
XYOS3DER-2026-08-08,XYOS3DER,2026-08-08,Medior UX/UI Web Designer,TRAVLRD,ux,Mid,,True,permanent,8805.0,10566.0,2026-07-23
TMWATMS4-2026-08-08,TMWATMS4,2026-08-08,Online Platform Tesztelő,Petondevel Kft.,officeAdministration,Mid,,True,uod,1772.0,1772.0,2026-08-05
K4M2XPVM-2026-08-08,K4M2XPVM,2026-08-08,Business Transformation Lead,Fox HR Consulting Kft.,productManagement,Expert,,True,permanent,23482.0,35223.0,2026-07-30
B2RTG41Z-2026-08-08,B2RTG41Z,2026-08-08,Full-stack PHP fejlesztő (remote),Trustindex Kft,fullstack,Mid,,True,permanent,12358.0,21186.0,2026-07-24
YTD5BIZC-2026-08-08,YTD5BIZC,2026-08-08,Backend Engineer,Linro GmbH,backend,Mid,,True,permanent,16437.0,26123.0,2026-07-27
C4FCM64Y-2026-08-08,C4FCM64Y,2026-08-08,Software Engineer – Mobile Applications (React Native) ,Boschung Mecatronic SA,mobile,Senior,,True,permanent,16437.0,19959.0,2026-07-15
5DJETWEL-2026-08-08,5DJETWEL,2026-08-08,Backend Software Engineer,Boschung Mecatronic SA,backend,Mid,,True,permanent,17611.0,23482.0,2026-07-23
JC9EGHJ4-2026-08-08,JC9EGHJ4,2026-08-08,Senior Data Engineer,NIX Tech Kft.,data,Senior,,False,permanent,10566.0,21133.0,2026-08-05
AKANQQUY-2026-08-08,AKANQQUY,2026-08-08,Spanish & Portuguese Speaking Technical Customer Support Anslyst,Fox HR Consulting Kft.,customerService,Junior,,False,permanent,8394.0,9627.0,2026-07-21
ZPOUYZMW-2026-08-08,ZPOUYZMW,2026-08-08,French Speaking Technical Customer Support Anslyst,Fox HR Consulting Kft.,customerService,Junior,,False,permanent,8218.0,9510.0,2026-07-21
6ISNKO53-2026-08-08,6ISNKO53,2026-08-08,Italian Speaking technical customer support analyst,Fox HR Consulting Kft.,customerService,Junior,,False,permanent,9040.0,9921.0,2026-07-21
ODYSI3UX-2026-08-08,ODYSI3UX,2026-08-08,"Software Engineer - QuantumBlack, AI by McKinsey",McKinsey & Company,fullstack,Mid,,False,permanent,15053.0,27956.0,2026-07-21
W1W3EHPH-2026-08-08,W1W3EHPH,2026-08-08,SAP ABAP (Senior Developer / Technical Lead),Hays Hungary,backend,Senior,,False,permanent,11741.0,23482.0,2026-08-04
H0YC4Z1X-2026-08-08,H0YC4Z1X,2026-08-08,Operációs koordinátor,Fox HR Consulting Kft.,customerService,Mid,,False,permanent,8218.0,9392.0,2026-07-27
LK75XRE3-2026-08-08,LK75XRE3,2026-08-08,Senior PHP Application Engineer,Fox HR Consulting Kft.,backend,Senior,,False,permanent,21133.0,27004.0,2026-07-27
D0MUEAMN-2026-08-08,D0MUEAMN,2026-08-08,Senior Manager of Product Design (Canvas),Instructure Hungary Ltd,ux,Senior,,False,permanent,21133.0,28178.0,2026-07-17
H7EPFZ61-2026-08-08,H7EPFZ61,2026-08-08,Computer Vision Scientist,Fox HR Consulting Kft.,artificialIntelligence,Senior,,False,permanent,21133.0,30526.0,2026-07-27
IQAPGVMF-2026-08-08,IQAPGVMF,2026-08-08,Head of Marketing,TechGenius Recruitment Kft.,marketing,Expert,,False,permanent,17611.0,24656.0,2026-08-06
A0ESB1O7-2026-08-08,A0ESB1O7,2026-08-08,Senior Developer MS Platform,Deutsche Telekom TSI Hungary Kft.,backend,Senior,,False,permanent,11741.0,23482.0,2026-08-07
DQXCT1RO-2026-08-08,DQXCT1RO,2026-08-08,Service Portfolio Manager ,Fox HR Consulting Kft.,officeAdministration,Senior,,False,permanent,11741.0,12915.0,2026-08-07
SNH4WNIQ-2026-08-08,SNH4WNIQ,2026-08-08,Software Architect,Siemens Mobility Kft.,architecture,Mid,,False,permanent,16437.0,23482.0,2026-07-31
8WR5NK3V-2026-08-08,8WR5NK3V,2026-08-08,Senior AI Engineer,Fizetési Pont,artificialIntelligence,Senior,,False,permanent,23482.0,30526.0,2026-08-06
PEZUYVBK-2026-08-08,PEZUYVBK,2026-08-08,Banki Anti-Fraud Terület Vezető,IT Natives Zrt.,finance,Senior,,False,b2b,36981.0,44373.0,2026-08-06
XY33I7G3-2026-08-08,XY33I7G3,2026-08-08,Junior FinOPS munkatárs,BKK Zrt.,data,Junior,,False,permanent,8570.0,9979.0,2026-08-02
BTZCAIMJ-2026-08-08,BTZCAIMJ,2026-08-08,Senior Security Operations Engineer,delaware Consulting Hungary Kft.,security,Senior,,False,permanent,18785.0,23482.0,2026-08-02
PCBZR0KT-2026-08-08,PCBZR0KT,2026-08-08,Microsoft Customer Insights Consultant / Developer ,Deutsche Telekom TSI Hungary Kft.,data,Mid,,False,permanent,11741.0,23482.0,2026-08-01
KF6AANCQ-2026-08-08,KF6AANCQ,2026-08-08,Database Administrator,Deutsche Telekom IT Solutions Hungary,data,Senior,,False,permanent,6105.0,11153.0,2026-08-01
HJHSBW1P-2026-08-08,HJHSBW1P,2026-08-08,Management Accountant,Hays Hungary,finance,Mid,,False,permanent,10566.0,15263.0,2026-08-07
EQBG9WAU-2026-08-08,EQBG9WAU,2026-08-08,Senior Frontend (Angular) Developer,E-Group ICT Software Zrt.,frontend,Senior,,False,permanent,17611.0,22307.0,2026-08-02
U6K6OHYJ-2026-08-08,U6K6OHYJ,2026-08-08,Senior Test Automation Engineer,Fox HR Consulting Kft.,testing,Senior,,False,permanent,18785.0,25830.0,2026-08-07
TCMANW98-2026-08-08,TCMANW98,2026-08-08,Developer M365 ,Deutsche Telekom TSI Hungary Kft.,fullstack,Senior,,False,permanent,11741.0,23482.0,2026-08-07
FPYCHWOS-2026-08-08,FPYCHWOS,2026-08-08,Recruitment & Marketing Intern ,TechGenius Recruitment Kft.,hr,Trainee,,False,permanent,3864.0,3864.0,2026-08-06
GJNIAQKP-2026-08-08,GJNIAQKP,2026-08-08,Cloud DevOps,Deutsche Telekom IT Solutions Hungary,devops,Mid,,False,permanent,16907.0,25712.0,2026-08-04
PNTQEWDR-2026-08-08,PNTQEWDR,2026-08-08,Termékmenedzser,Fox HR Consulting Kft.,consulting,Senior,,False,permanent,11741.0,12915.0,2026-08-01
UZPQKZ5B-2026-08-08,UZPQKZ5B,2026-08-08,IT Project Manager - AI Solutions ,Fizetési Pont,projectManager,Mid,,False,permanent,21133.0,27004.0,2026-08-06
POM0BDBH-2026-08-08,POM0BDBH,2026-08-08,Manual QA Engineer – Generative AI Products,Peak,testing,Mid,,False,zlecenie,11741.0,14089.0,2026-07-26
OYMAQLOY-2026-08-08,OYMAQLOY,2026-08-08,.NET Developer,E-Group ICT Software Zrt.,backend,Senior,,False,permanent,18785.0,23482.0,2026-08-04
1BHGMFPM-2026-08-08,1BHGMFPM,2026-08-08,Industrial AI Cloud - Platform Engineer,Deutsche Telekom IT Solutions Hungary,artificialIntelligence,Senior,,False,permanent,12915.0,25712.0,2026-07-20
A3OYKGJ1-2026-08-08,A3OYKGJ1,2026-08-08,Network Engineer senior (T-IPC),Deutsche Telekom IT Solutions Hungary,telecommunication,Senior,,False,permanent,11741.0,19959.0,2026-08-03
JHONKE9R-2026-08-08,JHONKE9R,2026-08-08,Cloud Engineer - T Cloud Public,Deutsche Telekom TSI Hungary Kft.,backend,Senior,,False,permanent,9510.0,17611.0,2026-07-14
F0GMQN14-2026-08-08,F0GMQN14,2026-08-08,Senior PHP Developer,TechGenius Recruitment Kft.,backend,Senior,,False,permanent,19959.0,25830.0,2026-07-24
TAZ98ROD-2026-08-08,TAZ98ROD,2026-08-08,Intelligence Senior Analyst - Assistant Vice President,Citi,security,Senior,,False,permanent,11947.0,20032.0,2026-07-31
Z1002QDW-2026-08-08,Z1002QDW,2026-08-08,Senior Intelligence Analyst – Assistant Vice President,Citi,security,Senior,,False,permanent,11947.0,20032.0,2026-07-31
JND7IDHQ-2026-08-08,JND7IDHQ,2026-08-08,Hebrew Speaking Financial Analyst,Fox HR Consulting Kft.,finance,Junior,,False,permanent,8923.0,9216.0,2026-07-22
JEUXLQDH-2026-08-08,JEUXLQDH,2026-08-08,Cloud Architect - T Cloud Public,Deutsche Telekom IT Solutions Hungary,architecture,Mid,,False,permanent,12915.0,25712.0,2026-07-14
HVL1M9F6-2026-08-08,HVL1M9F6,2026-08-08,Test Automation Engineer Tricentis SAP,Deutsche Telekom IT Solutions Hungary,testing,Mid,,False,permanent,8218.0,15263.0,2026-07-14
V34JVBI4-2026-08-08,V34JVBI4,2026-08-08,Quality Engineer - Functional Test and Migration Test - German Speaking,Deutsche Telekom IT Solutions Hungary,testing,Senior,,False,permanent,12328.0,22307.0,2026-07-14
ZSPBS6HK-2026-08-08,ZSPBS6HK,2026-08-08,Test Automation Engineer (Playwright / Selenium / Cypress) - German Speaking ,Deutsche Telekom IT Solutions Hungary,testing,Senior,,False,permanent,11741.0,22425.0,2026-07-14
7S5CCYUY-2026-08-08,7S5CCYUY,2026-08-08,Senior Statutory Accountant,Hays Hungary,finance,Senior,,False,permanent,10566.0,15263.0,2026-07-23
7JB9U6QV-2026-08-08,7JB9U6QV,2026-08-08,Consultant SAP SuccessFactors Integration,Deutsche Telekom IT Solutions Hungary,erp,Mid,,False,permanent,7749.0,14089.0,2026-07-25
PK4Y5PUK-2026-08-08,PK4Y5PUK,2026-08-08,DevOps Engineer - Cloud Identity & Access Management Engineer,Deutsche Telekom IT Solutions Hungary,devops,Senior,,False,permanent,12915.0,25712.0,2026-07-19
DGPBXFTO-2026-08-08,DGPBXFTO,2026-08-08,DevOps Engineer - ILTIS,Siemens Mobility Kft.,devops,Senior,,False,permanent,14089.0,19959.0,2026-07-31
20ASMQ4B-2026-08-08,20ASMQ4B,2026-08-08,DevOps Engineer - Atlassian Service Management Tools,Deutsche Telekom IT Solutions Hungary,devops,Senior,,False,permanent,12915.0,25712.0,2026-07-19
06BYZXDV-2026-08-08,06BYZXDV,2026-08-08,Senior Developer,Deutsche Telekom IT Solutions Hungary,backend,Senior,,False,permanent,11741.0,23482.0,2026-07-25
ESKQ7ZSS-2026-08-08,ESKQ7ZSS,2026-08-08,System Architect– RS ASD,Siemens Mobility Kft.,architecture,Mid,,False,permanent,16437.0,22307.0,2026-07-31
SEBA0HCJ-2026-08-08,SEBA0HCJ,2026-08-08,Software Architect - English & German Speaking,Deutsche Telekom IT Solutions Hungary,architecture,Senior,,False,permanent,14911.0,25830.0,2026-07-19
1WRNJTAG-2026-08-08,1WRNJTAG,2026-08-08,Expert Developer,Deutsche Telekom IT Solutions Hungary,backend,Expert,,False,permanent,15263.0,25830.0,2026-07-25
XQ7IVXVS-2026-08-08,XQ7IVXVS,2026-08-08,Node.JS Developer,Hays Hungary,backend,Mid,,False,permanent,16437.0,22307.0,2026-07-23
VFPNHABG-2026-08-08,VFPNHABG,2026-08-08,C++ Software Engineer – SIMIS BaseSystem@EU Platform,Siemens Mobility Kft.,backend,Mid,,False,permanent,12915.0,18785.0,2026-07-31
WA5JJJLY-2026-08-08,WA5JJJLY,2026-08-08,Senior DevOps Engineer,Deutsche Telekom IT Solutions Hungary,devops,Senior,,False,permanent,12915.0,25712.0,2026-07-25
22SNHBF7-2026-08-08,22SNHBF7,2026-08-08,Senior Test Automation Engineer,TechGenius Recruitment Kft.,testing,Senior,,False,permanent,17024.0,21720.0,2026-07-23
MWCT0WDV-2026-08-08,MWCT0WDV,2026-08-08,Business Assistance,Deutsche Telekom IT Solutions Hungary,officeAdministration,Mid,,False,permanent,6457.0,8805.0,2026-07-31
6G6QDGYG-2026-08-08,6G6QDGYG,2026-08-08,Intelligence Senior Analyst - Assistant Vice President,Citi,security,Senior,,False,permanent,11947.0,20032.0,2026-07-13
F3EGHAPA-2026-08-08,F3EGHAPA,2026-08-08,Marketing & Communication Manager,myPlan.cloud,marketing,Mid,,False,permanent,8218.0,10566.0,2026-08-04
KP4DXXQA-2026-08-08,KP4DXXQA,2026-08-08,Fullstack fejlesztő (Mid),myPlan.cloud,fullstack,Mid,,False,permanent,11741.0,15850.0,2026-08-04
1RN5NGDX-2026-08-08,1RN5NGDX,2026-08-08,Java developer,Shiwaforce.com,backend,Mid,,False,permanent,16437.0,21133.0,2026-08-04
3OYQNSSX-2026-08-08,3OYQNSSX,2026-08-08,Manufacturing Process Engineer,Ework Group,electricalEng,Mid,,False,b2b,39648.0,42504.0,2026-07-13
ZQSWH4IT-2026-08-08,ZQSWH4IT,2026-08-08,Senior AI Engineer (Evaluations - Canvas Agent),Instructure Hungary Ltd,artificialIntelligence,Senior,,False,permanent,17611.0,25830.0,2026-07-15
N3ZTRUNG-2026-08-08,N3ZTRUNG,2026-08-08,Dutch-Speaking Technical Customer Support Anslyst,Fox HR Consulting Kft.,customerService,Junior,,False,permanent,9157.0,9627.0,2026-07-22
V6MDN4OL-2026-08-08,V6MDN4OL,2026-08-08,Content Marketing Specialist (Junior-Medior),Stylers Kft.,marketing,Mid,,False,b2b,6216.0,8736.0,2026-07-23
GFJDWGD3-2026-08-08,GFJDWGD3,2026-08-08,Vámügyintéző (senior),Menton Jobs Kft.,logistics,Senior,,False,permanent,7631.0,9392.0,2026-07-30
FKDP8G4C-2026-08-08,FKDP8G4C,2026-08-08,Hálózati és kiberbiztonsági architekt / Network Security Architect,DevConsult Zrt,security,Senior,,False,permanent,17611.0,19959.0,2026-07-24
OWMCCUPI-2026-08-08,OWMCCUPI,2026-08-08,Lead .NET Engineer,Barion Payment Zrt.,fullstack,Expert,,False,permanent,23482.0,27004.0,2026-07-30
PE2QEHJM-2026-08-08,PE2QEHJM,2026-08-08,Senior Architect Backend - T Cloud Public,Deutsche Telekom IT Solutions Hungary,architecture,Senior,,False,permanent,14911.0,27004.0,2026-07-30
BDTMYITE-2026-08-08,BDTMYITE,2026-08-08,Senior IT Recruiter - Fixed Term 6 month,TOPdesk Magyarország Kft.,hr,Senior,,False,zlecenie,12915.0,15850.0,2026-07-22
BVRUVH67-2026-08-08,BVRUVH67,2026-08-08,Cloud Engineer - T Cloud Public,Deutsche Telekom IT Solutions Hungary,devops,Mid,,False,permanent,9510.0,18785.0,2026-07-30
4H78A3GT-2026-08-08,4H78A3GT,2026-08-08,Software Engineer,Polygence,frontend,Mid,,False,permanent,17611.0,23482.0,2026-07-30
GMTLWK3H-2026-08-08,GMTLWK3H,2026-08-08,German speaking Project Manager,Deutsche Telekom IT Solutions Hungary,projectManager,Mid,,False,permanent,11741.0,14089.0,2026-07-24
SNQZWVRB-2026-08-08,SNQZWVRB,2026-08-08,Atlassian Consultant,Shiwaforce.com,consulting,Mid,,False,permanent,12915.0,17611.0,2026-07-30
8X99MEUO-2026-08-08,8X99MEUO,2026-08-08,German and English Speaking Portfolio Manager,Deutsche Telekom IT Solutions Hungary,projectManager,Senior,,False,permanent,13619.0,20546.0,2026-07-11
IPJDVMOB-2026-08-08,IPJDVMOB,2026-08-08,Azure Active Directory Engineer,Citi,sysAdministrator,Senior,,False,permanent,16787.0,28146.0,2026-07-30
QYZATBAT-2026-08-08,QYZATBAT,2026-08-08,Ügyfélkapcsolati referens,Fox HR Consulting Kft.,customerService,Mid,,False,permanent,7044.0,7044.0,2026-07-29
RNDTAAZC-2026-08-08,RNDTAAZC,2026-08-08,Senior SAP ABAP Developer,PANTHEON Hungary Kft.,backend,Senior,,False,permanent,14089.0,19959.0,2026-07-29
JYJHCY7I-2026-08-08,JYJHCY7I,2026-08-08,Szervizkoordinátor,Fox HR Consulting Kft.,officeAdministration,Mid,,False,permanent,8218.0,9392.0,2026-07-23
PXDQHMUE-2026-08-08,PXDQHMUE,2026-08-08,Principal AI Engineer – LLM & NLP,Fox HR Consulting Kft.,artificialIntelligence,Senior,,False,permanent,21133.0,28178.0,2026-07-23
HHBM8FWD-2026-08-08,HHBM8FWD,2026-08-08,Backend Engineer – Voyager Team @ Bridge,Get Bridge,backend,Mid,,False,permanent,17611.0,22307.0,2026-07-23
N8NXDP05-2026-08-08,N8NXDP05,2026-08-08,Expert Software Test Engineer (Test Automation),Deutsche Telekom TSI Hungary Kft.,testing,Expert,,False,permanent,9510.0,19020.0,2026-07-16
YIAF7RJP-2026-08-08,YIAF7RJP,2026-08-08,Senior Project Manager - German Speaking,Deutsche Telekom IT Solutions Hungary,projectManager,Senior,,False,permanent,13619.0,19959.0,2026-07-28
SGCH2WUC-2026-08-08,SGCH2WUC,2026-08-08,Quality Architect Last & Performance Test,Deutsche Telekom TSI Hungary Kft.,testing,Senior,,False,permanent,14911.0,27004.0,2026-07-16
CSUVUUZH-2026-08-08,CSUVUUZH,2026-08-08,Legal Specialist,Hays Hungary,law,Mid,,False,permanent,14089.0,16437.0,2026-07-28
DIJR39V5-2026-08-08,DIJR39V5,2026-08-08,French speaking Financial Accountant,Fox HR Consulting Kft.,finance,Junior,,False,permanent,7983.0,9745.0,2026-07-22
EKQFLZEG-2026-08-08,EKQFLZEG,2026-08-08,German Speaking Service Analyst,Fox HR Consulting Kft.,customerService,Junior,,False,permanent,8923.0,10097.0,2026-07-22
XB6JPXXO-2026-08-08,XB6JPXXO,2026-08-08,Marketing Manager,Fox HR Consulting Kft.,marketing,Mid,,False,permanent,12328.0,14089.0,2026-07-22
Z5MC96YB-2026-08-08,Z5MC96YB,2026-08-08,Digitalizációs szakember,Shiwaforce.com,consulting,Senior,,False,permanent,12915.0,21133.0,2026-07-28
FDOC0B1Z-2026-08-08,FDOC0B1Z,2026-08-08,"Senior Backend Engineer (Ruby, Kotlin) – Voyager Team @Bridge",Get Bridge,backend,Senior,,False,permanent,19959.0,24656.0,2026-07-22
EAD3LE5I-2026-08-08,EAD3LE5I,2026-08-08,IT Project Scheduler - Debrecen,delaware Consulting Hungary Kft.,officeAdministration,Junior,,False,permanent,7044.0,8218.0,2026-07-28
KNYZ3UBD-2026-08-08,KNYZ3UBD,2026-08-08,Teszt manager/ Senior manuális tesztelő/ Bank szektor,Beyond Bank Consultants Kft.,testing,Senior,,False,b2b,19719.0,27111.0,2026-07-31
WUO3WOFX-2026-08-08,WUO3WOFX,2026-08-08,DevOps Engineer experienced (T-IPC/CMC),Deutsche Telekom IT Solutions Hungary,devops,Mid,,False,permanent,11741.0,14089.0,2026-07-22
TN55EEI0-2026-08-08,TN55EEI0,2026-08-08,Network Engineer experienced (T-IPC/INA),Deutsche Telekom IT Solutions Hungary,sysAdministrator,Mid,,False,permanent,11741.0,14089.0,2026-07-22
WBKJ0JPP-2026-08-08,WBKJ0JPP,2026-08-08,Network engineer experienced (T-IPC),Deutsche Telekom IT Solutions Hungary,sysAdministrator,Mid,,False,permanent,11741.0,14089.0,2026-07-22
CJWMVSTH-2026-08-08,CJWMVSTH,2026-08-08,"Solution Architect - német nyelvtudással, hálózati megoldások: MPLS, SD-WAN",Deutsche Telekom IT Solutions Hungary,architecture,Mid,,False,permanent,14911.0,27004.0,2026-07-15
HC2PDKNI-2026-08-08,HC2PDKNI,2026-08-08,Junior Google Cloud Architect,Deutsche Telekom TSI Hungary Kft.,architecture,Junior,,False,permanent,9745.0,17611.0,2026-07-15
JSTMCMXQ-2026-08-08,JSTMCMXQ,2026-08-08,Cloud Engineer,Deutsche Telekom IT Solutions Hungary,sysAdministrator,Senior,,False,permanent,10566.0,18785.0,2026-07-21
SV2VFPNF-2026-08-08,SV2VFPNF,2026-08-08,"Solution Architect - német nyelvtudással, UCC / Voice megoldások",Deutsche Telekom IT Solutions Hungary,architecture,Mid,,False,permanent,14911.0,27004.0,2026-07-15
EUGF0FKX-2026-08-08,EUGF0FKX,2026-08-08,DevOps Engineer,Deutsche Telekom TSI Hungary Kft.,devops,Senior,,False,permanent,16437.0,22307.0,2026-07-21
LHPOO9KC-2026-08-08,LHPOO9KC,2026-08-08,Pénzügyi és kereskedelmi asszisztens ,Socurity IT Kft,officeAdministration,Mid,,False,permanent,7044.0,10566.0,2026-07-27
B9RIAGSY-2026-08-08,B9RIAGSY,2026-08-08,Senior Full Stack Developer (Angular / Java),MindFly Technologies Kft.,fullstack,Senior,,False,b2b,25536.0,33432.0,2026-07-09
POZWN4FG-2026-08-08,POZWN4FG,2026-08-08,Senior .NET Engineer,Barion Payment Zrt.,fullstack,Senior,,False,permanent,17611.0,21133.0,2026-07-09
VAOFDKWZ-2026-08-08,VAOFDKWZ,2026-08-08,"Full Stack Engineer (.Net, Angular)",Fox HR Consulting Kft.,fullstack,Senior,,False,permanent,19959.0,25830.0,2026-07-09
YY0QCGBL-2026-08-08,YY0QCGBL,2026-08-08,Test Automation Engineer,Deutsche Telekom IT Solutions Hungary,testing,Mid,,False,permanent,8218.0,15263.0,2026-07-08
PA0XYZOS-2026-08-08,PA0XYZOS,2026-08-08,Senior Full Stack Fejlesztő (Fejlesztési vezetői karrierúttal),FoxPost Kft.,fullstack,Senior,,False,permanent,19959.0,23482.0,2026-07-29
3QFJLNZS-2026-08-08,3QFJLNZS,2026-08-08,Senior Full Stack Fejlesztő,FoxPost Kft.,fullstack,Senior,,False,permanent,17611.0,21133.0,2026-07-29
CNTLF3SX-2026-08-08,CNTLF3SX,2026-08-08,Digital Learning Manager – T Cloud Public,Deutsche Telekom IT Solutions Hungary,projectManager,Senior,,False,permanent,7749.0,14089.0,2026-07-08
4BGBEPBZ-2026-08-08,4BGBEPBZ,2026-08-08,Senior Full Stack Developer (.Net&Angular),TechGenius Recruitment Kft.,fullstack,Senior,,False,permanent,23482.0,25830.0,2026-07-25
7YHTVAGV-2026-08-08,7YHTVAGV,2026-08-08,CX Technology & AI Lead,Instructure Hungary Ltd,artificialIntelligence,Expert,,False,permanent,14089.0,21133.0,2026-07-09
HSEPIOOF-2026-08-08,HSEPIOOF,2026-08-08,OKR Roll-Out Manager,Hays Hungary,consulting,Expert,,False,permanent,23482.0,29352.0,2026-07-13
PGO3JCU5-2026-08-08,PGO3JCU5,2026-08-08,Senior Kibervédelmi mérnök,Socurity IT Kft,other,Senior,,False,permanent,14089.0,21133.0,2026-07-25
WA2UTD0B-2026-08-08,WA2UTD0B,2026-08-08,Belső Ellenőr,BKK Budapesti Közlekedési Központ Zrt.,law,Mid,,False,permanent,8218.0,11623.0,2026-07-25
400VLVTG-2026-08-08,400VLVTG,2026-08-08,Software Developer / IT Consultant (m/f/d),TNG Technology Consulting GmbH Magyarországi Fióktelep,fullstack,Senior,,False,permanent,12719.0,18589.0,2026-07-22
